season,week,celebrity_name,judge_score_total,vote_share_hat,Z_Judge,Z_Fan,Composite_Score,Is_Eliminated,Is_Bottom2
29,1,AJ McLean,18.0,0.07395937,0.21442250696755935,0.7020537173069732,0.4582381121372663,0,0
29,2,AJ McLean,19.0,0.07458077,0.3730019232961258,0.6061379882291745,0.48956995576265017,0,0
29,3,AJ McLean,21.0,0.08011549,0.2707339233939956,0.5836656017898232,0.4271997625919094,0,0
29,4,AJ McLean,24.0,0.08604673,0.4076871241636058,0.5701290130887499,0.48890806862617786,0,0
29,5,AJ McLean,24.0,0.09068877,0.027512727580439485,0.4710705483985881,0.2492916379895138,0,0
29,6,AJ McLean,27.0,0.10054739,0.8859764474561831,0.5452631150981697,0.7156197812771764,0,0
29,7,AJ McLean,26.0,0.10916772,0.0,0.5370768023532079,0.26853840117660394,0,0
29,8,AJ McLean,27.0,0.13706295,-0.37836988356339707,0.5773598326263798,0.09949497453149136,0,0
29,9,AJ McLean,24.9998,0.081123866,-1.0256723821803082,-2.258193905317108,-1.641933143748708,0,1
9,1,Aaron Carter,31.9999,0.0665028,1.2435319211626288,0.46285311560862874,0.8531925183856288,0,0
9,2,Aaron Carter,27.0,0.07971988,1.9427283774081996,0.9306514921244918,1.4366899347663458,0,0
9,3,Aaron Carter,21.0,0.083746515,0.2981767567952604,0.7442107725316913,0.5211937646634759,0,0
9,4,Aaron Carter,18.0,0.09935888,-0.8728715609439696,0.7499668781013822,-0.06145234142129369,0,0
9,5,Aaron Carter,24.0,0.10804804,-0.08046626711787273,0.7356836472069033,0.32760869004451526,0,0
9,6,Aaron Carter,32.9998,0.1224844,0.8045149205545523,0.8539513854709766,0.8292331530127645,0,0
9,7,Aaron Carter,26.5,0.15446915,0.6968739820248332,0.6719083672412434,0.6843911746330382,0,0
9,8,Aaron Carter,25.0,0.17091154,-0.6346630624175338,-1.5539040708305019,-1.0942835666240178,1,1
6,1,Adam Carolla,15.0,0.07119654,-1.358635495988127,-1.4798655862776953,-1.4192505411329113,1,1
6,2,Adam Carolla,19.0,0.07843298,-0.5741014008103684,-0.39047992027655953,-0.482290660543464,0,0
6,3,Adam Carolla,21.0,0.09348839,-0.6880237084407949,-0.6541054698675002,-0.6710645891541476,0,1
6,4,Adam Carolla,19.0,0.07960112,-1.7888543819998317,-2.593275384858896,-2.191064883429364,1,1
26,1,Adam Rippon,24.0,0.10294976,1.2026755886059097,0.4675871227077808,0.8351313556568453,0,0
26,2,Adam Rippon,37.0,0.13833793,1.3170110093616316,1.0815636056938234,1.1992873075277275,0,0
26,3,Adam Rippon,41.0,0.18806851,1.416180239306782,0.9995891105243307,1.2078846749155563,0,0
26,4,Adam Rippon,29.0,0.29922748,1.0,-1.1011528584466403,-0.050576429223320174,0,1
32,1,Adrian Peterson,18.0,0.07639436,0.42823542583175445,0.3243556818837653,0.37629555385775987,0,0
32,2,Adrian Peterson,15.0,0.082080014,-0.9036791441564663,0.32701471721715825,-0.28833221346965404,0,0
32,3,Adrian Peterson,22.0,0.085950896,-1.0095229522296474,0.14567058560644003,-0.4319261833116037,0,1
32,4,Adrian Peterson,21.0,0.03691227,-0.2795894086082409,-2.9435125004923006,-1.6115509545502706,0,1
10,1,Aiden Turner,15.0,0.09433314,-1.1846977555181846,0.33353954391352647,-0.42557910580232905,0,0
10,2,Aiden Turner,19.0,0.09545135,-0.22360679774997896,0.4861844734825331,0.13128883786627704,0,0
10,3,Aiden Turner,20.0,0.108473904,-0.07890487954095626,0.6711981284133639,0.2961466244362038,0,0
10,4,Aiden Turner,16.5,0.09119145,-1.1220818398596757,-1.7772500555599142,-1.449665947709795,0,1
5,1,Albert Reed,21.0,0.07351877,-0.1418449445479997,-0.8726810276110413,-0.5072629860795205,0,0
5,2,Albert Reed,21.0,0.06300477,-0.18802535827258882,-2.3642926709581267,-1.2761590146153576,0,1
21,1,Alek Skarlatos,22.0,0.058161363,0.6188222706555677,-2.2731817211301566,-0.8271797252372944,0,1
21,2,Alek Skarlatos,22.5,0.06589785,0.5595380708016264,-1.1197659263628676,-0.2801139277806206,0,0
21,3,Alek Skarlatos,33.0,0.090662666,0.5073825686188038,-0.7793050207968575,-0.13596122608902683,0,0
21,4,Alek Skarlatos,24.0,0.08917756,0.09720503535124982,-0.8576885700037524,-0.3802417673262513,0,0
21,5,Alek Skarlatos,29.0,0.098627925,-0.8839913921757274,-1.0307707528778691,-0.9573810725267983,1,1
21,6,Alek Skarlatos,30.0,0.096241765,-0.8082335533562615,-0.8767238365776606,-0.842478694966961,0,1
21,7,Alek Skarlatos,26.5,0.110068075,-1.4230249470757705,-0.9496277862562824,-1.1863263666660264,1,1
21,8,Alek Skarlatos,25.0,0.13479292,-0.9270644609622698,-0.5109392382110856,-0.7190018495866777,0,1
21,9,Alek Skarlatos,25.5,0.1727618,-0.845268395353621,0.30169985155082846,-0.27178427190139626,0,0
21,10,Alek Skarlatos,28.5,0.23878995,-0.5,-0.6429429596940233,-0.5714714798470116,1,1
21,11,Alek Skarlatos,27.9999,0.27161393,-1.4999999999999991,0.747913170288439,-0.3760434148557801,1,1
21,1,Alexa PenaVega,22.0,0.08025045,0.6188222706555677,0.40314706135040823,0.510984666002988,0,0
21,2,Alexa PenaVega,23.0,0.08310635,0.7248561371748341,0.627998798457228,0.676427467816031,0,0
21,3,Alexa PenaVega,36.0,0.11015494,1.1162416509613684,0.847543130364474,0.9818923906629212,0,0
21,4,Alexa PenaVega,21.0,0.1116841,-0.6318327297831264,0.9259751130486652,0.14707119163276938,0,0
21,5,Alexa PenaVega,40.0,0.12126064,1.3038873034591987,0.8380752206817723,1.0709812620704855,0,0
21,6,Alexa PenaVega,30.0,0.12472703,-0.8082335533562615,0.8028193877042998,-0.002707082825980811,0,0
21,7,Alexa PenaVega,27.5,0.13395241,-0.15811388300841897,0.5693466790344937,0.20561639801303733,0,0
21,8,Alexa PenaVega,26.9998,0.15518193,-0.2440110717380614,0.7808837154153828,0.26843632183866073,0,0
21,9,Alexa PenaVega,30.0,0.12685801,1.139274793737488,-1.9704674800374524,-0.4155963431499822,0,1
16,1,Alexandra Raisman,21.0,0.08348922,0.6524867449207971,0.023532877579032555,0.3380098112499148,0,0
16,2,Alexandra Raisman,24.0,0.08189726,0.9973807251555492,-0.25392332364021847,0.3717287007576654,0,0
16,3,Alexandra Raisman,23.0,0.09130873,0.43342946766740453,0.04760541016489267,0.2405174389161486,0,0
16,4,Alexandra Raisman,27.0,0.102782056,1.3911742714910083,0.29247399981838645,0.8418241356546974,0,0
16,5,Alexandra Raisman,25.0,0.11185118,0.4523674291626514,0.07044092923699849,0.26140417919982495,0,0
16,6,Alexandra Raisman,26.0,0.1252812,1.0169026055089587,0.02514802922587078,0.5210253173674148,0,0
16,7,Alexandra Raisman,32.0,0.14381206,1.15278083540847,0.07429258054056027,0.6135367079745152,0,0
16,8,Alexandra Raisman,28.0,0.16536929,0.7006347824187033,-0.07607636295571764,0.3122792097314928,0,0
16,9,Alexandra Raisman,29.5,0.20176147,0.756889262661457,0.06407529656882052,0.4104822796151387,0,0
16,10,Alexandra Raisman,29.0,0.2015385,-0.2610785049940771,-1.3591200797204668,-0.810099292357272,0,1
27,1,Alexis Ren,22.0,0.07048974,0.9318831418112961,-0.6853806239653566,0.12325125892296973,0,0
27,2,Alexis Ren,24.5,0.07733024,0.6520235571009885,-0.7027658754744331,-0.025371159186722336,0,0
27,3,Alexis Ren,26.0,0.08605573,0.39943940293731567,-0.5237792509111443,-0.062169923986914316,0,0
27,4,Alexis Ren,25.0,0.096304916,0.4603461791425698,-0.4184514216040696,0.020947378769250097,0,0
27,5,Alexis Ren,29.0,0.10288616,1.12830389516714,-0.8678797413636279,0.13021207690175607,0,0
27,6,Alexis Ren,27.0,0.111506484,0.39475793880862636,0.03133997224106782,0.2130489555248471,0,0
27,7,Alexis Ren,27.5,0.12400665,0.16887927227743008,-0.057002352632758886,0.0559384598223356,0,0
27,8,Alexis Ren,29.0,0.17489289,0.6634034720037778,0.34048221933919137,0.5019428456714846,0,0
27,9,Alexis Ren,28.5,0.23205994,-0.26111648393354675,-0.683885142286218,-0.47250081310988234,0,1
19,1,Alfonso Ribeiro,36.0,0.08956578,1.5831944579037347,1.4873228845696138,1.5352586712366743,0,0
19,2,Alfonso Ribeiro,32.0,0.09791809,0.5859993624893945,1.3972091058204463,0.9916042341549205,0,0
19,3,Alfonso Ribeiro,32.0,0.09840355,-0.02018164498735403,0.7683253573945555,0.3740718562036007,0,0
19,4,Alfonso Ribeiro,40.0,0.1068497,1.3810448103562463,0.5673513277815506,0.9741980690688985,0,0
19,5,Alfonso Ribeiro,34.0,0.12568562,0.8093026382225121,1.1916811926472965,1.0004919154349043,0,0
19,6,Alfonso Ribeiro,39.0,0.12202096,1.752153917127182,0.9269554179289516,1.3395546675280667,0,0
19,7,Alfonso Ribeiro,34.0,0.14179012,0.5262847935201791,1.2986986721807254,0.9124917328504523,0,0
19,8,Alfonso Ribeiro,41.0,0.15948085,0.8189230248533254,0.8543818104648824,0.8366524176591039,0,0
19,9,Alfonso Ribeiro,38.5,0.18286891,0.7554436462672943,0.8212143351271056,0.7883289906972,0,0
19,10,Alfonso Ribeiro,37.5,0.22317801,0.31622776601683794,0.7110117296849646,0.5136197478509013,0,0
19,11,Alfonso Ribeiro,40.0,0.2859398,1.1001087929846924,0.7522224637968145,0.9261656283907534,0,0
34,1,Alix Earle,13.0,0.06772097,0.614785519303403,-0.9475566832708604,-0.16638558198372871,0,0
34,2,Alix Earle,21.0,0.076652296,0.4935176987399285,0.2645930502441345,0.3790553744920315,0,0
34,3,Alix Earle,23.0,0.08580025,0.7508276712644513,0.1455985827913023,0.4482131270278768,0,0
34,4,Alix Earle,24.0,0.09414144,0.7391266142833403,0.17552330142319755,0.4573249578532689,0,0
34,5,Alix Earle,35.0,0.10001755,1.0128647922734524,0.0010757330017604832,0.5069702626376065,0,0
34,6,Alix Earle,35.0,0.1047901,0.2401922307076307,0.25936702384812027,0.2497796272778755,0,0
34,7,Alix Earle,43.0,0.114316955,1.2851660015934334,0.1909726875132299,0.7380693445533316,0,0
34,8,Alix Earle,38.5,0.1321469,0.4810574554357929,0.31704635997360064,0.3990519077046968,0,0
34,9,Alix Earle,40.0,0.15308975,0.30037570459305574,0.5026992270075934,0.40153746580032457,0,0
34,10,Alix Earle,29.0,0.16665968,0.4879500364742649,-0.00021249733739218813,0.24386876956843634,0,0
34,11,Alix Earle,30.0,0.15168191,1.2278812270298427,-1.5648219924715265,-0.16847038272084192,0,0
28,1,Ally Brooke,16.0,0.09218736,-0.14037373854025734,0.7652102978878927,0.3124182796738177,0,0
28,2,Ally Brooke,20.0,0.09369961,0.5383167712755744,0.6820664870469687,0.6101916291612716,0,0
28,3,Ally Brooke,24.0,0.10791235,1.0101032042769134,1.3500895192732119,1.1800963617750626,0,0
28,4,Ally Brooke,32.0,0.11395664,0.8279148736281307,0.7431279477546858,0.7855214106914082,0,0
28,5,Ally Brooke,27.0,0.12558594,1.2099802839640401,0.9120526013965796,1.06101644268031,0,0
28,6,Ally Brooke,25.0,0.12448408,-0.17213259316477347,0.6138537225314934,0.22086056468335996,0,0
28,7,Ally Brooke,27.0,0.1361139,0.8453303101943839,0.4965059215253442,0.670918115859864,0,0
28,8,Ally Brooke,30.0,0.1546246,0.5530443950427797,0.45852193714616,0.5057831660944698,0,0
28,9,Ally Brooke,40.0,0.18175928,1.0301050714042814,0.5023795218539441,0.7662422966291127,0,0
28,10,Ally Brooke,29.5,0.21897249,1.2977713690461004,0.5362515565061703,0.9170114627761353,0,0
28,11,Ally Brooke,30.0,0.2775247,1.161895003862225,0.7600509992663134,0.9609730015642692,0,0
32,1,Alyson Hannigan,13.0,0.077049516,-0.9992159936074271,0.3671491738967766,-0.31603340985532524,0,0
32,2,Alyson Hannigan,19.0,0.08208895,0.18914214645135377,0.32758137197807635,0.25836175921471505,0,0
32,3,Alyson Hannigan,24.0,0.08825923,-0.5988695479328419,0.2741323950843759,-0.16236857642423297,0,0
32,4,Alyson Hannigan,18.0,0.0966518,-1.3047505735051261,0.31305063282804596,-0.49584997033854006,1,1
32,5,Alyson Hannigan,21.0,0.10902944,-0.9486832980505138,0.4869541964145975,-0.23086455081795815,0,0
32,6,Alyson Hannigan,31.0,0.12084921,-1.0257739826491357,0.45711442134002234,-0.28432978065455666,0,0
32,7,Alyson Hannigan,35.0,0.1319084,-0.1272937693043289,0.3017878778332059,0.08724705426443849,0,0
32,8,Alyson Hannigan,36.0,0.15252034,-0.030132877638387186,0.37709988979838766,0.17348350608000024,0,0
32,9,Alyson Hannigan,32.0,0.17467748,-0.9596548145654793,0.2576336553630983,-0.35101057960119053,0,1
32,10,Alyson Hannigan,25.5,0.21087995,-1.697056274847714,0.36551154844635875,-0.6657723632006777,1,1
32,11,Alyson Hannigan,26.5,0.20533422,-1.762965109414108,0.16135571059100104,-0.8008046994115534,1,1
30,1,Amanda Kloots,28.0,0.06544546,0.9348734883963492,-0.12766217373447414,0.40360565733093756,0,0
30,2,Amanda Kloots,32.0,0.06875038,1.5254139310829058,0.14850585815551814,0.8369598946192119,0,0
30,3,Amanda Kloots,24.0,0.07144541,1.3723069351415376,0.0011001510866335976,0.6867035431140855,0,0
30,4,Amanda Kloots,34.0,0.08245796,0.6311022169437575,0.2492043501833397,0.44015328356354855,0,0
30,5,Amanda Kloots,39.0,0.09174418,1.1846977555181846,0.04792244983023283,0.6163101026742087,0,0
30,6,Amanda Kloots,38.0,0.10819123,0.6076436202502005,0.42468180983175535,0.5161627150409779,0,0
30,7,Amanda Kloots,34.0,0.11842401,-0.7378647873726225,0.35802375318323704,-0.18992051709469274,0,0
30,8,Amanda Kloots,42.0,0.13453253,0.908030412909849,0.3812724905168041,0.6446514517133266,0,0
30,9,Amanda Kloots,39.5,0.19616424,1.0143527811495627,0.8089478613450364,0.9116503212472995,0,0
30,10,Amanda Kloots,39.0,0.2668456,-0.26111648393354675,0.40733175631153595,0.0731076361889946,0,0
17,1,Amber Riley,27.0,0.087139934,1.607654454641437,0.6314803798955235,1.1195674172684802,0,0
17,2,Amber Riley,24.0,0.0876809,0.6030432838410457,0.6060875896861397,0.6045654367635926,0,0
17,3,Amber Riley,24.0,0.09468356,0.21588259179641212,0.4057240555407068,0.31080332366855945,0,0
17,4,Amber Riley,27.0,0.10665261,1.1061625132040853,0.6996384114760336,0.9029004623400594,0,0
17,5,Amber Riley,26.0,0.11816876,-0.056545928645331194,0.7282292817264574,0.3358416765405631,0,0
17,6,Amber Riley,31.9999,0.13386476,1.096318668568522,0.9065523519200173,1.0014355102442696,0,0
17,7,Amber Riley,29.5,0.13638406,1.1473505296660065,0.9011558368451477,1.024253183255577,0,0
17,8,Amber Riley,28.0,0.15530054,0.2485479064004807,0.8549465171811907,0.5517472117908357,0,0
17,9,Amber Riley,25.5,0.18126374,-0.26558033692369165,0.8976037784928053,0.3160117207845568,0,0
17,10,Amber Riley,39.5,0.2114593,1.181757895737503,0.5312994722895801,0.8565286840135415,0,0
17,11,Amber Riley,31.3332,0.2730867,1.0884060245346805,0.7123243098134848,0.9003651671740827,0,0
23,1,Amber Rose,24.0,0.06779488,-0.4288754446617079,-1.045985560759827,-0.7374305027107675,0,1
23,2,Amber Rose,24.0,0.06926421,-1.0030345907667269,-0.9084593517840542,-0.9557469712753905,0,0
23,3,Amber Rose,25.0,0.0777328,-0.6878181895109965,-0.546265868596074,-0.6170420290535352,0,1
23,4,Amber Rose,24.0,0.08646381,0.08449530993633635,-0.4349405772303537,-0.17522263364700866,0,0
23,5,Amber Rose,24.0,0.098330714,-0.8592029767051028,-1.509190783051586,-1.1841968798783444,1,1
23,6,Amber Rose,28.0,0.08231194,-1.3743073867991307,-2.142696580825074,-1.7585019838121023,1,1
18,1,Amy Purdy,24.0,0.08128526,0.6624631405998731,-0.3540629106048778,0.15420011499749764,0,0
18,2,Amy Purdy,24.0,0.08916312,0.6141792448878414,-0.21498384724295108,0.19959769882244516,0,0
18,3,Amy Purdy,36.0,0.11368976,0.49463279279730243,0.2621894126764418,0.3784111027368721,0,0
18,4,Amy Purdy,34.0,0.11323568,0.3333333333333333,0.21752425859185381,0.27542879596259356,0,0
18,5,Amy Purdy,37.0,0.11274129,0.353644736258302,0.18805715920665828,0.27085094773248014,0,0
18,6,Amy Purdy,38.0,0.1273372,0.9595062135875118,0.15859402765156763,0.5590501206195397,0,0
18,7,Amy Purdy,37.5,0.1461764,0.703061051785442,0.23861872919290664,0.4708398904891743,0,0
18,8,Amy Purdy,40.0,0.17141396,1.1866111313364194,0.35253779043200906,0.7695744608842142,0,0
18,9,Amy Purdy,39.0,0.20621896,0.5393598899705918,0.31626793692431365,0.42781391344745273,0,0
18,10,Amy Purdy,29.666600000000003,0.2603405,0.5476969981780425,0.4918768457642277,0.5197869219711351,0,0
16,1,Andy Dick,17.0,0.07115709,-0.7092247227399959,-1.8381792041573333,-1.2737019634486646,0,1
16,2,Andy Dick,20.0,0.07400216,-0.09067097501414048,-1.6499186496447822,-0.8702948123294614,0,1
16,3,Andy Dick,18.0,0.08400052,-0.8909089204632604,-0.8229620492073548,-0.8569354848353077,0,0
16,4,Andy Dick,21.0,0.09409549,-0.42340086523639325,-0.6207335416778657,-0.5220672034571294,0,0
16,5,Andy Dick,18.0,0.10449494,-1.3288293231652877,-0.6297349143093277,-0.9792821187373077,0,1
16,6,Andy Dick,21.5,0.118919075,-0.8604560508152728,-0.5438337603362582,-0.7021449055757655,0,1
16,7,Andy Dick,17.0,0.11548919,-1.8732688575387633,-2.1292077222958308,-2.001238289917297,1,1
21,1,Andy Grammer,21.0,0.08640054,0.395358672918835,1.1482961425164107,0.7718274077176228,0,0
21,2,Andy Grammer,22.0,0.08875049,0.3942200044284187,1.2012404403171288,0.7977302223727738,0,0
21,3,Andy Grammer,29.0,0.10775899,-0.3044295411712823,0.6475743207850989,0.1715723898069083,0,0
21,4,Andy Grammer,23.0,0.109754585,-0.1458075530268756,0.7730593014043665,0.31362587418874543,0,0
21,5,Andy Grammer,36.0,0.12446935,0.5082950505010437,1.1030272939889547,0.8056611722449992,0,0
21,6,Andy Grammer,40.0,0.12409359,0.8834180699475414,0.7654706089588972,0.8244443394532193,0,0
21,7,Andy Grammer,28.0,0.13925228,0.4743416490252569,0.9064030467064698,0.6903723478658633,0,0
21,8,Andy Grammer,23.9998,0.112734534,-1.268693623829583,-1.908531831218435,-1.588612727524009,1,1
34,1,Andy Richter,9.0,0.06733784,-1.2978805407516272,-1.045473738282807,-1.1716771395172172,1,1
34,2,Andy Richter,16.0,0.07658343,-1.6656222332472597,0.2611048369497177,-0.702258698148771,0,0
34,3,Andy Richter,18.0,0.08616873,-1.6202070800969754,0.16734648329416363,-0.7264302984014059,0,1
34,4,Andy Richter,18.0,0.09144889,-2.309770669635441,0.02931207736270671,-1.1402292961363671,1,1
34,5,Andy Richter,24.0,0.10157035,-1.9983548604314065,0.09623885071003568,-0.9510580048606854,1,1
34,6,Andy Richter,27.0,0.10451741,-1.681345614953415,0.24460183548747788,-0.7183718897329685,1,1
34,7,Andy Richter,29.0,0.11692271,-1.659032474784249,0.346197548756917,-0.6564174630136661,1,1
34,8,Andy Richter,34.0,0.12961134,-2.1832607592855218,0.20456541459942892,-0.9893476723430464,1,1
34,9,Andy Richter,29.0,0.09741398,-2.01251722077347,-2.23249600462553,-2.1225066126995,1,1
33,1,Anna Delvey,18.0,0.033445537,-0.42640143271122083,-3.2804576112911943,-1.8534295220012076,0,1
33,2,Anna Delvey,17.0,0.020406734,-1.0296332130584873,-2.4421138752388356,-1.7358735441486615,1,1
29,1,Anne Heche,18.0,0.069473736,0.21442250696755935,0.27023085543564757,0.24232668120160344,0,0
29,2,Anne Heche,18.0,0.07057721,-0.09325048082403105,0.29950699383081025,0.10312825650338961,0,0
29,3,Anne Heche,15.0,0.07609132,-1.4786237354595173,0.31328564832312444,-0.5826690435681965,0,1
29,4,Anne Heche,21.0,0.024496164,-1.0377490433255412,-3.2761128887770354,-2.1569309660512883,1,1
22,1,Antonio Brown,21.0,0.08497341,0.378062683865246,0.24032758034070276,0.3091951321029744,0,0
22,2,Antonio Brown,19.0,0.08590604,-0.21210793255115404,0.263010640455602,0.02545135395222399,0,0
22,3,Antonio Brown,20.0,0.09347652,-0.7476591451270229,0.31667777661361773,-0.2154906842567026,0,0
22,4,Antonio Brown,35.0,0.105098315,0.7377700143570015,0.4866075491187082,0.6121887817378548,0,0
22,5,Antonio Brown,26.0,0.11802261,-1.319932658214889,0.6687950299057687,-0.3255688141545601,1,1
22,6,Antonio Brown,27.0,0.115954496,0.729158322159641,0.3856635908797373,0.5574109565196892,0,0
22,7,Antonio Brown,26.0,0.13330409,-0.7783117824941562,0.5683024062250348,-0.10500468813456071,0,0
22,8,Antonio Brown,27.0,0.1691993,-0.6011297132511361,0.13787826580031878,-0.23162572372540863,1,1
22,9,Antonio Brown,27.5,0.18522999,-1.1573827732089883,-0.5514570708032122,-0.8544199220061002,1,1
19,1,Antonio Sabato Jr.,25.0,0.084054925,-0.7751056200153705,0.8390109871353894,0.03195268356000941,0,0
19,2,Antonio Sabato Jr.,31.0,0.090642124,0.26636334658608823,0.7001769620141662,0.4832701543001272,0,0
19,3,Antonio Sabato Jr.,29.0,0.09515802,-0.686175929570018,0.4355967454537905,-0.12528959205811377,0,0
19,4,Antonio Sabato Jr.,29.0,0.104537256,-0.5178918038835923,0.375814526242771,-0.07103863882041067,0,0
19,5,Antonio Sabato Jr.,28.0,0.11569156,-0.23122932520643177,0.3745193199693662,0.07164499738146722,0,0
19,6,Antonio Sabato Jr.,28.0,0.11977154,-1.2385915621071466,0.7358334644795442,-0.2513790488138012,0,0
19,7,Antonio Sabato Jr.,29.5,0.10200112,-0.8771413225336318,-1.7789371816941173,-1.3280392521138746,0,1
4,1,Apolo Anton Ohno,21.0,0.091095656,0.6725875846772355,0.020435975855366394,0.3465117802663009,0,0
15,1,Apolo Anton Ohno,22.0,0.07796226,0.36611876242858676,0.11991719534074603,0.2430179788846664,0,0
4,2,Apolo Anton Ohno,26.0,0.09285137,1.3873219667848196,0.17339195576848007,0.7803569612766498,0,0
15,2,Apolo Anton Ohno,24.5,0.086094275,0.6866065623255952,0.3644923763687967,0.525549469347196,0,0
4,3,Apolo Anton Ohno,23.0,0.1011575,0.4663149841357555,0.09284872019786726,0.27958185216681136,0,0
15,3,Apolo Anton Ohno,25.5,0.09611134,0.16627913361720212,0.47747796738690473,0.32187855050205344,0,0
4,4,Apolo Anton Ohno,26.0,0.11222927,1.0516509510937098,0.0918385729669882,0.571744762030349,0,0
15,4,Apolo Anton Ohno,34.5,0.11303809,-0.3827968840460455,0.18122046196091743,-0.10078821104256404,0,0
4,5,Apolo Anton Ohno,30.0,0.12565836,1.377789927654344,0.04761203361276197,0.7127009806335529,0,0
15,5,Apolo Anton Ohno,28.25,0.1249705,0.4012195228030809,-0.0067161048049691665,0.19725170899905586,0,0
4,6,Apolo Anton Ohno,28.0,0.14556554,1.047569853232995,0.1500608410158454,0.5988153471244202,0,0
15,6,Apolo Anton Ohno,30.0,0.12748717,1.2601440246904174,0.23482912728589966,0.7474865759881586,0,0
4,7,Apolo Anton Ohno,27.0,0.16557354,0.2990208149653574,-0.06929761431750975,0.11486160032392381,0,0
15,7,Apolo Anton Ohno,33.0,0.14571205,-0.42975221688757703,0.3183366817785614,-0.05570776755450782,0,0
4,8,Apolo Anton Ohno,29.0,0.19235054,0.9850557995513068,-0.41949524478367894,0.28278027738381395,0,0
15,8,Apolo Anton Ohno,29.2777,0.15368764,0.5450776220827662,0.6789588364201807,0.6120182292514735,0,0
4,9,Apolo Anton Ohno,29.5,0.24961968,-0.26111648393354675,-0.01358560216023726,-0.137351043046892,0,1
15,9,Apolo Anton Ohno,28.611,0.173524,0.37452059917583674,-0.9646126675718636,-0.29504603419801345,0,1
4,10,Apolo Anton Ohno,29.3332,0.33575332,1.0911034786211868,0.07178176295972215,0.5814426207904545,0,0
32,1,Ariana Madix,21.0,0.073520124,1.2847062774952633,0.13661628041372093,0.7106612789544922,0,0
32,2,Ariana Madix,20.0,0.079531804,0.46234746910330876,0.1654261621230217,0.3138868156131652,0,0
32,3,Ariana Madix,34.0,0.08735899,1.4543974735511864,0.22403286037041478,0.8392151669608006,0,0
32,4,Ariana Madix,25.0,0.09409378,1.0872921445876063,0.17360605356376158,0.6304490990756839,0,0
32,5,Ariana Madix,24.0,0.10056529,0.0,0.030485668193940486,0.015242834096970243,0,0
32,6,Ariana Madix,41.0,0.1144965,1.1211948182444038,0.15891291544790898,0.6400538668461564,0,0
32,7,Ariana Madix,37.0,0.1312609,0.8910563851303022,0.27350238343949285,0.5822793842848974,0,0
32,8,Ariana Madix,42.0,0.14866342,1.2354479831738476,0.22658627739528173,0.7310171302845647,0,0
32,9,Ariana Madix,37.0,0.17333817,0.033091545329843625,0.21456049544134911,0.12382602038559637,0,0
32,10,Ariana Madix,29.0,0.14854775,0.282842712474619,-1.72853465577389,-0.7228459716496356,0,1
32,11,Ariana Madix,29.5,0.14421295,0.2712254014483232,-1.6875173270870516,-0.7081459628193643,0,1
26,1,Arike Ogunbowale,20.0,0.09931403,-0.4008918628686366,-0.10873681626634006,-0.25481433956748833,0,0
26,2,Arike Ogunbowale,35.0,0.11051376,0.5776364076147508,-1.1746801226700687,-0.298521857527659,0,0
9,1,Ashley Hamiliton,18.9999,0.051507857,-1.1966061882885675,-1.271046173959095,-1.2338261811238311,1,1
11,1,Audrina Patridge,19.0,0.080313265,0.02472890596659363,-0.3530665882043391,-0.16416884111887275,0,0
11,2,Audrina Patridge,23.0,0.08925388,0.8815059066904353,-0.18750729680290684,0.3469993049437642,0,0
11,3,Audrina Patridge,26.0,0.09882046,1.475232729342516,-0.12381089970193306,0.6757109148202914,0,0
11,4,Audrina Patridge,23.0,0.10935469,0.7036514198824481,-0.16478125953198325,0.26943508017523243,0,0
11,5,Audrina Patridge,23.0,0.12266203,0.08574929257125441,-0.2244589997758512,-0.0693548536022984,0,0
11,6,Audrina Patridge,31.9998,0.11118228,0.5731553804356385,-1.9728798433984551,-0.6998622314814082,0,1
23,1,Babyface,26.0,0.08562538,0.19061130873853746,0.9971824427671723,0.5938968757528549,0,0
23,2,Babyface,30.0,0.084844984,0.9528828612283907,0.9396610527249054,0.946271956976648,0,0
23,3,Babyface,25.0,0.08967692,-0.6878181895109965,0.6187426024321406,-0.03453779353942793,0,0
23,4,Babyface,18.0,0.073634766,-1.774401508663059,-1.6901749271661926,-1.7322882179146257,1,1
25,1,Barbara Corcoran,14.0,0.06076518,-1.7529474368238591,-2.7303674103324536,-2.2416574235781566,1,1
25,2,Barbara Corcoran,17.0,0.04988189,-1.825465920638958,-2.641768613522616,-2.233617267080787,1,1
34,1,Baron Davis,10.0,0.073768705,-0.8197140257378697,0.5980711733121808,-0.11082142621284441,0,0
34,2,Baron Davis,18.0,0.027293995,-0.8019662604523844,-2.2355126875368483,-1.5187394739946163,0,1
32,1,Barry Williams,16.0,0.077757284,-0.14274514194391816,0.41337917752196623,0.13531701778902405,0,0
32,2,Barry Williams,15.0,0.08405311,-0.9036791441564663,0.45213381325006696,-0.22577266545319968,0,0
32,3,Barry Williams,25.0,0.09059653,-0.393542845784439,0.40420620038845256,0.005331677302006788,0,0
32,4,Barry Williams,18.0,0.099723816,-1.3047505735051261,0.480514522325842,-0.41211802558964206,0,0
32,5,Barry Williams,24.0,0.11041945,0.0,0.56191692969697,0.280958464848485,0,0
32,6,Barry Williams,32.0,0.119922146,-0.8110771025597818,0.4135972639602005,-0.19873991929979065,0,0
32,7,Barry Williams,32.5,0.13512239,-1.4002314623476178,0.4421883351713533,-0.4790215635881322,0,0
32,8,Barry Williams,35.0,0.084956415,-0.241063021107093,-2.2595351505660695,-1.2502990858365812,0,1
8,1,Belinda Carlisle,17.0,0.086429216,-0.49410139817367,1.1976370721605816,0.3517678369934558,0,0
8,2,Belinda Carlisle,18.0,0.06266041,-0.6315580123521845,-2.0048686723325577,-1.318213342342371,0,1
19,1,Bethany Mota,32.0,0.06861364,0.7256307932058782,-0.9775435723971398,-0.12595638959563082,0,0
19,2,Bethany Mota,33.0,0.07489646,0.9056353783927008,-0.8082459654120171,0.048694706490341855,0,0
19,3,Bethany Mota,40.0,0.085905194,1.75580311389975,-0.5129940706869964,0.6214045216063768,0,0
19,4,Bethany Mota,33.0,0.09194763,0.17263060129453078,-0.666968216435299,-0.24716880757038412,0,0
19,5,Bethany Mota,32.0,0.09857637,0.46245865041286416,-1.0249000062742812,-0.28122067793070854,0,0
19,6,Bethany Mota,36.0,0.10105647,0.9364960591541833,-0.8542923178743055,0.04110187063993892,0,0
19,7,Bethany Mota,37.5,0.11901349,1.6178384393398098,-0.46304887408686984,0.5773947826264699,0,0
19,8,Bethany Mota,40.0,0.13573769,0.6719368409052926,-0.3659064464791462,0.1530151972130732,0,0
19,9,Bethany Mota,37.0,0.15860943,0.35550289236108,-0.4083829729858752,-0.026440040312397606,0,0
19,10,Bethany Mota,38.0,0.18337639,0.4743416490252569,-0.5099487122161729,-0.017803531595458,0,1
19,11,Bethany Mota,38.0,0.18262558,-1.299910389965295,-1.410150601437703,-1.3550304957014991,1,1
19,1,Betsey Johnson,20.0,0.071689434,-1.847060200887691,-0.6156988415419822,-1.2313795212148366,1,1
19,2,Betsey Johnson,28.0,0.08273248,-0.6925447011238307,-0.05756106398327358,-0.3750528825535521,0,0
19,3,Betsey Johnson,29.0,0.08521555,-0.686175929570018,-0.5836957098193654,-0.6349358196946917,0,0
19,4,Betsey Johnson,29.0,0.07474456,-0.5178918038835923,-2.091876670195787,-1.3048842370396896,0,1
17,1,Bill Engvall,18.0,0.07090596,-0.9456790909655507,-2.061588282702196,-1.5036336868338733,0,1
17,2,Bill Engvall,21.0,0.07594375,-0.383754816989757,-1.030170773267846,-0.7069627951288016,0,0
17,3,Bill Engvall,24.0,0.0824801,0.21588259179641212,-0.9060445689931059,-0.3450809885983469,0,0
17,4,Bill Engvall,21.0,0.09228626,-0.9050420562578875,-0.8112358078988134,-0.8581389320783505,0,1
17,5,Bill Engvall,24.0,0.10107251,-1.0743726442612964,-1.035813219931928,-1.0550929320966123,0,1
17,6,Bill Engvall,23.9999,0.10567748,-1.7102571229668913,-1.976011373425727,-1.843134248196309,1,1
17,7,Bill Engvall,25.0,0.11298166,-1.7012438888151131,-0.951364680868532,-1.3263042848418225,1,1
17,8,Bill Engvall,24.0,0.13447142,-1.4912874384028796,-0.5761576826243483,-1.033722560513614,1,1
17,9,Bill Engvall,21.0,0.15765263,-1.8590623584658417,-0.5542921424051748,-1.2066772504355083,1,1
17,10,Bill Engvall,30.0,0.209844,-1.3130643285972254,0.4564075690748651,-0.42832837976118016,1,1
17,11,Bill Engvall,25.4999,0.2047239,-1.2558252834270478,-1.3969623577166221,-1.3263938205718349,1,1
17,1,Bill Nye,14.0,0.07748219,-2.080494000124212,-0.970651526795416,-1.525572763459814,1,1
17,2,Bill Nye,17.0,0.07933647,-1.6994856180974938,-0.5571967997596904,-1.128341208928592,1,1
17,3,Bill Nye,16.0,0.06831233,-1.8949694168796216,-2.4289598869120743,-2.1619646518958477,1,1
18,1,Billy Dee Williams,15.0,0.08703384,-2.089306828045752,0.6397279117458472,-0.7247894581499524,1,1
18,2,Billy Dee Williams,15.0,0.09684503,-2.426008017306976,0.7309010980614833,-0.8475534596227463,1,1
4,1,Billy Ray Cyrus,13.0,0.10387297,-1.6949207133866326,1.42003187026506,-0.1374444215607863,0,0
4,2,Billy Ray Cyrus,21.0,0.1063182,-0.47371969597530456,1.3756087479344712,0.45094452597958334,0,0
4,3,Billy Ray Cyrus,21.0,0.114239626,-0.31087665609050413,1.1422198765559877,0.4156716102327418,0,0
4,4,Billy Ray Cyrus,21.0,0.12426541,-0.023901157979402406,1.0804176766547022,0.5282582593376499,0,0
4,5,Billy Ray Cyrus,17.0,0.1385943,-0.861118704783965,0.983128890425282,0.06100509282065847,0,0
4,6,Billy Ray Cyrus,21.0,0.15527962,-0.9266964086291871,0.6882758302117155,-0.11921028920873583,0,0
4,7,Billy Ray Cyrus,19.0,0.17752141,-1.6147124008129299,0.6881273366722329,-0.4632925320703485,1,1
4,8,Billy Ray Cyrus,19.0,0.17255566,-1.5407283018623015,-1.5050420906518964,-1.522885196257099,1,1
21,1,Bindi Irwin,24.0,0.07148881,1.0657494661290332,-0.6584191914210631,0.20366513735398506,0,0
21,2,Bindi Irwin,24.0,0.074521884,1.0554922699212494,-0.2438742210515883,0.4058090244348306,0,0
21,3,Bindi Irwin,32.0,0.091148555,0.3044295411712823,-0.7387521524491402,-0.21716130563892894,0,0
21,4,Bindi Irwin,28.0,0.09614623,1.0692553888637515,-0.3054151597782407,0.38192011454275543,0,0
21,5,Bindi Irwin,37.0,0.10286203,0.7071931137405825,-0.6811489739229923,0.013022069908795064,0,0
21,6,Bindi Irwin,40.0,0.108819366,0.8834180699475414,-0.13512552119347854,0.3741462743770314,0,0
21,7,Bindi Irwin,29.0,0.12034505,1.7392527130926085,-0.29604196921629916,0.7216053719381547,0,0
21,8,Bindi Irwin,28.0,0.13737671,0.0976180911292517,-0.34723343644088983,-0.12480767265581907,0,0
21,9,Bindi Irwin,30.0,0.16553174,1.139274793737488,-0.05617705006063167,0.5415488718384283,0,0
21,10,Bindi Irwin,31.5,0.2393207,0.8333333333333334,-0.6125022751877951,0.11041552907276914,0,1
21,11,Bindi Irwin,30.0,0.2554389,0.5000000000000009,0.18820404894899762,0.3441020244744992,0,0
27,1,Bobby Bones,20.0,0.064627305,0.1503037325502086,-1.3099405527962238,-0.5798184101230076,0,0
27,2,Bobby Bones,19.5,0.07267446,-1.0127174397526002,-1.2478051562116708,-1.1302612979821354,0,1
27,3,Bobby Bones,23.0,0.08155839,-0.479327283524779,-1.009136673992097,-0.744231978758438,0,0
27,4,Bobby Bones,20.0,0.09580298,-0.8183932073645681,-0.4752933520451683,-0.6468432797048682,0,0
27,5,Bobby Bones,21.0,0.09131147,-0.954718680526042,-2.0892171310820062,-1.521967905804024,0,1
27,6,Bobby Bones,22.0,0.09908513,-0.8741068645048142,-0.953276296073385,-0.9136915802890997,1,1
27,7,Bobby Bones,26.5,0.12376027,-0.3715343990103462,-0.07114077181922347,-0.22133758541478482,0,0
27,8,Bobby Bones,22.5,0.16630208,-1.3268069440075545,-0.01508968624353639,-0.6709483151255454,1,1
27,9,Bobby Bones,27.0,0.22321498,-1.3055824196677337,-1.021060350820641,-1.1633213852441875,1,1
24,1,Bonner Bolton,22.0,0.08127729,-0.6900283245845906,-0.3535140197689185,-0.5217711721767546,0,0
24,2,Bonner Bolton,28.0,0.08448551,0.19963735237617297,0.13131867426524205,0.1654780133207075,0,0
24,3,Bonner Bolton,24.0,0.08954525,-1.1499794411510862,-0.14744509233934533,-0.6487122667452158,0,1
24,4,Bonner Bolton,32.0,0.099611744,-0.1833301898385103,-0.037491992997495234,-0.11041109141800276,0,0
24,5,Bonner Bolton,30.0,0.10926092,-1.1047057386781134,-0.1741350128589683,-0.6394203757685408,0,0
24,6,Bonner Bolton,31.5,0.116611466,-0.8793850367236502,-0.6053684893603984,-0.7423767630420244,0,0
24,7,Bonner Bolton,31.0,0.15080848,-1.2669983774740536,0.5239444398142206,-0.37152696882991654,0,0
24,8,Bonner Bolton,29.0,0.14768435,-1.4134017290327299,-1.5041716698434515,-1.4587866994380907,1,1
11,1,Brandy,23.0,0.09530751,1.2117163923631047,1.3998646217073523,1.3057905070352285,0,0
11,2,Brandy,21.0,0.10155818,0.2754705958407612,1.2063571085838944,0.7409138522123279,0,0
11,3,Brandy,24.0,0.11132527,0.7187031245514819,1.188760273481112,0.953731699016297,0,0
11,4,Brandy,24.0,0.12272165,0.9298250905589494,1.0892579160393183,1.009541503299134,0,0
11,5,Brandy,27.0,0.13927108,1.457737973711325,1.3701106194144623,1.4139242965628935,0,0
11,6,Brandy,35.9999,0.16211389,1.5172384815612234,1.1994121880176056,1.3583253347894146,0,0
11,7,Brandy,36.5,0.17815433,1.0905596674870728,0.9302750252528665,1.0104173463699697,0,0
11,8,Brandy,28.5,0.21690145,0.7921180343813395,0.7274104773325341,0.7597642558569369,0,0
11,9,Brandy,28.5,0.21694902,0.0,-1.2170754317733234,-0.6085377158866617,0,1
17,1,Brant Daugherty,22.0,0.0866365,0.18913581819311054,0.5479652572837581,0.3685505377384343,0,0
17,2,Brant Daugherty,23.0,0.087225825,0.27411058356411144,0.5426462709229576,0.4083784272435345,0,0
17,3,Brant Daugherty,27.0,0.0966655,1.0074520950499246,0.6187658246544292,0.8131089598521769,0,0
17,4,Brant Daugherty,21.0,0.1048486,-0.9050420562578875,0.5099150509499145,-0.19756350265398648,0,0
17,5,Brant Daugherty,27.0,0.12114914,0.4523674291626514,1.0357538553079522,0.7440606422353018,0,0
17,6,Brant Daugherty,31.0,0.13155417,0.7455317768239895,0.6702605593757693,0.7078961680998794,0,0
17,7,Brant Daugherty,28.5,0.13270092,0.5143295477813132,0.6096005938097341,0.5619650707955237,0,0
17,8,Brant Daugherty,27.0,0.11454687,-0.18641092980035937,-1.9451116847250371,-1.0657613072626984,0,1
30,1,Brian Austin Green,24.0,0.06979379,-0.1038748320440384,0.3269021785841361,0.11151367327004885,0,0
30,2,Brian Austin Green,23.0,0.0721037,-0.642279549929645,0.3874959781184427,-0.12739178590560113,0,0
30,3,Brian Austin Green,19.0,0.077241845,-1.1556268927507676,0.37968440296615985,-0.38797124489230383,0,0
30,4,Brian Austin Green,26.0,0.025887389,-1.994283005542278,-2.29784898082916,-2.1460659931857187,1,1
11,1,Bristol Palin,18.0,0.08038978,-0.27201796563253416,-0.34412145415281525,-0.3080697098926747,0,0
15,1,Bristol Palin,19.5,0.074079745,-0.8863927932481588,-0.32810843617937185,-0.6072506147137653,0,0
11,2,Bristol Palin,22.0,0.089387365,0.5784882512655982,-0.17238575472793624,0.20305124826883097,0,0
15,2,Bristol Palin,18.0,0.080727495,-2.2886885410853175,-0.34401849481743985,-1.3163535179513786,1,1
11,3,Bristol Palin,19.0,0.09597322,-1.1726208874261035,-0.4226723096020989,-0.7976465985141012,0,1
15,3,Bristol Palin,22.5,0.08967832,-2.028605430129872,-0.11296402797646887,-1.0707847290531705,1,1
11,4,Bristol Palin,16.0,0.10616133,-0.8795642748530603,-0.46437058587861557,-0.671967430365838,0,1
15,4,Bristol Palin,32.0,0.0862566,-1.1657905105038664,-2.3374132489668504,-1.7516018797353583,0,1
11,5,Bristol Palin,18.0,0.12101461,-1.6292365588538338,-0.38262131983910136,-1.0059289393464677,1,1
11,6,Bristol Palin,27.9998,0.14026782,-0.37090411920245625,-0.16127744615570075,-0.2660907826790785,0,0
11,7,Bristol Palin,32.5,0.16391917,-1.4021481439119505,-0.2224925793596081,-0.8123203616357793,1,1
11,8,Bristol Palin,23.5,0.1968544,-1.1881770515720091,-0.13538162989954253,-0.6617793407357758,1,1
11,9,Bristol Palin,26.5,0.23861274,-1.3587324409735149,-0.41932639813092815,-0.8890294195522215,1,1
11,10,Bristol Palin,25.666600000000003,0.284768,-0.9149743989489001,-1.1349700078048082,-1.024972203376854,1,1
7,1,Brooke Burke,24.5,0.07506107,1.6137520888277128,-0.1803428279852047,0.7167046304212541,0,0
7,2,Brooke Burke,24.0,0.08522518,1.2688838319687492,-0.5620459275302542,0.3534189522192475,0,0
7,3,Brooke Burke,28.0,0.10613448,1.7471208900673256,-0.7276208265012986,0.5097500317830135,0,0
7,4,Brooke Burke,26.0,0.11042717,1.323047759306591,-0.057471596127645894,0.6327880815894725,0,0
7,5,Brooke Burke,29.0,0.12080585,1.404789993509674,-0.3972779194196913,0.5037560370449913,0,0
7,6,Brooke Burke,26.0,0.13904898,0.7822299479882557,-0.2988454388421201,0.2416922545730678,0,0
7,7,Brooke Burke,30.0,0.16486083,1.7480147469502525,-0.114927201760759,0.8165437725947468,0,0
7,8,Brooke Burke,27.5,0.20189099,1.2060453783110545,0.08380930290740142,0.644927340609228,0,0
7,9,Brooke Burke,24.5,0.24532418,-0.26499947000159,-0.15386100229072538,-0.2094302361461577,0,1
7,10,Brooke Burke,30.0,0.27813768,1.1547005383792524,-0.7799630605006366,0.1873687389393079,0,1
33,1,Brooks Nader,18.0,0.075149655,-0.42640143271122083,-0.13380795649847366,-0.2801046946048472,0,0
33,2,Brooks Nader,20.0,0.082934864,0.05565584935451262,0.2597739791181971,0.15771491423635486,0,0
33,3,Brooks Nader,30.5,0.09900567,0.3665172644543605,0.3260391846780507,0.3462782245662056,0,0
33,4,Brooks Nader,32.0,0.056195494,-0.3058876451607479,-2.3214080305085414,-1.3136478378346446,0,1
10,1,Buzz Aldrin,14.0,0.08083992,-1.4808721943977308,-0.9808470195062143,-1.2308596069519726,1,1
10,2,Buzz Aldrin,12.0,0.08428035,-1.7888543819998317,-0.7095111361912699,-1.2491827590955509,1,1
10,3,Buzz Aldrin,13.0,0.07279762,-1.920018735496598,-2.1546375688793438,-2.037328152187971,1,1
23,1,Calvin Johnson Jr.,26.0,0.080865376,0.19061130873853746,0.4517413239280748,0.3211763163333061,0,0
23,2,Calvin Johnson Jr.,28.0,0.08032536,0.3009103772300182,0.40356385144925594,0.35223711433963706,0,0
23,3,Calvin Johnson Jr.,32.0,0.08631875,1.623250927245953,0.2911926031728553,0.9572217652094042,0,0
23,4,Calvin Johnson Jr.,23.0,0.09559373,-0.22532082649689622,0.45835974944762925,0.11651946147536651,0,0
23,5,Calvin Johnson Jr.,24.0,0.11175354,-0.8592029767051028,0.07586216844695967,-0.39167040412907156,0,0
23,6,Calvin Johnson Jr.,37.0,0.11713553,0.726049185478787,0.4482248667393597,0.5871370261090734,0,0
23,7,Calvin Johnson Jr.,37.0,0.13009822,1.406997987852026,0.42543536428256845,0.9162166760672972,0,0
23,8,Calvin Johnson Jr.,30.0,0.14430502,0.2834825414623166,0.10000902861072457,0.1917457850365206,0,0
23,9,Calvin Johnson Jr.,37.0,0.17249551,-0.45417026219547596,0.3025944446532928,-0.07578790877109157,0,0
23,10,Calvin Johnson Jr.,28.0,0.20103018,-1.5537971921347125,0.05602428274330982,-0.7488864546957014,1,1
23,11,Calvin Johnson Jr.,38.3331,0.2623291,0.1671282338732329,0.5495751254826579,0.35835167967794535,0,1
5,1,Cameron Mathison,21.0,0.08712185,-0.1418449445479997,0.3368635487293734,0.09750930209068685,0,0
5,2,Cameron Mathison,21.0,0.093482286,-0.18802535827258882,0.2180222075581999,0.014998424642805541,0,0
5,3,Cameron Mathison,23.0,0.10275022,-0.2742848850053802,0.23435988674767427,-0.01996249912885295,0,0
5,4,Cameron Mathison,27.0,0.112678,0.42640143271122083,0.11165802263456683,0.26902972767289385,0,0
5,5,Cameron Mathison,26.0,0.12996154,0.3753725783333305,0.30754113838166836,0.3414568583574994,0,0
5,6,Cameron Mathison,25.0,0.15042587,-0.25405489533778886,0.45280797737385425,0.0993765410180327,0,0
5,7,Cameron Mathison,25.5,0.17283331,-0.7071067811865475,0.3716773009522714,-0.16771474011713802,0,0
5,8,Cameron Mathison,25.5,0.16424698,-0.4387267976856658,-1.5609755601648034,-0.9998511789252347,0,1
18,1,Candace Cameron Bure,25.0,0.08719576,0.9682153593382758,0.6677199741256045,0.8179676667319402,0,0
18,2,Candace Cameron Bure,21.0,0.09538543,-0.3992165091770978,0.5511783902757429,0.07598094054932256,0,0
18,3,Candace Cameron Bure,32.0,0.11096707,-0.8751195564875366,-0.014646414863799716,-0.44488298567566814,0,0
18,4,Candace Cameron Bure,28.0,0.10962444,-1.6666666666666667,-0.1522125485978826,-0.9094396076322747,1,1
18,5,Candace Cameron Bure,35.0,0.115980364,-0.22504665034619256,0.5617177127338131,0.16833553119381028,0,0
18,6,Candace Cameron Bure,32.0,0.13503668,-1.1339618887852412,0.681054303333606,-0.22645379272581762,0,0
18,7,Candace Cameron Bure,37.0,0.14852975,0.4440385590223838,0.40779844179863484,0.4259185004105093,0,0
18,8,Candace Cameron Bure,36.0,0.17541064,-0.8475793795260117,0.6493349568679415,-0.09912221132903509,0,0
18,9,Candace Cameron Bure,36.0,0.2138211,-1.4832396974191346,0.7028776017448736,-0.39018104783713053,1,1
18,10,Candace Cameron Bure,25.9998,0.2639118,-1.4605983547412047,0.6617563008371812,-0.39942102695201176,1,1
21,1,Carlos PenaVega,23.0,0.08026976,0.8422858683923004,0.4054866740645818,0.6238862712284411,0,0
21,2,Carlos PenaVega,22.5,0.08322391,0.5595380708016264,0.6399386666066805,0.5997383687041535,0,0
21,3,Carlos PenaVega,31.0,0.099715434,0.10147651372376075,-0.023750338788361903,0.038863087467699425,0,0
21,4,Carlos PenaVega,25.0,0.10280668,0.3402176237293752,0.22243153623929363,0.2813245799843344,0,0
21,5,Carlos PenaVega,39.0,0.11779805,1.10498924021966,0.5521595724889735,0.8285744063543168,0,0
21,6,Carlos PenaVega,38.0,0.12628837,0.5450877452867807,0.8948788443321533,0.719983294809467,0,0
21,7,Carlos PenaVega,28.0,0.13374183,0.4743416490252569,0.5559544015061089,0.5151480252656828,0,0
21,8,Carlos PenaVega,28.9998,0.15038092,0.4391106296562863,0.47669754263945074,0.4579040861478685,0,0
21,9,Carlos PenaVega,27.0,0.18086438,-0.183753998989918,0.7027651574347341,0.259505579222408,0,0
21,10,Carlos PenaVega,31.5,0.2462357,0.8333333333333334,-0.21589872669873356,0.3087173033172999,0,0
21,11,Carlos PenaVega,30.0,0.20781364,0.5000000000000009,-1.4597862440002267,-0.4798931220001129,0,1
29,1,Carole Baskin,11.0,0.06690565,-2.03701381619181,0.023006439432985852,-1.0070036883794122,1,1
29,2,Carole Baskin,16.0,0.06908255,-1.0257552890643449,0.18503160640375607,-0.4203618413302944,0,0
29,3,Carole Baskin,12.0,0.020616261,-2.3533025648862735,-3.4140280265421006,-2.883665295714187,1,1
13,1,Carson Kressley,17.0,0.07984544,-0.399428874796607,-0.5290835595396458,-0.4642562171681264,0,0
13,2,Carson Kressley,18.0,0.087488845,-1.163105262998089,-0.4607685990415901,-0.8119369310198395,0,0
13,3,Carson Kressley,23.0,0.09729024,-0.266485445669408,-0.28860971484512005,-0.277547580257264,0,0
13,4,Carson Kressley,20.0,0.10863552,-1.108842713707715,-0.2981930811036512,-0.7035178974056832,1,1
13,5,Carson Kressley,19.0,0.10206831,-1.620185174601965,-2.1307726513613736,-1.8754789129816694,1,1
10,1,Chad Ochocinco,18.0,0.09271715,-0.29617443887954614,0.1761245204705926,-0.06002495920447677,0,0
10,2,Chad Ochocinco,16.0,0.09292498,-0.8944271909999159,0.21577273617955162,-0.3393272274101821,0,0
10,3,Chad Ochocinco,20.0,0.10251861,-0.07890487954095626,0.19949310518075708,0.06029411281990041,0,0
10,4,Chad Ochocinco,22.0,0.11387688,0.37908170265529595,0.24676451987368106,0.3129231112644885,0,0
10,5,Chad Ochocinco,18.0,0.12634024,-0.768190262285176,0.1072116845877875,-0.3304892888486942,0,1
10,6,Chad Ochocinco,30.9999,0.1454879,0.27602488189891217,0.15705734746687855,0.21654111468289536,0,0
10,7,Chad Ochocinco,26.0,0.17779242,0.08587567332158956,0.5489962626186848,0.3174359679701372,0,0
10,8,Chad Ochocinco,22.5,0.20081511,-0.8559849767220405,0.036093649717432875,-0.4099456635023038,0,1
10,9,Chad Ochocinco,26.0,0.21000731,-1.3568010505999364,-1.240576527973329,-1.2986887892866328,1,1
21,1,Chaka Khan,13.0,0.0827418,-1.3923501089750268,0.7050007193233685,-0.34367469482582913,0,0
21,2,Chaka Khan,15.0,0.058403656,-1.920232924796489,-1.880906520497069,-1.900569722646779,1,1
33,1,Chandler Kinney,23.0,0.08269684,1.7056057308448833,0.4356405347729829,1.070623132808933,0,0
33,2,Chandler Kinney,24.0,0.088287316,1.5027079325718458,0.4910574838356583,0.996882708203752,0,0
33,3,Chandler Kinney,34.5,0.10724658,1.2880463865110388,0.6578903399267804,0.9729683632189096,0,0
33,4,Chandler Kinney,32.0,0.1470067,-0.3058876451607479,1.5173880713466352,0.6057502130929436,0,0
33,5,Chandler Kinney,27.0,0.13602763,1.5433549314543444,0.4915156608048245,1.0174352961295845,0,0
33,6,Chandler Kinney,32.0,0.15775819,0.8758804342616274,0.6423257050140979,0.7591030696378627,0,0
33,7,Chandler Kinney,30.0,0.1823157,1.6329931618554514,0.5670608346187397,1.1000269982370956,0,0
33,8,Chandler Kinney,29.0,0.19660275,0.8528028654224417,-0.15608701135669045,0.3483579270328756,0,0
33,9,Chandler Kinney,30.0,0.22126487,1.0954451150103306,0.78328656178021,0.9393658383952703,0,0
32,1,Charity Lawson,22.0,0.07442588,1.5701965613830997,0.1957784679717019,0.8829875146774008,0,0
32,2,Charity Lawson,21.0,0.08072508,0.7355527917552638,0.2410948647293655,0.48832382824231463,0,0
32,3,Charity Lawson,32.0,0.08954355,1.0437440692543807,0.3456064846869654,0.694675276970673,0,0
32,4,Charity Lawson,24.0,0.09504829,0.7455717562886445,0.22563897174014458,0.4856053640143945,0,0
32,5,Charity Lawson,28.0,0.10580934,1.2649110640673518,0.3132953756560643,0.7891032198617081,0,0
32,6,Charity Lawson,38.0,0.112361856,0.47710417797634197,0.05871094568326268,0.26790756182980235,0,0
32,7,Charity Lawson,36.0,0.13291208,0.38188130791298663,0.34563279677232794,0.3637570523426573,0,0
32,8,Charity Lawson,39.0,0.15191238,0.6026575527677303,0.35337467491278185,0.47801611384025605,0,0
32,9,Charity Lawson,38.0,0.17761631,0.2316408173089082,0.35214851344138925,0.29189466537514874,0,0
32,10,Charity Lawson,29.5,0.20341152,0.565685424949238,0.11461012842613442,0.3401477766876862,0,0
32,11,Charity Lawson,29.5,0.20152971,0.2712254014483232,0.04627210777030463,0.15874875460931392,0,0
29,1,Charles Oakley,12.0,0.07234851,-1.7153800557404715,0.5469795014271133,-0.5842002771566791,0,0
29,2,Charles Oakley,15.0,0.02026823,-1.4920076931845017,-3.553636849290663,-2.5228222712375823,1,1
31,1,Charli D'Amelio,32.0,0.061667755,1.8115292875273035,-0.06384280587749241,0.8738432408249055,0,0
31,2,Charli D'Amelio,32.0,0.06625014,1.3680363890346787,-0.029312267821367467,0.6693620606066556,0,0
31,3,Charli D'Amelio,33.0,0.072905034,1.231017543587167,0.09972600511906655,0.6653717743531168,0,0
31,4,Charli D'Amelio,36.0,0.07817492,1.2485394618378902,0.0753007907926751,0.6619201263152826,0,0
31,5,Charli D'Amelio,42.0,0.088631645,1.3608159208676849,0.32954547195276085,0.8451806964102229,0,0
31,6,Charli D'Amelio,40.0,0.108244985,1.7344414930512009,0.41113132036087413,1.0727864067060375,0,0
31,7,Charli D'Amelio,39.0,0.11926008,1.181581679656758,0.3872739962661026,0.7844278379614302,0,0
31,8,Charli D'Amelio,45.0,0.1386533,1.0825134839982247,0.42615160232290816,0.7543325431605664,0,0
31,9,Charli D'Amelio,40.0,0.18933362,1.1194341570991133,0.5767957431990521,0.8481149501490828,0,0
31,10,Charli D'Amelio,40.0,0.18892805,0.8660254037844387,-1.4993743509100859,-0.3166744735628236,0,1
18,1,Charlie White,27.0,0.08277976,1.5797197968150816,-0.09569990895870543,0.7420099439281881,0,0
18,2,Charlie White,25.0,0.09222199,0.9519778295761544,0.16165934209972282,0.5568185858379386,0,0
18,3,Charlie White,36.0,0.114378296,0.49463279279730243,0.33219790918219483,0.41341535098974863,0,0
18,4,Charlie White,33.0,0.11457889,0.0,0.35504881436364544,0.17752440718182272,0,0
18,5,Charlie White,37.0,0.112053186,0.353644736258302,0.10867727423822383,0.2311610052482629,0,0
18,6,Charlie White,36.0,0.12571076,0.26168351279659413,0.04822939383469948,0.1549564533156468,0,0
18,7,Charlie White,35.5,0.14386086,-0.3330289192667906,0.07215713541082042,-0.1304358919279851,0,1
18,8,Charlie White,40.0,0.17083727,1.1866111313364194,0.3097122557602477,0.7481616935483335,0,0
18,9,Charlie White,38.0,0.16555335,-0.13483997249265034,-1.7517968253431082,-0.9433183989178793,0,1
20,1,Charlotte McKinney,22.0,0.073113866,-1.404008168798564,-1.3108558541549131,-1.3574320114767384,1,1
20,2,Charlotte McKinney,26.0,0.07891342,-0.8267134097610112,-0.5714201382602803,-0.6990667740106458,0,0
20,3,Charlotte McKinney,22.0,0.06395618,-1.3994393371741618,-2.3989001953162625,-1.8991697662452123,1,1
24,1,Charo,21.0,0.08627051,-0.907932006032356,0.5050165198616946,-0.2014577430853307,0,0
24,2,Charo,25.0,0.08677548,-0.6987307333166038,0.3923178421471499,-0.15320644558472699,0,0
24,3,Charo,24.0,0.06844798,-1.1499794411510862,-2.4282649628619386,-1.7891222020065123,1,1
13,1,Chaz Bono,17.0,0.07966411,-0.399428874796607,-0.5565897537533369,-0.47800931427497195,0,0
13,2,Chaz Bono,17.0,0.08740104,-1.674871578717248,-0.47259754249343877,-1.0737345606053434,1,1
13,3,Chaz Bono,18.0,0.09532286,-2.1699529147366103,-0.49814991792167196,-1.334051416329141,1,1
13,4,Chaz Bono,21.0,0.107327335,-0.7647191129018724,-0.45576844533503175,-0.6102437791184521,0,0
13,5,Chaz Bono,21.0,0.12192043,-0.9001028747788695,-0.28614847599603055,-0.5931256753874501,0,1
13,6,Chaz Bono,19.0,0.11620597,-1.1820948188792706,-2.020501958162179,-1.6012983885207248,1,1
12,1,Chelsea Kane,21.0,0.09817385,0.6416103240209151,0.8505223788313127,0.7460663514261139,0,0
12,2,Chelsea Kane,18.0,0.09740662,-0.6543075677650936,0.6725083562639664,0.009100394249436428,0,0
12,3,Chelsea Kane,23.0,0.10561778,0.5491545143475312,0.6143575829878327,0.5817560486676819,0,0
12,4,Chelsea Kane,26.0,0.11620816,1.2850663295334928,0.5352355623051105,0.9101509459193016,0,0
12,5,Chelsea Kane,26.0,0.13306041,0.7999533568492155,0.6502410516013513,0.7250972042252835,0,0
12,6,Chelsea Kane,28.0,0.15045005,1.0320790860900733,0.5322909665519139,0.7821850263209935,0,0
12,7,Chelsea Kane,32.0,0.17276229,0.40824829046386213,0.3457458134241901,0.3769970519440261,0,0
12,8,Chelsea Kane,27.5,0.211319,0.848528137423857,0.6751764012215248,0.7618522693226909,0,0
12,9,Chelsea Kane,36.5,0.2608919,1.3331737687162157,0.48743548201194725,0.9103046253640815,0,0
12,10,Chelsea Kane,29.666600000000003,0.32437187,0.5773502691896257,-0.3930898004833804,0.09213023435312268,0,0
31,1,Cheryl Ladd,21.0,0.06895893,-0.6410026709711997,0.4954743787430518,-0.07276414611407395,0,0
31,2,Cheryl Ladd,21.0,0.07286807,-1.9514636725935846,0.43640087150565915,-0.7575314005439627,1,1
31,3,Cheryl Ladd,24.0,0.021216726,-1.397935176615935,-3.3915112846248285,-2.394723230620382,0,1
12,1,Chris Jericho,19.0,0.09185343,0.053467527001743356,0.11055961895906893,0.08201357298040615,0,0
12,2,Chris Jericho,23.0,0.09406834,1.3449655559615807,0.3269891247284535,0.8359773403450171,0,0
12,3,Chris Jericho,21.0,0.101087965,-0.13728862858688218,0.11897894127625547,-0.009154843655313355,0,0
12,4,Chris Jericho,23.0,0.11174862,0.045895226054767445,0.06694381927995921,0.05641952266736333,0,0
12,5,Chris Jericho,26.0,0.12654595,0.7999533568492155,0.12471323732517602,0.4623332970871958,0,0
12,6,Chris Jericho,22.0,0.11305187,-1.6771285148963702,-2.0894626953536153,-1.8832956051249927,1,1
24,1,Chris Kattan,17.0,0.06949684,-1.7795467318234175,-2.3790358464842383,-2.079291289153828,1,1
24,2,Chris Kattan,22.0,0.058921624,-1.5970988190093807,-2.782323414420613,-2.1897111167149967,1,1
26,1,Chris Mazdzer,21.0,0.10332068,0.0,0.5263841388350177,0.26319206941750883,0,0
26,2,Chris Mazdzer,33.0,0.12810208,-0.1617381941321302,0.25154523077110225,0.044903518319486024,0,0
26,3,Chris Mazdzer,33.0,0.15302117,-0.5260098031710897,-0.6373227520029843,-0.5816662775870369,0,1
20,1,Chris Soules,26.0,0.07938813,-0.1560009076442849,-0.5060534506798063,-0.3310271791620456,0,0
20,2,Chris Soules,21.0,0.079618104,-2.243936397922744,-0.48031649418774897,-1.3621264460552465,1,1
20,3,Chris Soules,28.0,0.087888144,-0.09855206599818016,-0.26887437340189296,-0.18371321970003657,0,0
20,4,Chris Soules,27.0,0.09500421,-1.455567601591062,-0.5110845906006074,-0.9833260960958347,1,1
20,5,Chris Soules,27.0,0.10430102,-0.7675648833378713,-0.6458389238953558,-0.7067019036166136,0,0
20,6,Chris Soules,35.0,0.11943516,-0.241522945769824,-0.41471885556132304,-0.32812090066557353,0,0
20,7,Chris Soules,31.0,0.14052092,-1.3691188903190212,-0.1866649153915639,-0.7778919028552925,0,1
20,8,Chris Soules,32.0,0.13923587,-0.7796881870752873,-1.0211235893067188,-0.9004058881910031,0,1
29,1,Chrishell Stause,13.0,0.06911568,-1.393746295289133,0.2357615325639649,-0.5789923813625841,0,0
29,2,Chrishell Stause,18.0,0.06994693,-0.09325048082403105,0.25123411090926046,0.07899181504261471,0,0
29,3,Chrishell Stause,22.0,0.07464747,0.5622935332029144,0.21627481234629037,0.38928417277460237,0,0
29,4,Chrishell Stause,22.0,0.08105101,-0.5559369874958255,0.2579507693665245,-0.14899310906465052,0,0
29,5,Chrishell Stause,19.0,0.088211775,-1.623250927245953,0.31243425875403424,-0.6554083342459593,0,1
29,6,Chrishell Stause,24.0,0.09734398,-0.12220364792499065,0.36403802935827434,0.12091719071664184,0,0
29,7,Chrishell Stause,26.0,0.10518989,0.0,0.30404167737240984,0.15202083868620492,0,0
29,8,Chrishell Stause,27.0,0.073713124,-0.37836988356339707,-2.454704369922906,-1.4165371267431515,0,1
17,1,Christina Milian,22.0,0.0918886,0.18913581819311054,1.4192408871960316,0.804188352694571,0,0
17,2,Christina Milian,25.0,0.09188861,0.9319759841179799,1.1926780887753647,1.0623270364466724,0,0
17,3,Christina Milian,26.0,0.10251665,0.7435955939654205,1.2477149085569468,0.9956552512611836,0,0
17,4,Christina Milian,24.0,0.11010996,0.10056022847309888,1.0632395337064988,0.5818998810897988,0,0
17,5,Christina Milian,28.0,0.09131132,0.9612807869706339,-2.0430021664414157,-0.5408606897353909,0,0
30,1,Christine Chiu,25.0,0.065853626,0.1558122480660585,-0.08499344495158999,0.03540940155723426,0,0
30,2,Christine Chiu,24.0,0.06790766,-0.40142471870602825,0.08844545416927269,-0.15648963226837778,0,0
30,3,Christine Chiu,21.0,0.02069935,-0.1444533615938455,-3.313292084991843,-1.7288727232928442,0,1
9,1,Chuck Liddell,22.0,0.062292676,-0.6334786235066802,-0.023973077234653556,-0.32872585037066687,0,0
9,2,Chuck Liddell,19.0,0.07119246,-0.6475761258027333,-0.026501509028782823,-0.33703881741575803,0,0
9,3,Chuck Liddell,17.0,0.07560538,-0.7355026667616428,-0.14371730885383915,-0.43960998780774097,0,0
9,4,Chuck Liddell,17.0,0.06682594,-1.091089451179962,-2.137517998409096,-1.614303724794529,0,1
8,1,Chuck Wicks,20.0,0.0874981,0.3818056258614717,1.332301141685406,0.8570533837734389,0,0
8,2,Chuck Wicks,20.0,0.087877914,-0.1018641955406746,1.5398937320294623,0.7190147682443939,0,0
8,3,Chuck Wicks,23.0,0.09527096,0.3299220276436555,1.3205736332408673,0.8252478304422615,0,0
8,4,Chuck Wicks,22.0,0.10786555,0.0,1.2036090428749426,0.6018045214374713,0,0
8,5,Chuck Wicks,23.0,0.124162585,-0.0962250448649373,1.2355485378727997,0.5696617465039312,0,0
8,6,Chuck Wicks,23.0,0.14120007,-0.0572464283431939,1.2866807641496394,0.6147171679032227,0,0
8,7,Chuck Wicks,27.0,0.15923823,0.3692744729379982,1.2013187749913772,0.7852966239646877,0,0
8,8,Chuck Wicks,25.5,0.14071721,-0.2839809171235324,-1.5586696171514405,-0.9213252671374864,0,1
13,1,Chynna Phillips,22.0,0.09263634,1.4440890088800427,1.4111854503753531,1.427637229627698,0,0
13,2,Chynna Phillips,21.0,0.10001818,0.372193684159388,1.227162557547152,0.7996781208532701,0,0
13,3,Chynna Phillips,26.0,0.112508975,0.8755950357709132,1.3322956631033291,1.1039453494371212,0,0
13,4,Chynna Phillips,21.0,0.094212525,-0.7647191129018724,-2.035492232548113,-1.4001056727249925,0,1
7,1,Cloris Leachman,16.0,0.08357979,-1.0677457429837491,0.6447272088791324,-0.21150926705230838,0,0
7,2,Cloris Leachman,15.0,0.09840776,-1.6524998741918588,0.7414950081376188,-0.45550243302712,0,0
7,3,Cloris Leachman,16.0,0.11606472,-1.8130499802585454,0.7242546427145782,-0.5443976687719836,1,1
7,4,Cloris Leachman,22.0,0.11727274,-0.21339479988816054,0.5177675039049754,0.1521863520084074,0,0
7,5,Cloris Leachman,21.0,0.12873481,-1.0251170222908432,0.3537684669436835,-0.3356742776735798,1,1
7,6,Cloris Leachman,15.0,0.118866205,-1.9555748699706397,-1.8826906314066998,-1.9191327506886697,1,1
4,1,Clyde Drexler,16.0,0.09036096,-0.8071051016126821,-0.06004083681740776,-0.43357296921504496,0,0
4,2,Clyde Drexler,18.0,0.09061469,-1.590344693631379,-0.026281928486525368,-0.8083133110589522,0,0
4,3,Clyde Drexler,16.0,0.099704124,-2.2538557566561535,-0.02373254906548732,-1.1387941528608203,1,1
4,4,Clyde Drexler,15.0,0.11015882,-1.3145636888671368,-0.07821624570662548,-0.6963899672868812,1,1
4,5,Clyde Drexler,13.0,0.09642202,-1.550013668611137,-2.0667367420851877,-1.8083752053481623,1,1
7,1,Cody Linley,20.5,0.084402904,0.35187075621055425,0.7244488922216475,0.5381598242161009,0,0
7,2,Cody Linley,21.0,0.095809706,0.29508926324854656,0.48459008193382075,0.3898396725911837,0,0
7,3,Cody Linley,21.0,0.11106926,-0.32964545095609904,-0.006119027151320228,-0.16788223905370964,0,0
7,4,Cody Linley,23.0,0.11422581,0.17071583991052733,0.2617313708930571,0.2162236054017922,0,0
7,5,Cody Linley,28.0,0.1302624,1.1010516165346094,0.49846473850323536,0.7997581775189224,0,0
7,6,Cody Linley,23.0,0.15127836,0.03555590672673877,0.6608563227365256,0.3482061147316322,0,0
7,7,Cody Linley,22.0,0.17408313,-0.7945521577046601,0.4719975283318083,-0.16127731468642592,0,0
7,8,Cody Linley,24.0,0.20861672,-0.9045340337332909,0.38189493759060344,-0.2613195480713437,0,1
7,9,Cody Linley,23.0,0.2122215,-0.900998198005406,-1.2431240422540075,-1.0720611201297068,1,1
30,1,Cody Rigsby,24.0,0.033946108,-0.1038748320440384,-3.420531514455148,-1.762203173249593,0,1
30,2,Cody Rigsby,24.0,0.062336013,-0.40142471870602825,-0.3086441719090808,-0.3550344453075545,0,1
30,3,Cody Rigsby,18.0,0.07085888,-1.6612136583292287,-0.037208054086873756,-0.8492108562080513,1,1
30,4,Cody Rigsby,29.0,0.08218811,-1.0097635471100148,0.23705452865557522,-0.3863545092272198,0,0
30,5,Cody Rigsby,32.0,0.09102199,-0.8885233166386385,0.00647897979901787,-0.4410221684198103,0,0
30,6,Cody Rigsby,36.0,0.10249014,-0.15191090506254945,0.1291034699408708,-0.011403717560839327,0,0
30,7,Cody Rigsby,36.0,0.114825845,-0.10540925533894673,0.18186523680849745,0.03822799073477536,0,0
30,8,Cody Rigsby,38.0,0.1407209,-0.1297186304156927,0.6287886527674837,0.24953501117589552,0,0
30,9,Cody Rigsby,35.5,0.17953137,-1.1987805595403895,0.3528043296951807,-0.4229881149226044,0,0
30,10,Cody Rigsby,38.0,0.26402876,-1.3055824196677337,0.3392197244522704,-0.4831813476077317,1,1
18,1,Cody Simpson,22.0,0.09397168,0.050958703123067495,1.8391131023386111,0.9450359027308393,0,0
18,2,Cody Simpson,22.0,0.103928074,-0.061417924488784734,1.6030467866374885,0.7708144310743519,0,0
18,3,Cody Simpson,35.0,0.12339491,0.15219470547609268,1.2489830732298555,0.700588889352974,0,0
18,4,Cody Simpson,31.0,0.1242991,-0.6666666666666666,1.3502525146476874,0.34179292399051037,0,0
18,5,Cody Simpson,34.0,0.09133485,-0.5143923436484399,-2.281396215259565,-1.3978942794540024,0,1
17,1,Corbin Bleu,24.0,0.08665657,0.7565432727724412,0.5512946877767679,0.6539189802746046,0,0
17,2,Corbin Bleu,26.0,0.08900663,1.2609086843949142,0.790905607647824,1.0259071460213691,0,0
17,3,Corbin Bleu,26.0,0.09632671,0.7435955939654205,0.5823487681552217,0.6629721810603211,0,0
17,4,Corbin Bleu,27.0,0.106327355,1.1061625132040853,0.665432131229293,0.8857973222166892,0,0
17,5,Corbin Bleu,28.0,0.11852731,0.9612807869706339,0.765225549268732,0.8632531681196829,0,0
17,6,Corbin Bleu,26.9999,0.13039955,-0.6577912011411112,0.5521836917759623,-0.05280375468257448,0,0
17,7,Corbin Bleu,29.5,0.13499233,1.1473505296660065,0.7909872908790214,0.969168910272514,0,0
17,8,Corbin Bleu,30.0,0.1533166,1.1184655788021607,0.7186361561980004,0.9185508675000805,0,0
17,9,Corbin Bleu,29.0,0.1799453,0.9737945687202028,0.8165301797526894,0.8951623742364461,0,0
17,10,Corbin Bleu,37.5,0.21559481,0.6565321642986127,0.7230386010356266,0.6897853826671196,0,0
17,11,Corbin Bleu,29.6664,0.2737871,0.418568240756954,0.7339346648887314,0.5762514528228426,0,0
34,1,Corey Feldman,9.0,0.07420589,-1.2978805407516272,0.709803138168486,-0.2940387012915706,0,0
34,2,Corey Feldman,15.0,0.023369795,-2.0974502196446974,-2.434281987480948,-2.2658661035628227,1,1
6,1,Cristian de la Fuente,21.0,0.087411076,0.19409078514116102,0.497207794143507,0.345649289642334,0,0
6,2,Cristian de la Fuente,20.0,0.08975853,-0.33654220047504363,0.5119852195483091,0.08772150953663274,0,0
6,3,Cristian de la Fuente,25.0,0.10498182,0.840917865872082,0.5004349836224841,0.670676424747283,0,0
6,4,Cristian de la Fuente,26.0,0.11689165,0.29814239699997197,0.475739149527181,0.38694077326357645,0,0
6,5,Cristian de la Fuente,23.0,0.1288449,-0.5303300858899106,0.37853650458392907,-0.07589679065299076,0,0
6,6,Cristian de la Fuente,27.0,0.14921473,0.4308571590681118,0.4741936558481744,0.45252540745814307,0,0
6,7,Cristian de la Fuente,23.0,0.17497757,-1.7480147469502525,0.524598530930471,-0.6117081080098907,1,1
6,8,Cristian de la Fuente,28.5,0.20945781,1.33241977835569,0.5853556240667723,0.9588877012112311,0,0
6,9,Cristian de la Fuente,28.0,0.27247512,0.4629100498862757,0.8338053584991156,0.6483577041926957,0,0
6,10,Cristian de la Fuente,26.0,0.35495344,-1.0722219284950198,0.8313865730038744,-0.12041767774557272,1,1
16,1,D. L. Hughley,12.0,0.073857725,-2.4113640573159874,-1.430479576610423,-1.9209218169632052,1,1
16,2,D. L. Hughley,16.0,0.07644905,-1.1787226751838302,-1.2172645979864984,-1.1979936365851644,1,1
16,3,D. L. Hughley,16.0,0.08621388,-1.4206442757155264,-0.559302522199214,-0.9899733989573702,0,1
16,4,D. L. Hughley,21.0,0.095172316,-0.42340086523639325,-0.5075282055209486,-0.46546453537867094,0,0
16,5,D. L. Hughley,18.0,0.08764803,-1.3288293231652877,-2.233244237061037,-1.7810367801131624,1,1
27,1,Danelle Umstead,18.0,0.08005887,-0.6312756767108789,0.3340754811809387,-0.1486000977649701,0,0
27,2,Danelle Umstead,18.5,0.06314941,-1.345665639123318,-2.3628764011988097,-1.8542710201610637,1,1
18,1,Danica McKellar,24.0,0.08552817,0.6624631405998731,0.3794338865276514,0.5209485135637623,0,0
18,2,Danica McKellar,24.0,0.09378234,0.6141792448878414,0.35378754646631605,0.4839833956770787,0,0
18,3,Danica McKellar,36.0,0.116741836,0.49463279279730243,0.5725163265651733,0.5335745596812378,0,0
18,4,Danica McKellar,32.0,0.11801131,-0.3333333333333333,0.7064771358637926,0.18657190126522963,0,0
18,5,Danica McKellar,39.0,0.11633933,0.9323361228627965,0.6031281387560125,0.7677321308094045,0,0
18,6,Danica McKellar,36.0,0.13375583,0.26168351279659413,0.5941402202906809,0.42791186654363755,0,0
18,7,Danica McKellar,36.0,0.15028483,-0.07400642650373247,0.5339691898811842,0.2299813816887259,0,0
18,8,Danica McKellar,38.0,0.13962415,0.16951587590520378,-2.008203006813871,-0.9193435654543337,0,1
31,1,Daniel Durant,27.0,0.065594174,0.6967420336643475,0.2373588002724924,0.46705041696842,0,0
31,2,Daniel Durant,29.0,0.06833206,0.4627181904087887,0.11719540134825575,0.28995679587852224,0,0
31,3,Daniel Durant,31.0,0.07732702,0.6468058279864778,0.3984048169293789,0.5226053224579283,0,0
31,4,Daniel Durant,29.0,0.08300739,-0.7103759007008693,0.36598240118306374,-0.17219674975890278,0,0
31,5,Daniel Durant,33.5,0.0883628,-1.1401430688350873,0.3128237959571691,-0.4136596364389591,0,0
31,6,Daniel Durant,34.0,0.10484226,-0.157676499368291,0.2414563273493752,0.041889913990542094,0,0
31,7,Daniel Durant,36.5,0.1213616,0.13900960937138418,0.48714720370306236,0.3130784065372233,0,0
31,8,Daniel Durant,39.0,0.14287257,-0.04706580365209673,0.557844917631272,0.25538955698958765,0,0
31,9,Daniel Durant,34.5,0.11537231,-0.7276322021144224,-1.3052645781517174,-1.0164483901330699,0,1
34,1,Danielle Fishel,12.0,0.07401285,0.13661900428964538,0.6604676429070736,0.3985433235983595,0,0
34,2,Danielle Fishel,19.0,0.0808737,-0.37013827405494676,0.4784163818432433,0.054139053894148276,0,0
34,3,Danielle Fishel,21.0,0.092134856,-0.19758622928011946,0.519470654580346,0.16094221265011327,0,0
34,4,Danielle Fishel,21.0,0.10043238,-0.7853220276760504,0.5171347990336794,-0.1340936143211855,0,0
34,5,Danielle Fishel,29.0,0.11246978,-0.6296186546564707,0.7642088017939496,0.06729507356873943,0,0
34,6,Danielle Fishel,36.0,0.10912419,0.4803844614152614,0.4940424986435967,0.48721348002942905,0,0
34,7,Danielle Fishel,35.0,0.11843997,-0.3972331277652422,0.4365807478568314,0.019673810045794576,0,0
34,8,Danielle Fishel,37.0,0.06969771,-0.40704861613797866,-2.453286004100299,-1.4301673101191388,0,1
33,1,Danny Amendola,20.0,0.08141194,0.42640143271122083,0.3386925513282032,0.382546992019712,0,0
33,2,Danny Amendola,21.0,0.08675861,0.41741887015884593,0.4250009397764847,0.4212099049676653,0,0
33,3,Danny Amendola,30.0,0.10220505,0.2513261241972757,0.4548742222017808,0.35310017319952824,0,0
33,4,Danny Amendola,36.0,0.116322905,1.529438225803746,0.2203143089287755,0.8748762673662608,0,0
33,5,Danny Amendola,25.5,0.13874881,0.22047927592204922,0.6128021553525075,0.41664071563727834,0,0
33,6,Danny Amendola,28.0,0.1573474,-0.48660024125645884,0.6246181489200773,0.06900895383180922,0,0
33,7,Danny Amendola,25.5,0.17539467,-0.5715476066494087,0.3162693290580886,-0.12763913879566008,0,0
33,8,Danny Amendola,27.0,0.19699673,-0.8528028654224417,-0.1379855904645613,-0.49539422794350146,0,1
33,9,Danny Amendola,28.0,0.19873105,-1.3388773627904078,-0.04674116711501936,-0.6928092649527136,1,1
8,1,David Alan Grier,19.0,0.08011693,0.0898366178497578,0.40237947567248583,0.2461080467611218,0,0
8,2,David Alan Grier,17.0,0.081164405,-0.8964049207579393,0.5961923131838034,-0.15010630378706796,0,0
8,3,David Alan Grier,24.0,0.08955145,0.5098794972674677,0.6878655631116298,0.5988725301895488,0,0
8,4,David Alan Grier,22.0,0.10110721,0.0,0.723886380493351,0.3619431902466755,0,0
8,5,David Alan Grier,22.0,0.08949724,-0.3849001794597502,-2.0461296169139915,-1.2155148981868709,0,1
13,1,David Arquette,18.0,0.09042056,-0.030725298061277058,1.0750707698767596,0.5221727359077413,0,0
13,2,David Arquette,18.0,0.09782546,-1.163105262998089,0.931762968847891,-0.11567114707509896,0,0
13,3,David Arquette,24.0,0.106702484,0.1142080481440324,0.7138623643495716,0.414035206246802,0,0
13,4,David Arquette,23.0,0.11890605,-0.07647191129018699,0.9389274374769134,0.4312277630933632,0,0
13,5,David Arquette,25.0,0.13347456,0.5400617248673217,0.7874410209097893,0.6637513728885556,0,0
13,6,David Arquette,23.0,0.15141007,-0.17910527558776848,0.648421828189127,0.23465827630067926,0,0
13,7,David Arquette,23.5,0.14200123,-0.5749792108382491,-1.9515640282830564,-1.2632716195606528,0,1
11,1,David Hasselhoff,15.0,0.06457587,-1.1622585804299175,-2.192877186084272,-1.6775678832570948,1,1
24,1,David Ross,28.0,0.083165415,0.6173937641020016,-0.02887120908962588,0.29426127750618786,0,0
24,2,David Ross,27.0,0.08343642,-0.09981867618808596,0.011748716129008357,-0.0440349800295388,0,0
24,3,David Ross,31.0,0.09152157,0.5862640288221223,0.06621430181502574,0.326239165318574,0,0
24,4,David Ross,31.0,0.09962503,-0.48888050623602675,-0.03620903291158115,-0.26254476957380396,0,0
24,5,David Ross,29.0,0.108924486,-1.3971278459752612,-0.2057991584888918,-0.8014635022320765,1,1
24,6,David Ross,31.0,0.11777572,-1.086299163011568,-0.5213487032754366,-0.8038239331435022,0,1
24,7,David Ross,32.0,0.14813273,-1.020637581854099,0.3476288956931542,-0.3365043430804724,0,0
24,8,David Ross,32.5,0.20524314,-0.5749430762167035,0.15074952676925968,-0.2120967747237219,0,1
24,9,David Ross,35.0,0.26132166,-1.3712518928171085,0.3397469937429503,-0.5157524495370791,1,1
24,10,David Ross,36.3333,0.33045498,-1.1499302167824006,-0.06228228393214847,-0.6061062503572745,1,1
27,1,DeMarcus Ware,23.0,0.07949479,1.3226728464418398,0.27398069724646085,0.7983267718441504,0,0
27,2,DeMarcus Ware,23.5,0.084542915,0.3190753577302708,0.141602027259686,0.2303386924949784,0,0
27,3,DeMarcus Ware,26.0,0.094834775,0.39943940293731567,0.42366405075422225,0.41155172684576896,0,0
27,4,DeMarcus Ware,22.0,0.10304118,-0.30689745276171293,0.3443993197670818,0.018750933502684447,0,0
27,5,DeMarcus Ware,26.0,0.11346341,0.3471704292821967,0.24820983903971022,0.29769013416095347,0,0
27,6,DeMarcus Ware,26.0,0.11342656,0.14098497814593824,0.18354061526276522,0.16226279670435173,0,0
27,7,DeMarcus Ware,26.5,0.09976477,-0.3715343990103462,-1.4481130812145642,-0.9098237401124551,0,1
25,1,Debbie Gibson,17.0,0.0838187,-0.553562348470692,1.1652258704119112,0.3058317609706096,0,0
25,2,Debbie Gibson,20.5,0.060886916,-0.24339545608519503,-1.566640829717158,-0.9050181429011764,0,1
9,1,Debi Mazar,22.0,0.06780205,-0.6334786235066802,0.613088341709246,-0.010195140898717092,0,0
9,2,Debi Mazar,21.0,0.07833516,0.0,0.7752247741069711,0.38761238705348555,0,0
9,3,Debi Mazar,17.0,0.058133416,-0.7355026667616428,-2.0493296678869557,-1.3924161673242992,0,1
8,1,Denise Richards,18.0,0.0800739,-0.20213239016195608,0.3969583121864077,0.09741296101222581,0,0
8,2,Denise Richards,21.0,0.08133761,0.16298271286508031,0.6205393132773717,0.391761013071226,0,0
8,3,Denise Richards,16.0,0.06316291,-0.92978025972303,-2.2313079704477485,-1.5805441150853894,0,1
25,1,Derek Fisher,18.0,0.07687918,-0.15376731901963628,-0.007417070171179955,-0.08059219459540812,0,0
25,2,Derek Fisher,19.0,0.079671055,-0.9214256551796649,0.268461580196611,-0.32648203749152693,0,0
25,3,Derek Fisher,21.0,0.09001782,-0.5304576150695569,-0.19859850986860506,-0.364528062469081,0,0
25,4,Derek Fisher,23.0,0.070317715,-0.8334762598987158,-2.614054175073629,-1.7237652174861724,1,1
18,1,Diana Nyad,18.0,0.0824311,-1.1720501718305436,-0.15597481304298436,-0.664012492436764,0,0
14,1,Donald Driver,21.0,0.078426264,-0.696630546019236,-1.172298669652912,-0.9344646078360741,0,0
14,2,Donald Driver,24.0,0.07945504,0.544780917554515,-0.5248529301804036,0.009963993687055694,0,0
14,3,Donald Driver,26.0,0.088481724,0.3015113445777643,-0.28399884808932235,0.008756248244220971,0,0
14,4,Donald Driver,27.0,0.09832307,1.5682096279278952,-0.18056507868823315,0.693822274619831,0,0
14,5,Donald Driver,27.0,0.10846453,0.5886699222975526,-0.2741496488467783,0.15726013672538713,0,0
14,6,Donald Driver,33.9999,0.12459549,0.3436745610326725,-0.03480427107781964,0.15443514497742644,0,0
14,7,Donald Driver,26.5,0.14528807,0.18752289237539752,0.18783260305550087,0.1876777477154492,0,0
14,8,Donald Driver,27.5,0.17367011,0.23063280200722128,0.3485654961108185,0.2895991490590199,0,0
14,9,Donald Driver,28.5,0.25290054,-0.3872983346207417,0.08908639338420006,-0.14910597061827083,1,1
14,10,Donald Driver,29.666600000000003,0.28492245,-0.5773502691896196,-1.1421955525059213,-0.8597729108477705,1,1
9,1,Donny Osmond,29.9999,0.08006443,0.8681260581701371,2.0310151701346335,1.4495706141523854,0,0
9,2,Donny Osmond,25.0,0.07911837,1.2951522516054665,0.8631355140533146,1.0791438828293907,0,0
9,3,Donny Osmond,21.0,0.09575276,0.2981767567952604,2.0536942889571823,1.1759355228762214,0,0
9,4,Donny Osmond,24.0,0.1051215,0.4364357804719848,1.2614324296032398,0.8489341050376122,0,0
9,5,Donny Osmond,29.0,0.11379372,1.9311904108289528,1.26090474477435,1.5960475778016514,0,0
9,6,Donny Osmond,30.9999,0.12366001,0.413139332863137,0.9422207897746601,0.6776800613188985,0,0
9,7,Donny Osmond,26.0,0.1591655,0.4529680883161413,0.9436542517860583,0.6983111700510998,0,0
9,8,Donny Osmond,25.0,0.22289613,-0.6346630624175338,1.2231099226028617,0.29422343009266394,0,0
9,9,Donny Osmond,24.666600000000003,0.2766678,-1.0954277693855157,0.718618199214653,-0.18840478508543135,0,0
9,10,Donny Osmond,28.9998,0.3597239,0.7347099250696901,0.43987025157276805,0.5872900883212291,0,0
16,1,Dorothy Hamill,21.0,0.083905995,0.6524867449207971,0.08645104766527584,0.3694688962930365,0,0
16,2,Dorothy Hamill,15.0,0.08429687,-1.4507356002262526,0.17037077576749082,-0.6401824122293809,0,0
22,1,Doug Flutie,15.0,0.08514581,-1.4366381986879346,0.2655901677267714,-0.5855240154805816,0,1
22,2,Doug Flutie,20.0,0.08657896,0.10605396627557645,0.33180398543246165,0.21892897585401905,0,0
22,3,Doug Flutie,20.0,0.09366195,-0.7476591451270229,0.3395495052281121,-0.2040548199494554,0,0
22,4,Doug Flutie,24.0,0.09930914,-1.880123584974293,-0.06593902346221918,-0.9730313042182561,1,1
22,5,Doug Flutie,28.0,0.109747306,-0.754247233265651,-0.13196930779259305,-0.44310827052912205,0,1
22,6,Doug Flutie,21.0,0.08549272,-1.7317510151291464,-2.0399141425689167,-1.8858325788490315,1,1
18,1,Drew Carey,21.0,0.0703666,-0.2547935156153353,-2.241635859118764,-1.2482146873670497,0,1
18,2,Drew Carey,21.0,0.08050541,-0.3992165091770978,-1.2810204904490878,-0.8401184998130928,0,0
18,3,Drew Carey,30.0,0.090650775,-1.559995731129956,-2.080352881217542,-1.820174306173749,1,1
18,4,Drew Carey,33.0,0.09289222,0.0,-1.865340892323653,-0.9326704461618265,0,1
18,5,Drew Carey,28.0,0.10824724,-2.2504665034619236,-0.3303778041744518,-1.2904221538181877,1,1
18,6,Drew Carey,32.0,0.09165264,-1.1339618887852412,-2.262837686593069,-1.698399787689155,1,1
2,1,Drew Lachey,24.0,0.112595454,1.086099282057325,0.6407346787760382,0.8634169804166816,0,0
15,1,Drew Lachey,21.5,0.08558153,0.11561645129323764,0.9991483775698642,0.5573824144315509,0,0
2,2,Drew Lachey,27.0,0.12099385,1.1278749146893086,0.5047888888893108,0.8163319017893097,0,0
15,2,Drew Lachey,22.5,0.0902009,-0.22886885410853175,0.9066402669820098,0.33888570643673904,0,0
2,3,Drew Lachey,27.0,0.13636349,0.9386679716361955,0.4905351160103008,0.7146015438232481,0,0
15,3,Drew Lachey,24.0,0.07443288,-0.931163148256335,-1.5122365335481278,-1.2216998409022315,0,1
2,4,Drew Lachey,28.0,0.15378807,0.8008137977782757,0.511487713761213,0.6561507557697444,0,0
2,5,Drew Lachey,27.0,0.1834066,0.6263765644712502,0.5935010096487326,0.6099387870599915,0,0
2,6,Drew Lachey,30.0,0.22178148,0.9694521124707414,0.6448985284744869,0.8071753204726142,0,0
2,7,Drew Lachey,27.5,0.29572818,0.5940885257860046,0.943657717525703,0.7688731216558538,0,0
2,8,Drew Lachey,28.9998,0.3612346,0.7043551963328242,0.5512223561902557,0.62778877626154,0,0
25,1,Drew Scott,16.0,0.0731441,-0.9533573779217477,-0.6385724230649104,-0.795964900493329,0,1
25,2,Drew Scott,20.5,0.07674093,-0.24339545608519503,-0.017794790076660037,-0.13059512308092752,0,0
25,3,Drew Scott,23.0,0.08382465,0.36723988735584584,-1.5785965134373823,-0.6056783130407682,1,1
25,4,Drew Scott,24.0,0.08641656,-0.32412965662727844,-0.5703222089485463,-0.4472259327879124,0,1
25,5,Drew Scott,25.0,0.09558558,-0.437479600327819,-0.497270653614212,-0.4673751269710155,0,0
25,6,Drew Scott,30.0,0.10693062,-0.8528028654224417,-0.43731949581647395,-0.6450611806194578,0,1
25,7,Drew Scott,28.5,0.121306345,0.7737468646310083,-0.19493827860976895,0.28940429301061965,0,0
25,8,Drew Scott,23.5,0.1617297,-1.0973881043774218,-0.2806763664403928,-0.6890322354089073,1,1
25,9,Drew Scott,24.0,0.19712149,-1.3949716649258315,-0.13708709006825848,-0.766029377497045,1,1
25,10,Drew Scott,37.5,0.19511327,-1.3459208572162185,-1.493711876239851,-1.4198163667280346,1,1
33,1,Dwight Howard ,22.0,0.080870025,1.2792042981336627,0.29780410362917714,0.7885042008814199,0,0
33,2,Dwight Howard ,22.0,0.086067885,0.7791818909631792,0.39515418939068603,0.5871680401769326,0,0
33,3,Dwight Howard ,26.0,0.10035946,-0.6702029978594026,0.3805546174960497,-0.14482419018167647,0,0
33,4,Dwight Howard ,29.0,0.11318777,-1.6823820483841183,0.08778502595911893,-0.7972985112124997,1,1
33,5,Dwight Howard ,24.0,0.12708066,-1.102396379610246,0.09273769384810436,-0.5048293428810708,0,1
33,6,Dwight Howard ,31.0,0.14536975,0.5352602653821058,0.10830833307852675,0.32178429923031626,0,0
33,7,Dwight Howard ,24.0,0.11136618,-1.3063945294843622,-2.0038768639038134,-1.6551356966940878,1,1
34,1,Dylan Efron,10.0,0.06912207,-0.8197140257378697,-0.5894756513045983,-0.704594838521234,0,1
34,2,Dylan Efron,20.0,0.07762802,0.06168971234249087,0.3140156016988663,0.18785265702067858,0,0
34,3,Dylan Efron,23.0,0.08684748,0.7508276712644513,0.20740669678286605,0.47911718402365866,0,0
34,4,Dylan Efron,23.0,0.09408819,0.23097706696354336,0.17263171252745865,0.20180438974550102,0,0
34,5,Dylan Efron,36.0,0.09100065,1.2866120334284394,-0.5515236462252759,0.36754419360158175,0,0
34,6,Dylan Efron,32.0,0.104996674,-0.4803844614152614,0.2705522672395591,-0.10491609708785116,0,0
34,7,Dylan Efron,38.0,0.11676872,0.23366654574426118,0.3370243623357399,0.28534545404000056,0,0
34,8,Dylan Efron,38.0,0.13230573,0.18502209824453575,0.3240922782534991,0.2545571882490174,0,0
34,9,Dylan Efron,42.0,0.14860998,0.7209016910233331,0.2826206265174143,0.5017611587703737,0,0
34,10,Dylan Efron,27.5,0.17289326,-1.707825127659935,0.18922629072845654,-0.7592994184657392,1,1
34,11,Dylan Efron,29.3332,0.18649594,-0.5262348115842116,-0.4373402501160143,-0.48178753085011294,0,1
34,1,Elaine Hendrix,12.0,0.07420589,0.13661900428964538,0.709803138168486,0.42321107122906565,0,0
34,2,Elaine Hendrix,21.0,0.08093394,0.4935176987399285,0.48146766939959373,0.4874926840697611,0,0
34,3,Elaine Hendrix,21.0,0.092370436,-0.19758622928011946,0.5333747210166899,0.16789424586828522,0,0
34,4,Elaine Hendrix,24.0,0.10127742,0.7391266142833403,0.563022278478844,0.6510744463810921,0,0
34,5,Elaine Hendrix,30.0,0.11003408,-0.3558714135014835,0.6149372885262752,0.12953293751239583,0,0
34,6,Elaine Hendrix,36.0,0.10904691,0.4803844614152614,0.48985806299685325,0.48512126220605734,0,0
34,7,Elaine Hendrix,32.0,0.12255526,-1.0281328012747457,0.6817286298440219,-0.1732020857153619,0,0
34,8,Elaine Hendrix,37.5,0.1387923,-0.11101325894672144,0.6118454869473321,0.25041611400030533,0,0
34,9,Elaine Hendrix,36.0,0.15666646,-0.5406762682674991,0.6784130094471454,0.06886837058982315,0,1
34,10,Elaine Hendrix,28.5,0.19067927,-0.24397501823713505,0.7297439673969321,0.24288447457989853,0,0
34,11,Elaine Hendrix,28.9998,0.22424194,-1.4032928308912433,0.7850958150838826,-0.3090985079036804,1,1
13,1,Elisabetta Canalis,15.0,0.08510445,-1.136836028267267,0.26866281685553145,-0.43408660570586777,0,0
13,2,Elisabetta Canalis,21.0,0.0739545,0.372193684159388,-2.284093030028633,-0.9559496729346224,0,1
17,1,Elizabeth Berkley Lauren,24.0,0.0856474,0.7565432727724412,0.38388256168652346,0.5702129172294823,0,0
17,2,Elizabeth Berkley Lauren,25.0,0.086415954,0.9319759841179799,0.42974337740418056,0.6808596807610803,0,0
17,3,Elizabeth Berkley Lauren,25.0,0.09405136,0.4797390928809163,0.33776790831440573,0.408753500597661,0,0
17,4,Elizabeth Berkley Lauren,27.0,0.1050849,1.1061625132040853,0.5347661493874626,0.820464331295774,0,0
17,5,Elizabeth Berkley Lauren,26.0,0.116171174,-0.056545928645331194,0.5221123493747568,0.2327832103647128,0,0
17,6,Elizabeth Berkley Lauren,31.9998,0.1317853,1.096283586371128,0.6938969994238744,0.8950902928975012,0,0
17,7,Elizabeth Berkley Lauren,27.0,0.13178995,-0.4352019250457266,0.5374887328031001,0.05114340387868674,0,0
17,8,Elizabeth Berkley Lauren,25.0,0.15074237,-1.0563286022020395,0.5417688010593564,-0.25727990057134154,0,0
17,9,Elizabeth Berkley Lauren,28.0,0.13914025,0.6196874528219471,-1.6926566245541852,-0.536484585866119,0,1
3,1,Emmitt Smith,24.0,0.09144894,1.1326852593525716,0.0490909675765583,0.5908881134645649,0,0
15,1,Emmitt Smith,24.5,0.07808053,1.6186303181053323,0.1335650476838483,0.8760976828945903,0,0
3,2,Emmitt Smith,24.0,0.09716717,0.34412360080584264,-0.2329079014386179,0.055607849683612376,0,0
15,2,Emmitt Smith,22.5,0.08245467,-0.22886885410853175,-0.11600052800287206,-0.17243469105570192,0,0
3,3,Emmitt Smith,19.0,0.10823403,-1.4605934866804429,-0.24633614727038125,-0.8534648169754121,1,1
15,3,Emmitt Smith,25.0,0.09331136,-0.19953496034064358,0.22048735051060964,0.010476195084983028,0,0
3,4,Emmitt Smith,24.0,0.12625152,-0.2451825928095098,0.10392773065332848,-0.07062743107809066,0,0
15,4,Emmitt Smith,36.0,0.1134341,0.086999291828647,0.21846275639130616,0.15273102410997658,0,0
3,5,Emmitt Smith,27.0,0.13754667,0.7807200583588263,-0.4504972324354743,0.165111412961676,0,0
15,5,Emmitt Smith,28.0,0.12090314,0.18723577730810442,-0.9328040472918748,-0.37278413499188523,0,0
3,6,Emmitt Smith,25.0,0.18177038,0.38388594797495684,-1.3843651065565366,-0.5002395792907899,0,1
15,6,Emmitt Smith,26.5,0.12397599,-1.2601440246904174,-0.0966826278312102,-0.6784133262608139,1,1
3,7,Emmitt Smith,28.5,0.19214925,0.6469966392206304,-0.31759663843883573,0.16470000039089736,0,1
15,7,Emmitt Smith,34.4999,0.14267023,-0.01953543484074288,-0.020840207720152958,-0.020187821280447917,0,0
3,8,Emmitt Smith,27.0,0.248949,-0.2886751345948129,-0.03532162144713866,-0.16199837802097578,0,1
15,8,Emmitt Smith,29.0554,0.15067734,0.3953916981927115,0.49024452734309226,0.4428181127679019,0,0
3,9,Emmitt Smith,29.5,0.29596734,0.0,-1.1450212710453425,-0.5725106355226712,1,1
15,9,Emmitt Smith,27.0,0.16705461,-1.093276523561184,-1.2003150223634773,-1.1467957729623306,1,1
3,10,Emmitt Smith,29.666600000000003,0.46290043,0.0,-0.707106781186548,-0.353553390593274,1,1
33,1,Eric Roberts,15.0,0.08215988,-1.7056057308448833,0.3951259506103958,-0.6552398901172438,1,1
33,2,Eric Roberts,15.0,0.08772768,-1.753159254667154,0.4668751884230023,-0.6431420331220759,0,0
33,3,Eric Roberts,23.0,0.041166753,-1.3613498394019115,-2.0030617792671217,-1.6822058093345165,0,1
24,1,Erika Jayne,24.0,0.089460015,-0.2542209616890599,1.0534176415436054,0.3995983399272728,0,0
24,2,Erika Jayne,28.0,0.09078665,0.19963735237617297,0.8494906576132345,0.5245640049947038,0,0
24,3,Erika Jayne,26.0,0.09781837,-0.6539098783015981,0.7469595622542521,0.046524841976327,0,0
24,4,Erika Jayne,30.0,0.105530754,-0.7944308226335431,0.5340760920638914,-0.13017736528482587,0,0
24,5,Erika Jayne,32.0,0.08816685,-0.5198615240838182,-2.1594447746779486,-1.3396531493808834,0,1
10,1,Erin Andrews,21.0,0.07158897,0.5923488777590923,-1.8819902884122162,-0.644820705326562,0,1
10,2,Erin Andrews,23.0,0.084216155,0.6708203932499369,-0.7163822918320374,-0.022780949291050234,0,0
10,3,Erin Andrews,23.0,0.08923132,0.7101439158686046,-0.8529623131660753,-0.07140919864873535,0,0
10,4,Erin Andrews,19.5,0.098645136,-0.3032653621242366,-1.1122254514547538,-0.7077454067894953,0,0
10,5,Erin Andrews,22.0,0.11818292,0.07946795816743199,-0.5453284165819393,-0.23293022920725365,0,0
10,6,Erin Andrews,34.0,0.1351041,1.0006143490607207,-0.46285969940259947,0.26887732482906057,0,0
10,7,Erin Andrews,25.5,0.15885545,-0.4293783666079551,-0.38544263294457665,-0.40741049977626587,0,0
10,8,Erin Andrews,26.5,0.19723181,0.3668507043094456,-0.12257741925789538,0.12213664252577511,0,0
10,9,Erin Andrews,28.0,0.24485716,-0.15075567228888181,-0.15953152185961794,-0.15514359707424988,0,1
10,10,Erin Andrews,26.9998,0.2554146,-0.5241512302893352,-1.0918309792848986,-0.8079911047871169,0,1
10,1,Evan Lysacek,23.0,0.095598124,1.1846977555181846,0.45676276065059673,0.8207302580843907,0,0
10,2,Evan Lysacek,24.0,0.09622655,0.8944271909999159,0.5691585345888905,0.7317928627944033,0,0
10,3,Evan Lysacek,26.0,0.1058645,1.4991927112781653,0.46451329061303775,0.9818530009456016,0,0
10,4,Evan Lysacek,26.0,0.12033745,1.470837006302548,0.8231824165416753,1.1470097114221116,0,0
10,5,Evan Lysacek,27.0,0.13363586,1.1390407337331918,0.6908205920348273,0.9149306628840095,0,0
10,6,Evan Lysacek,27.0,0.14757706,-0.6900380525701117,0.28178104184059943,-0.20412850536475616,0,1
10,7,Evan Lysacek,27.0,0.17115612,1.1163837531806788,0.22153010289902092,0.6689569280398499,0,0
10,8,Evan Lysacek,26.5,0.20788531,0.3668507043094456,0.34916712720169896,0.35800891575557225,0,0
10,9,Evan Lysacek,29.5,0.2571854,0.753778361444409,0.22289142360991265,0.48833489252716084,0,0
10,10,Evan Lysacek,26.8887,0.34906566,-0.6289626084123467,0.22044838761010185,-0.20425711040112243,1,1
1,1,Evander Holyfield,18.0,0.17442614,-0.06140634384863477,0.34851361312067025,0.14355363463601775,0,0
1,2,Evander Holyfield,14.0,0.17316692,-1.3870232926631432,0.18554852882515185,-0.6007373819189956,1,1
1,3,Evander Holyfield,13.0,0.13577077,-1.649929455000344,-1.7787238352225232,-1.7143266451114336,1,1
27,1,Evanna Lynch,18.0,0.082901925,-0.6312756767108789,0.6369629722085134,0.002843647748817235,0,0
27,2,Evanna Lynch,24.0,0.08826616,0.48554945741562966,0.57747201613556,0.5315107367755948,0,0
27,3,Evanna Lynch,27.0,0.09715771,0.6923616317580139,0.6743575152431316,0.6833595735005727,0,0
27,4,Evanna Lynch,24.0,0.106048085,0.20459830184114225,0.6849174034530283,0.4447578526470853,0,0
27,5,Evanna Lynch,24.0,0.11619245,-0.1735852146410988,0.5361725049976793,0.18129364517829027,0,0
27,6,Evanna Lynch,29.0,0.11815568,0.9023038601340027,0.558408643885993,0.7303562520099978,0,0
27,7,Evanna Lynch,29.5,0.14493908,1.2497066148529827,1.1441968921571521,1.1969517535050676,0,0
27,8,Evanna Lynch,29.0,0.18907271,0.6634034720037778,0.927382129617742,0.7953928008107599,0,0
27,9,Evanna Lynch,30.0,0.26882756,0.7833494518006403,0.7177187022551313,0.7505340770278859,0,0
11,1,Florence Henderson,18.0,0.08956116,-0.27201796563253416,0.7280764617782567,0.22802924807286126,0,0
11,2,Florence Henderson,19.0,0.09840536,-0.3305647150089128,0.8491971259281063,0.2593162054595967,0,0
11,3,Florence Henderson,20.0,0.107236736,-0.7943560850305864,0.7596060625031945,-0.01737501126369595,0,0
11,4,Florence Henderson,17.5,0.11706852,-0.5403037688383086,0.5589019873466761,0.009299109254183757,0,0
11,5,Florence Henderson,21.0,0.105044104,-0.6002450479987809,-1.9158868389805712,-1.258065943489676,0,1
5,1,Floyd Mayweather Jr. ,18.0,0.08166445,-1.1631285452935947,-0.14839189128275465,-0.6557602182881747,0,1
5,2,Floyd Mayweather Jr. ,21.0,0.08863778,-0.18802535827258882,-0.19244562462542072,-0.19023549144900476,0,0
5,3,Floyd Mayweather Jr. ,21.0,0.097267784,-0.8838068516840037,-0.23282642404969617,-0.5583166378668499,0,0
5,4,Floyd Mayweather Jr. ,23.0,0.0829393,-1.2792042981336627,-2.0075513473519706,-1.6433778227428166,0,1
25,1,Frankie Muniz,19.0,0.08078122,0.24602771043141944,0.6519512521152095,0.4489894812733145,0,0
25,2,Frankie Muniz,24.0,0.08351962,1.338675008468568,0.6444442593180644,0.9915596338933161,0,0
25,3,Frankie Muniz,21.0,0.09367302,-0.5304576150695569,0.615874321112071,0.04270835302125703,0,0
25,4,Frankie Muniz,24.0,0.09492896,-0.32412965662727844,0.5103182959102281,0.09309431964147485,0,0
25,5,Frankie Muniz,29.0,0.10571009,1.1533553099551572,0.6432238406168816,0.8982895752860194,0,0
25,6,Frankie Muniz,31.0,0.115264565,-0.6396021490668313,0.4344898916067228,-0.10255612873005426,0,0
25,7,Frankie Muniz,30.0,0.1331271,1.487974739675016,0.42891822427537324,0.9584464819751947,0,0
25,8,Frankie Muniz,26.5,0.18210618,0.17699808135119766,0.8777670165907567,0.5273825489709771,0,0
25,9,Frankie Muniz,25.5,0.209418,-0.6974858324629157,0.4485254673555963,-0.12448018255365972,0,0
25,10,Frankie Muniz,38.8887,0.2721859,-0.17567946574930807,0.603776756742961,0.2140486454968265,0,1
31,1,Gabby Windey,28.0,0.06407225,0.9196994844369387,0.12060968275899957,0.5201545835979692,0,0
31,2,Gabby Windey,32.0,0.06793565,1.3680363890346787,0.08929946628085149,0.7286679276577651,0,0
31,3,Gabby Windey,33.0,0.07568378,1.231017543587167,0.2874137439772767,0.759215643782222,0,0
31,4,Gabby Windey,36.0,0.08046471,1.2485394618378902,0.21303570578558914,0.7307875838117397,0,0
31,5,Gabby Windey,41.0,0.08793617,1.0665854514908881,0.28628817643662835,0.6764368139637582,0,0
31,6,Gabby Windey,37.0,0.11019388,0.788382496841455,0.5083118875548567,0.6483471921981558,0,0
31,7,Gabby Windey,35.5,0.11802593,-0.27801921874276536,0.32862191636283045,0.025301348810032542,0,0
31,8,Gabby Windey,40.0,0.14180748,0.14119741095629018,0.524600959979407,0.3328991854678486,0,0
31,9,Gabby Windey,40.0,0.19617389,1.1194341570991133,0.7508570294894923,0.9351455932943028,0,0
31,10,Gabby Windey,40.0,0.27152896,0.8660254037844387,0.528556323417584,0.6972908636010113,0,0
21,1,Gary Busey,15.0,0.08132086,-0.9454229135015613,0.5328386639075897,-0.20629212479698578,0,0
21,2,Gary Busey,16.5,0.08405775,-1.4242787256768659,0.7246268229331467,-0.34982595137185957,0,0
21,3,Gary Busey,25.0,0.09980208,-1.1162416509613684,-0.0165187615539398,-0.5663802062576541,0,0
21,4,Gary Busey,16.0,0.07707326,-1.8468956716737535,-1.8169653099545127,-1.8319304908141332,1,1
14,1,Gavin DeGraw,20.0,0.087698095,-1.16105091003206,1.0427397720277323,-0.0591555690021639,0,0
14,2,Gavin DeGraw,21.0,0.08861508,-0.4874355578119352,0.7147844395755992,0.11367444088183201,0,0
14,3,Gavin DeGraw,24.0,0.09651064,-0.8040302522073688,0.655374205758156,-0.07432802322460641,0,0
14,4,Gavin DeGraw,23.0,0.105929784,-0.12715213199415398,0.6384944643861077,0.25567116619597685,0,0
14,5,Gavin DeGraw,19.0,0.08772043,-1.6420792569352785,-2.4229507890233655,-2.032515022979322,1,1
2,1,George Hamilton,18.0,0.10675644,-0.3620330940191084,0.34370211863259004,-0.009165487693259172,0,0
2,2,George Hamilton,22.0,0.11673173,-0.05245929835764206,0.28708900002792764,0.11731485083514279,0,0
2,3,George Hamilton,22.0,0.12851608,-0.1656472891122698,0.15178078568932254,-0.006933251711473631,0,0
2,4,George Hamilton,21.0,0.14926226,-0.23181452040950115,0.2997127394488402,0.03394910951966952,0,1
2,5,George Hamilton,24.0,0.17829086,-0.3986032682998872,0.4121265747707617,0.006761653235437259,0,0
2,6,George Hamilton,23.0,0.14319623,-1.0264787073219623,-1.6818274493773113,-1.3541530783496367,1,1
22,1,Geraldo Rivera,13.0,0.07507511,-2.0415384928723284,-1.210117133832841,-1.6258278133525845,1,1
22,2,Geraldo Rivera,13.0,0.057487182,-2.1210793255115368,-2.6422801849655553,-2.381679755238546,1,1
8,1,Gilles Marini,24.0,0.08023467,1.5496816579083272,0.4172130287482656,0.9834473433282964,0,0
15,1,Gilles Marini,24.0,0.08154205,1.3681280069699833,0.5330096561449931,0.9505688315574882,0,0
8,2,Gilles Marini,27.0,0.080850214,1.75206416329961,0.5520272584429029,1.1520457108712563,0,0
15,2,Gilles Marini,25.5,0.09011206,1.1443442705426587,0.8949117992981864,1.0196280349204225,0,0
8,3,Gilles Marini,27.0,0.08756912,1.0497519061389045,0.46857471675253703,0.7591633114457208,0,0
15,3,Gilles Marini,25.5,0.098810405,0.16627913361720212,0.7252063009247213,0.4457427172709617,0,0
8,4,Gilles Marini,30.0,0.098893285,1.3522468075656264,0.5667368444662839,0.9594918260159552,0,0
15,4,Gilles Marini,39.5,0.11823416,1.1831903688695962,0.6698787504407772,0.9265345596551866,0,0
8,5,Gilles Marini,29.0,0.11970225,1.63582576270394,0.8133002108323225,1.2245629867681314,0,0
15,5,Gilles Marini,28.25,0.13004418,0.4012195228030809,1.148498548443571,0.7748590356233259,0,0
8,6,Gilles Marini,26.0,0.1295882,0.6297107117751328,0.3644149395181058,0.4970628256466193,0,0
15,6,Gilles Marini,27.5,0.13040465,-0.5400617248673217,0.51028607205064,-0.014887826408340854,0,0
8,7,Gilles Marini,27.0,0.1472036,0.3692744729379982,0.3187501210587962,0.3440122969983972,0,0
15,7,Gilles Marini,33.4998,0.14818247,-0.29305887221992694,0.5937998490124589,0.15037048839626596,0,0
8,8,Gilles Marini,27.5,0.18029888,0.8519427513705972,0.8188271905894007,0.835384970979999,0,0
15,8,Gilles Marini,29.2777,0.12080587,0.5450776220827662,-1.3823840552456825,-0.41865321658145815,0,1
8,9,Gilles Marini,28.0,0.21370225,0.5700877125495692,0.7423328387215427,0.6562102756355559,0,0
8,10,Gilles Marini,30.0,0.27089375,1.05175438718833,0.5678099399663089,0.8097821635773195,0,0
8,11,Gilles Marini,29.0,0.34231186,-0.21821789023599394,0.24521768843766473,0.013499899100835391,0,1
22,1,Ginger Zee,23.0,0.07087764,0.9829629780496395,-1.8251922653606807,-0.4211146436555206,0,0
22,2,Ginger Zee,21.0,0.07507269,0.4242158651023069,-0.8444945366903729,-0.210139335794033,0,0
22,3,Ginger Zee,21.0,0.084523484,-0.26387969828012614,-0.787627943430592,-0.525753820855359,0,1
22,4,Ginger Zee,36.0,0.09755443,0.9757603415689374,-0.23341694499222712,0.37117169828835517,0,0
22,5,Ginger Zee,32.0,0.10453371,0.377123616632825,-0.6364657888846267,-0.12967108612590084,0,0
22,6,Ginger Zee,24.0,0.103144206,-0.5012963464847527,-0.6343804860979133,-0.567838416291333,0,1
22,7,Ginger Zee,27.5,0.12580515,0.7783117824941562,0.055101449932466164,0.4167066162133112,0,0
22,8,Ginger Zee,30.0,0.16641769,0.9446324065374979,-0.013554258248856322,0.4655390741443208,0,0
22,9,Ginger Zee,28.0,0.21577895,-0.6751399510385762,0.5891269718965854,-0.0430064895709954,0,0
22,10,Ginger Zee,28.3332,0.31687587,-0.9999499987504332,-0.435632367248221,-0.7177911829993271,1,1
2,1,Giselle Fernandez,23.0,0.09918448,0.8447438860445862,-0.04148597375831342,0.4016289561431364,0,0
2,2,Giselle Fernandez,24.0,0.11093475,0.41967438686113817,-0.009008224295100408,0.2053330812830189,0,0
2,3,Giselle Fernandez,22.0,0.0688406,-0.1656472891122698,-2.4242700723623067,-1.2949586807372884,0,1
14,1,Gladys Knight,23.0,0.08753482,0.232210182006412,1.0037334094694181,0.617971795737915,0,0
14,2,Gladys Knight,19.0,0.088878796,-1.175579874722902,0.7504733894712953,-0.21255324262580338,0,0
14,3,Gladys Knight,24.0,0.09813238,-0.8040302522073688,0.8451157420186699,0.020542744905650556,0,0
14,4,Gladys Knight,20.0,0.10675377,-1.398673451935691,0.7272178732929829,-0.335727789321354,1,1
14,5,Gladys Knight,22.0,0.117073536,-0.8055483147229668,0.6176240076910848,-0.093962153515941,0,0
14,6,Gladys Knight,24.0,0.09825793,-1.6201744623864174,-2.30090995548727,-1.9605422089368436,1,1
28,1,Hannah Brown,20.0,0.08109046,1.2072141514462091,-0.19384067333729585,0.5066867390544566,0,0
28,2,Hannah Brown,24.0,0.083875135,1.7687551056197446,0.035648688414632805,0.9022018970171887,0,0
28,3,Hannah Brown,21.0,0.096601166,0.28860091550768946,-0.5799455885029842,-0.14567233649764735,0,0
28,4,Hannah Brown,32.0,0.103589855,0.8279148736281307,0.19114357974922808,0.5095292266886794,0,0
28,5,Hannah Brown,25.0,0.11038591,0.4321358157014428,-0.04569442658076683,0.193220694560338,0,0
28,6,Hannah Brown,24.0,0.11252089,-0.6885303726590957,0.06471244171281208,-0.3119089654731418,0,0
28,7,Hannah Brown,26.0,0.13031726,0.362284418654736,0.23754488570042548,0.29991465217758073,0,0
28,8,Hannah Brown,30.9998,0.15037245,0.7807122990912011,0.29283581923121405,0.5367740591612076,0,0
28,9,Hannah Brown,35.5,0.17458159,0.14715786734346878,0.2634596880467864,0.20530877769512756,0,1
28,10,Hannah Brown,27.0,0.2106014,-0.3244428422615251,0.29964536393386804,-0.012398739163828526,0,1
28,11,Hannah Brown,29.0,0.19743349,-0.3872983346207417,-1.4515405216218562,-0.919419428121299,0,1
3,1,Harry Hamlin,17.0,0.094543025,-0.5445602208425827,0.33044806468745064,-0.10705607807756604,0,0
3,2,Harry Hamlin,21.0,0.102974534,-0.6882472016116853,0.24455883961197925,-0.22184418099985304,0,0
3,3,Harry Hamlin,22.0,0.083076596,-0.3651483716701107,-2.4003129528058778,-1.3827306622379942,0,1
32,1,Harry Jowsey,12.0,0.07357804,-1.2847062774952633,0.1403992387983273,-0.572153519348468,0,0
32,2,Harry Jowsey,15.0,0.07963778,-0.9036791441564663,0.1721463730611537,-0.3657663855476563,0,0
32,3,Harry Jowsey,24.0,0.08402111,-0.5988695479328419,0.03827546797390116,-0.28029703997947036,0,0
32,4,Harry Jowsey,21.0,0.092551365,-0.2795894086082409,0.08952484593992659,-0.09503228133415714,0,0
32,5,Harry Jowsey,18.0,0.10391422,-1.8973665961010275,0.21109224395334977,-0.8431371760738389,1,1
32,6,Harry Jowsey,29.0,0.115210496,-1.4551677428278436,0.192428483197884,-0.6313696298149798,1,1
32,7,Harry Jowsey,32.0,0.12952988,-1.6548190009562755,0.19788422667438657,-0.7284673871409445,1,1
32,8,Harry Jowsey,28.0,0.15550315,-1.7175740253880336,0.4935019692327827,-0.6120360280776255,1,1
32,9,Harry Jowsey,30.0,0.10404948,-1.3567533585236085,-2.013812939490475,-1.6852831490070417,1,1
21,1,Hayes Grier,21.0,0.06618875,0.395358672918835,-1.3005780604985369,-0.45260969378985094,0,0
21,2,Hayes Grier,22.5,0.070375964,0.5595380708016264,-0.6649505919105316,-0.0527062605544526,0,0
21,3,Hayes Grier,30.0,0.07949626,-0.10147651372376075,-1.7112664202834849,-0.9063714670036228,0,1
21,4,Hayes Grier,27.0,0.089163795,0.826242800485626,-0.8587794587230854,-0.016268329118729663,0,0
21,5,Hayes Grier,30.0,0.08982931,-0.6850933289361887,-1.7572967669089512,-1.22119504792257,0,1
21,6,Hayes Grier,32.0,0.094024196,-0.4699032286955009,-1.0074757529922604,-0.7386894908438807,0,0
21,7,Hayes Grier,28.0,0.094104156,0.4743416490252569,-1.9648867552403584,-0.7452725531075508,0,1
4,1,Heather Mills,18.0,0.07993699,-0.2152280270967151,-1.2018571540378988,-0.708542590567307,0,0
4,2,Heather Mills,24.0,0.08386447,0.6429053016807699,-0.6288905479474318,0.007007376866669024,0,0
4,3,Heather Mills,24.0,0.090773046,0.8549108042488853,-0.7401310647489917,0.05738986974994681,0,0
4,4,Heather Mills,23.0,0.10472464,0.40631968564984244,-0.5245484413837871,-0.05911437786697232,0,0
4,5,Heather Mills,21.0,0.115514904,-0.172223740956793,-0.6859546089610352,-0.4290891749589141,0,1
4,6,Heather Mills,23.0,0.10314752,-0.3626203338114209,-2.2001374460077496,-1.2813788899095853,0,1
24,1,Heather Morris,28.0,0.086630166,0.6173937641020016,0.5668555054784685,0.5921246347902351,0,0
24,2,Heather Morris,30.0,0.087121576,0.7985494095046909,0.43176410913198277,0.6151567593183368,0,0
24,3,Heather Morris,33.0,0.094003305,1.0823335916716104,0.3345139681401657,0.708423779905888,0,0
24,4,Heather Morris,35.0,0.103091255,0.7333207593540391,0.2985063309147861,0.5159135451344126,0,0
24,5,Heather Morris,34.0,0.12289145,0.06498269051047702,1.1087290464603796,0.5868558684854284,0,0
24,6,Heather Morris,37.0,0.10411792,1.3966703524434445,-1.506980218727553,-0.05515493314205422,0,0
31,1,Heidi D'Amelio,24.0,0.061825752,0.0278696813465739,-0.05172261438318704,-0.01192646651830657,0,0
31,2,Heidi D'Amelio,28.0,0.068425156,0.16094545753349204,0.123746699173828,0.14234607835366003,0,0
31,3,Heidi D'Amelio,32.0,0.071406536,0.9389116857868225,-0.0014886079846667532,0.46871153890107786,0,0
31,4,Heidi D'Amelio,34.0,0.07959288,0.6888493582553875,0.16059359059674175,0.4247214744260646,0,0
31,5,Heidi D'Amelio,39.0,0.084388696,0.4781245127372947,0.06564166699517313,0.27188308986623394,0,0
31,6,Heidi D'Amelio,36.0,0.10330967,0.473029498104873,0.16503457785757272,0.31903203798122287,0,0
31,7,Heidi D'Amelio,35.0,0.11605703,-0.4865336327998402,0.23505137783708235,-0.12574112748137892,0,0
31,8,Heidi D'Amelio,35.0,0.07310395,-0.8001186620856443,-1.619797393073999,-1.2099580275798216,0,1
5,1,Helio Castroneves,25.0,0.070739955,1.2198665231127934,-1.1197648212741964,0.050050850919298506,0,0
15,1,Helio Castroneves,21.5,0.0649837,0.11561645129323764,-1.3777531395379954,-0.6310683441223789,0,1
5,2,Helio Castroneves,27.0,0.07933714,1.5847851625832479,-0.9804751035279693,0.3021550295276393,0,0
15,2,Helio Castroneves,23.0,0.07441488,0.0,-1.1773964892784199,-0.5886982446392099,0,0
5,3,Helio Castroneves,24.0,0.08680243,0.03047609833393161,-1.1246325712529641,-0.5470782364595163,0,0
15,3,Helio Castroneves,25.5,0.06614719,0.16627913361720212,-2.272722174283328,-1.053221520333063,0,0
5,4,Helio Castroneves,27.0,0.09839782,0.42640143271122083,-0.9059618215783393,-0.23978019443355922,0,0
5,5,Helio Castroneves,23.0,0.1077094,-0.6256209638888841,-1.0717536075013951,-0.8486872856951396,0,1
5,6,Helio Castroneves,28.0,0.1330237,0.8129756650809228,-0.5882986264120283,0.11233851933444722,0,0
5,7,Helio Castroneves,26.0,0.15669656,0.0,-0.6009220676078149,-0.30046103380390743,0,1
5,8,Helio Castroneves,28.5,0.1915958,1.2064986936355795,-0.36692760240965233,0.41978554561296355,0,0
5,9,Helio Castroneves,30.0,0.23702194,0.7833494518006403,-0.42780096015965197,0.17777424582049417,0,0
5,10,Helio Castroneves,27.999900000000004,0.2594443,0.5206700467404881,-1.1546151196150223,-0.3169725364372671,0,1
34,1,Hilaria Baldwin,14.0,0.06589065,1.0929520343171604,-1.4153340542140465,-0.16119100994844304,0,0
34,2,Hilaria Baldwin,21.0,0.077421136,0.4935176987399285,0.3035364752910288,0.3985270870154787,0,0
34,3,Hilaria Baldwin,22.0,0.08562976,0.2766207209921659,0.13553616540980892,0.2060784432009874,0,0
34,4,Hilaria Baldwin,23.0,0.037328314,0.23097706696354336,-2.90955095723974,-1.3392869451380984,0,1
12,1,Hines Ward,21.0,0.09129691,0.6416103240209151,0.04540507620334936,0.3435077001121322,0,0
12,2,Hines Ward,23.0,0.092311986,1.3449655559615807,0.14520267051121433,0.7450841132363976,0,0
12,3,Hines Ward,25.0,0.10180942,1.2355976572819445,0.19787695321626284,0.7167373052491036,0,0
12,4,Hines Ward,25.0,0.112101555,0.8720092950405843,0.10400516334786335,0.48800722919422385,0,0
12,5,Hines Ward,27.0,0.12699784,1.257069560763053,0.16116764244751405,0.7091186016052836,0,0
12,6,Hines Ward,27.0,0.14179039,0.580544485925666,-0.07478390489522256,0.2528802905152217,0,0
12,7,Hines Ward,33.0,0.16606961,1.1081025026876272,-0.03386442536210103,0.5371190386627631,0,0
12,8,Hines Ward,27.0,0.20389885,0.565685424949238,0.23256573123973234,0.3991255780944852,0,0
12,9,Hines Ward,30.0,0.25815046,0.116945067431247,0.3647504891175058,0.2408477782743764,0,0
12,10,Hines Ward,29.666600000000003,0.31637824,0.5773502691896257,-0.7437265002416766,-0.08318811552602545,0,1
8,1,Holly Madison,18.0,0.07187993,-0.20213239016195608,-0.6353645084043527,-0.41874844928315436,0,0
8,2,Holly Madison,18.0,0.073513106,-0.6315580123521845,-0.4793319353593005,-0.5554449738557425,0,0
8,3,Holly Madison,17.0,0.08036909,-0.7498227900992178,-0.3279125848122149,-0.5388676874557163,0,0
8,4,Holly Madison,16.0,0.071577154,-1.01418510567422,-1.3722255470802094,-1.1932053263772147,0,1
13,1,Hope Solo,21.0,0.08472421,1.0753854321447127,0.21098369432857186,0.6431845632366423,0,0
13,2,Hope Solo,19.0,0.091933124,-0.6513389472789299,0.13795727050161175,-0.2566908383886591,0,0
13,3,Hope Solo,24.0,0.10087637,0.1142080481440324,0.09333907413256333,0.10377356113829786,0,0
13,4,Hope Solo,24.0,0.11306508,0.2676516895156557,0.23536259365546294,0.2515071415855593,0,0
13,5,Hope Solo,24.0,0.12716277,0.1800205749557739,0.2009605632141281,0.190490569084951,0,0
13,6,Hope Solo,20.0,0.14254168,-0.9313474330563951,-0.02391625225150542,-0.47763184265395026,0,1
13,7,Hope Solo,25.0,0.17018226,0.3658958614425209,0.2781586874023212,0.3220272744224211,0,0
13,8,Hope Solo,26.0,0.20591357,0.03524536884251257,0.3033943180638216,0.16931984345316708,0,0
13,9,Hope Solo,24.4998,0.21190357,-1.228788352031638,-1.450299943254672,-1.339544147643155,1,1
4,1,Ian Ziering,21.0,0.09645895,0.6725875846772355,0.6079181542625145,0.640252869469875,0,0
4,2,Ian Ziering,22.0,0.09704724,-0.10151136342327974,0.5479675145113708,0.22322807554404556,0,0
4,3,Ian Ziering,24.0,0.10562024,0.8549108042488853,0.45082345873238727,0.6528671314906362,0,0
4,4,Ian Ziering,24.0,0.11450136,0.6214301074644648,0.27845493798914717,0.449942522726806,0,0
4,5,Ian Ziering,24.0,0.12831584,0.344447481913586,0.23979886631623187,0.29212317411490896,0,0
4,6,Ian Ziering,24.0,0.14743382,-0.08058229640253775,0.25357412276922386,0.08649591318334306,0,0
4,7,Ian Ziering,27.0,0.1737521,0.2990208149653574,0.44917516846022987,0.3740979917127936,0,0
4,8,Ian Ziering,23.5,0.2088589,-0.4041254562261777,0.4858195703835289,0.040847057078675614,0,1
4,9,Ian Ziering,29.0,0.21325126,-1.3055824196677337,-1.3126860815240438,-1.3091342505958887,1,1
33,1,Ilona Maher,18.0,0.08180327,-0.42640143271122083,0.36821909375286305,-0.02909116947917889,0,0
33,2,Ilona Maher,21.0,0.08732005,0.41741887015884593,0.4492611873954396,0.4333400287771427,0,0
33,3,Ilona Maher,28.0,0.10473287,-0.2094384368310635,0.5566663771046793,0.17361397013680788,0,0
33,4,Ilona Maher,32.0,0.11411525,-0.3058876451607479,0.12699171382700905,-0.08944796566686943,0,0
33,5,Ilona Maher,26.0,0.1335823,0.6614378277661477,0.38252415575470294,0.5219809917604253,0,0
33,6,Ilona Maher,24.0,0.14735392,-1.8490809167745452,0.19383816967404693,-0.8276213735502491,1,1
33,7,Ilona Maher,26.0,0.16841757,-0.326598632371091,0.06344606236986092,-0.13157628500061502,0,1
33,8,Ilona Maher,28.5,0.21495454,0.42640143271122083,0.6870864363156624,0.5567439345134416,0,0
33,9,Ilona Maher,28.5,0.21571957,-0.7302967433402233,0.5790267973442326,-0.07563497299799538,0,0
30,1,Iman Shumpert,21.0,0.07049889,-0.8829360723743291,0.4006117003591284,-0.24116218600760037,0,0
30,2,Iman Shumpert,25.0,0.073218815,-0.16056988748241147,0.466969892812673,0.15320000266513076,0,0
30,3,Iman Shumpert,19.0,0.07743899,-1.1556268927507676,0.39256059192312864,-0.38153315041381947,0,0
30,4,Iman Shumpert,31.5,0.08692407,-0.18933066508312865,0.4502880612204487,0.13047869806866003,0,0
30,5,Iman Shumpert,28.0,0.099788144,-2.073221072156823,0.5095319722082403,-0.7818445499742913,1,1
30,6,Iman Shumpert,40.0,0.10539174,1.3671981455629505,0.27953963408270877,0.8233688898228296,0,0
30,7,Iman Shumpert,34.0,0.120565586,-0.7378647873726225,0.4628707657198356,-0.13749701082639346,0,0
30,8,Iman Shumpert,35.0,0.14044297,-0.908030412909849,0.6176722898198362,-0.14517906154500637,0,0
30,9,Iman Shumpert,37.5,0.19533183,-0.09221388919541337,0.7861196640958156,0.3469528874502011,0,0
30,10,Iman Shumpert,40.0,0.28024518,0.7833494518006403,0.731337599689492,0.7573435257450661,0,0
16,1,Ingo Rademacher,20.0,0.08858402,0.3120588780055988,0.7926660860377849,0.5523624820216918,0,0
16,2,Ingo Rademacher,20.0,0.0875629,-0.09067097501414048,0.7478634756181183,0.3285962503019889,0,0
16,3,Ingo Rademacher,21.0,0.09714859,-0.09630588758486147,0.7432603083259484,0.32347721037054344,0,0
16,4,Ingo Rademacher,23.0,0.10553281,0.18145751367274057,0.5816572395014776,0.3815573765871091,0,0
16,5,Ingo Rademacher,21.0,0.11744587,-0.5654592864533138,0.6029503076871572,0.0187455106169217,0,0
16,6,Ingo Rademacher,23.0,0.1339121,-0.23466983204052894,0.7970324118074404,0.28118128988345575,0,0
16,7,Ingo Rademacher,25.0,0.14690267,-0.2593756879669055,0.3147399670853995,0.027682139559246977,0,0
16,8,Ingo Rademacher,24.0,0.16509187,-0.6445839998252078,-0.09234386493946818,-0.368463932382338,0,1
16,9,Ingo Rademacher,25.5,0.1553173,-1.572000776296871,-1.6253852695527318,-1.5986930229248015,1,1
13,1,J.R. Martinez,22.0,0.089413226,1.4440890088800427,0.9222669059708801,1.1831779574254613,0,0
13,2,J.R. Martinez,22.0,0.09732106,0.883959999878547,0.8638110404028965,0.8738855201407217,0,0
13,3,J.R. Martinez,26.0,0.10647357,0.8755950357709132,0.6894813672635663,0.7825382015172397,0,0
13,4,J.R. Martinez,26.0,0.11951891,0.9558988911273412,1.0127485237321792,0.9843237074297602,0,0
13,5,J.R. Martinez,28.0,0.1360116,1.620185174601965,1.0231783284552265,1.3216817515285957,0,0
13,6,J.R. Martinez,29.0,0.15717894,1.3253790393494846,1.0857764080070573,1.205577723678271,0,0
13,7,J.R. Martinez,24.0,0.17453952,-0.26135418674465904,0.6229112248414167,0.18077851904837883,0,0
13,8,J.R. Martinez,30.0,0.21269153,1.4450601225429955,0.6511361970018189,1.0480981597724073,0,0
13,9,J.R. Martinez,28.0,0.26555037,-0.3895801473163621,0.5919893361581741,0.10120459442090599,0,1
13,10,J.R. Martinez,28.1665,0.35654423,-0.00020001999900593913,0.5934404097823425,0.29662019489166824,0,0
17,1,Jack Osbourne,23.0,0.077941135,0.47283954548277585,-0.8945167247219448,-0.21083858961958446,0,0
17,2,Jack Osbourne,24.0,0.07932,0.6030432838410457,-0.5594928575963763,0.021775213122334658,0,0
17,3,Jack Osbourne,22.0,0.08749655,-0.3118304103725963,-0.3668186677697928,-0.33932453907119453,0,0
17,4,Jack Osbourne,24.0,0.09602337,0.10056022847309888,-0.4182130043357694,-0.15882638793133527,0,0
17,5,Jack Osbourne,27.0,0.10903448,0.4523674291626514,-0.21427320519600537,0.119047111983323,0,0
17,6,Jack Osbourne,26.9998,0.119243324,-0.6578262833385053,-0.5887044102104326,-0.623265346774469,0,1
17,7,Jack Osbourne,28.5,0.123534866,0.5143295477813132,-0.11597896646919267,0.19917529065606027,0,0
17,8,Jack Osbourne,30.0,0.14055017,1.1184655788021607,-0.15850563325462363,0.4799799727737685,0,0
17,9,Jack Osbourne,27.0,0.16568807,0.26558033692369165,-0.06017634019932919,0.10270199836218123,0,0
17,10,Jack Osbourne,35.5,0.2003743,0.13130643285972254,0.017353612613284167,0.07433002273650335,0,0
17,11,Jack Osbourne,27.9999,0.24840227,-0.251148981864584,-0.049296616985595815,-0.15022279942508993,0,1
14,1,Jack Wagner,23.0,0.08328615,0.232210182006412,-0.01127294429342397,0.11046861885649402,0,0
14,2,Jack Wagner,21.0,0.084893495,-0.4874355578119352,0.21113862135609412,-0.13814846822792054,0,0
14,3,Jack Wagner,24.0,0.06811269,-0.8040302522073688,-2.667150156747069,-1.735590204477219,1,1
16,1,Jacoby Jones,20.0,0.08375768,0.3120588780055988,0.06406076898651378,0.18805982349605627,0,0
16,2,Jacoby Jones,23.0,0.082547836,0.7253678001131267,-0.13888981485492827,0.29323899262909925,0,0
16,3,Jacoby Jones,25.9998,0.09459905,1.2279795270102785,0.43955439944156766,0.833766963225923,0,0
16,4,Jacoby Jones,24.0,0.1015973,0.4838867031273075,0.1679221212011135,0.3259044121642105,0,0
16,5,Jacoby Jones,26.0,0.114513434,0.7068241080666426,0.3238374932676151,0.5153308006671289,0,0
16,6,Jacoby Jones,22.5,0.12627892,-0.4432652382987769,0.11437678708301989,-0.1644442256078785,0,0
16,7,Jacoby Jones,27.0,0.1472489,0.14409760442605893,0.34167642902767403,0.24288701672686647,0,0
16,8,Jacoby Jones,26.0,0.1674897,0.028025391296747745,0.04826137001726287,0.03814338065700531,0,0
16,9,Jacoby Jones,29.5,0.20371701,0.756889262661457,0.1352103327956139,0.4460497977285354,0,0
16,10,Jacoby Jones,27.9999,0.25375864,-1.305601408662753,0.10541209931840174,-0.6000946546721756,1,1
10,1,Jake Pavelka,20.0,0.08789492,0.29617443887954614,-0.29361319356057064,0.0012806226594877512,0,0
10,2,Jake Pavelka,20.0,0.08949332,0.0,-0.151537334171644,-0.075768667085822,0,0
10,3,Jake Pavelka,21.0,0.099428035,0.184111385595564,-0.04530417135623888,0.06940360711966256,0,0
10,4,Jake Pavelka,19.0,0.110436596,-0.4397347750801431,-0.06018072910907979,-0.24995775209461144,0,0
10,5,Jake Pavelka,23.0,0.1230683,0.29138251328058395,-0.15452526561414995,0.068428623833217,0,0
10,6,Jake Pavelka,24.9999,0.11262646,-1.1731057480703728,-1.804783870649663,-1.488944809360018,1,1
23,1,Jake T. Austin,22.0,0.08116949,-1.0483621980619533,0.48658925271440145,-0.2808864726737759,0,0
23,2,Jake T. Austin,24.0,0.05935095,-1.0030345907667269,-2.0843250745782176,-1.5436798326724723,0,1
14,1,Jaleel White,26.0,0.08463484,1.625471274044884,0.3109288080800031,0.9682000410624436,0,0
14,2,Jaleel White,22.0,0.084702805,-0.14336339935645181,0.18533235303862344,0.020984476841085814,0,0
14,3,Jaleel White,25.0,0.09183946,-0.25125945381480225,0.10885203244468968,-0.07120371068505629,0,0
14,4,Jaleel White,22.0,0.100779004,-0.5509925719746662,0.08387974990145007,-0.23355641103660807,0,0
14,5,Jaleel White,24.0,0.11306044,-0.24786101991475912,0.20192290422368356,-0.02296905784553778,0,0
14,6,Jaleel White,36.9998,0.132912,0.9328155209777657,0.6807552031273849,0.8067853620525753,0,0
14,7,Jaleel White,25.5,0.115359165,-0.46880723093849613,-2.124707240106016,-1.296757235522256,0,1
23,1,James Hinchcliffe,31.0,0.057503335,1.739328192239151,-2.225276968788669,-0.24297438827475892,0,0
23,2,James Hinchcliffe,29.0,0.0644373,0.6268966192292045,-1.481005417963331,-0.42705439936706324,0,0
23,3,James Hinchcliffe,29.0,0.06913031,0.6327927343501175,-1.3853376228932108,-0.37627244427154666,0,0
23,4,James Hinchcliffe,28.0,0.08698375,1.3237598556692667,-0.3840679987353671,0.4698459284669498,0,0
23,5,James Hinchcliffe,29.0,0.09961039,1.9025208769898678,-1.3580784747521384,0.2722212011188647,0,0
23,6,James Hinchcliffe,38.0,0.09901435,0.9594221379541112,-0.9000150452621218,0.029703546345994702,0,0
23,7,James Hinchcliffe,37.0,0.11685466,1.406997987852026,-0.67970943395499,0.36364427694851803,0,0
23,8,James Hinchcliffe,34.9998,0.13702074,1.3858460528979553,-0.4031353044032916,0.49135537424733183,0,0
23,9,James Hinchcliffe,36.0,0.16548637,-0.9991745768300456,-0.061273293318101024,-0.5302239350740733,0,1
23,10,James Hinchcliffe,29.5,0.20287664,0.23904572186687786,0.1564418833527385,0.19774380260980817,0,0
23,11,James Hinchcliffe,38.9998,0.25990692,0.5492748291687264,0.4416053947223218,0.49544011194552406,0,0
18,1,James Maslow,21.0,0.08722811,-0.2547935156153353,0.6733125088216593,0.20925949660316198,0,0
18,2,James Maslow,25.0,0.09580721,0.9519778295761544,0.6031127857881238,0.777545307682139,0,0
18,3,James Maslow,36.0,0.11584279,0.49463279279730243,0.4811037370280816,0.48786826491269203,0,0
18,4,James Maslow,35.0,0.11754121,0.6666666666666666,0.6583459473911639,0.6625063070289152,0,0
18,5,James Maslow,40.0,0.12207532,1.2216818161650438,1.2648336750994915,1.2432577456322678,0,0
18,6,James Maslow,35.0,0.13922638,-0.0872278375988647,0.9653529594798719,0.4390625609405036,0,0
18,7,James Maslow,35.0,0.1513769,-0.5920514120298488,0.6124768868855991,0.010212737427875151,0,0
18,8,James Maslow,36.0,0.17409433,-0.8475793795260117,0.5515845544961513,-0.1479974125149302,0,0
18,9,James Maslow,38.0,0.21084918,-0.13483997249265034,0.5517395018054463,0.20844976465639797,0,0
18,10,James Maslow,29.0,0.21875197,0.18260217919255797,-1.4864046802025568,-0.6519012505049994,0,1
28,1,James Van Der Beek,21.0,0.08844183,1.5441111239428258,0.441502398902313,0.9928067614225694,0,0
28,2,James Van Der Beek,20.0,0.09088287,0.5383167712755744,0.4967343578370471,0.5175255645563108,0,0
28,3,James Van Der Beek,23.0,0.10266946,0.7696024413538388,0.4554915915753918,0.6125470164646153,0,0
28,4,James Van Der Beek,28.0,0.10593059,-0.043574467033059346,0.31577712135766894,0.1361013271623048,0,0
28,5,James Van Der Beek,26.0,0.11800926,0.8210580498327414,0.43464941522290745,0.6278537325278244,0,0
28,6,James Van Der Beek,27.0,0.11888708,0.860662965823871,0.3569369847097122,0.6087999752667916,0,0
28,7,James Van Der Beek,27.0,0.13220946,0.8453303101943839,0.322077661927328,0.5837039860608559,0,0
28,8,James Van Der Beek,31.9998,0.15260442,1.0084257458289698,0.3798051040877269,0.6941154249583483,0,0
28,9,James Van Der Beek,36.0,0.18160352,0.24526311223911465,0.49719482408714116,0.3712289681631279,0,0
28,10,James Van Der Beek,25.5,0.13698041,-1.2977713690461004,-1.7812284693785854,-1.5394999192123429,1,1
26,1,Jamie Anderson,19.0,0.08877165,-0.8017837257372732,-1.779880154127509,-1.290831939932391,0,1
32,1,Jamie Lynn Spears,15.0,0.076808386,-0.42823542583175445,0.35139903999111594,-0.038418192920319255,0,0
32,2,Jamie Lynn Spears,16.0,0.024920814,-0.6304738215045113,-3.2975972803563303,-1.9640355509304208,0,1
23,1,Jana Kramer,27.0,0.084178425,0.5003546854386601,0.8313782219913438,0.665866453715002,0,0
23,2,Jana Kramer,29.0,0.08433056,0.6268966192292045,0.8786424222660388,0.7527695207476217,0,0
23,3,Jana Kramer,26.0,0.09243839,-0.35766545854571796,0.8880915324906371,0.26521303697245957,0,0
23,4,Jana Kramer,23.0,0.10331826,-0.22532082649689622,1.2141522615872617,0.49441571754518276,0,0
23,5,Jana Kramer,26.0,0.12166551,0.2454865647728854,1.2463308390283299,0.7459087019006077,0,0
23,6,Jana Kramer,40.0,0.12817398,1.4261680429047596,1.269500239349352,1.3478341411270558,0,0
23,7,Jana Kramer,34.5,0.13865052,0.034317024093951855,1.1391052429229864,0.5867111335084692,0,0
23,8,Jana Kramer,30.0,0.16064502,0.2834825414623166,1.2286557035667964,0.7560691225145565,0,0
23,9,Jana Kramer,40.0,0.19116277,1.180842681708233,1.2716739137927153,1.2262582977504741,0,0
23,10,Jana Kramer,29.0,0.2271765,-0.35856858280031895,1.4779617843227246,0.5596966007612029,0,0
23,11,Jana Kramer,35.5,0.2163824,-1.4567798494201003,-1.4985190823491037,-1.477649465884602,1,1
5,1,Jane Seymour,24.0,0.08882512,0.8794386561975952,0.48831314621342325,0.6838759012055092,0,0
5,2,Jane Seymour,21.0,0.09660832,-0.18802535827258882,0.48288644744401954,0.14743054458571536,0,0
5,3,Jane Seymour,27.0,0.10643588,0.944759048351867,0.5484337579708735,0.7465964031613702,0,0
5,4,Jane Seymour,26.0,0.117050715,0.0,0.423262047029738,0.211631023514869,0,0
5,5,Jane Seymour,26.0,0.13207106,0.3753725783333305,0.4382993419672671,0.40683596015029877,0,0
5,6,Jane Seymour,22.0,0.1509544,-1.3210854557565004,0.48442794622250657,-0.41832875476699694,1,1
5,7,Jane Seymour,25.0,0.13749129,-1.414213562373095,-1.7584682572077044,-1.5863409097903998,1,1
19,1,Janel Parrish,29.0,0.08541596,0.08245804468248591,0.99912682820259,0.5407924364425379,0,0
19,2,Janel Parrish,34.0,0.09166544,1.2252713942960072,0.7982098754817752,1.0117406348888913,0,0
19,3,Janel Parrish,40.0,0.10481765,1.75580311389975,1.4258927161462083,1.5908479150229793,0,0
19,4,Janel Parrish,36.0,0.116484545,0.6905224051781231,1.3653933104725442,1.0279578578253337,0,0
19,5,Janel Parrish,33.0,0.12263188,0.6358806443176882,0.9419928880872376,0.7889367662024629,0,0
19,6,Janel Parrish,33.0,0.123626694,0.12083820118118457,1.0633865952102641,0.5921123981957244,0,0
19,7,Janel Parrish,33.5,0.13718612,0.370348558403089,0.942584281991483,0.6564664201972861,0,0
19,8,Janel Parrish,43.0,0.15786,1.112895392749391,0.7710776411265241,0.9419865169379575,0,0
19,9,Janel Parrish,38.5,0.19011746,0.7554436462672943,1.1886087544519361,0.9720262003596152,0,0
19,10,Janel Parrish,39.0,0.23547441,0.7905694150420948,1.0882179332966047,0.9393936741693497,0,0
19,11,Janel Parrish,38.99980000000001,0.28189152,-0.1001408004085872,0.6674917110260185,0.28367545530871563,0,0
31,1,Jason Lewis,18.0,0.015710782,-1.3098750232889733,-3.589272486558912,-2.449573754923943,0,1
32,1,Jason Mraz,21.0,0.08052139,1.2847062774952633,0.5939251055667618,0.9393156915310126,0,0
32,2,Jason Mraz,24.0,0.08537668,1.5551687597111288,0.5360647937681345,1.0456167767396316,0,0
32,3,Jason Mraz,34.0,0.09895104,1.4543974735511864,0.8691456207242939,1.1617715471377401,0,0
32,4,Jason Mraz,24.0,0.10439395,0.7455717562886445,0.7350961404280577,0.7403339483583511,0,0
32,5,Jason Mraz,27.0,0.110157564,0.9486832980505138,0.5477935130536454,0.7482384055520797,0,0
32,6,Jason Mraz,39.0,0.13030146,0.6918010580656959,0.9008109200104688,0.7963059890380824,0,0
32,7,Jason Mraz,36.0,0.13648778,0.38188130791298663,0.5018342520674645,0.4418577799902256,0,0
32,8,Jason Mraz,33.0,0.15190059,-0.6629233080445046,0.3529145783875145,-0.15500436482849506,0,0
32,9,Jason Mraz,43.0,0.18574832,1.2243871772042312,0.6136797251961493,0.9190334512001903,0,0
32,10,Jason Mraz,28.5,0.22475882,0.0,0.8317712832602472,0.4158856416301236,0,0
32,11,Jason Mraz,30.0,0.22047587,0.6102571532587283,0.619379381089959,0.6148182671743436,0,0
6,1,Jason Taylor,22.0,0.08189489,0.452878498662709,-0.17539267385953186,0.1387429124015886,0,0
6,2,Jason Taylor,27.0,0.08627848,1.3263722018722295,0.23468091116173787,0.7805265565169837,0,0
6,3,Jason Taylor,23.0,0.10020682,0.07644707871564357,0.020775676921640434,0.048611377818642006,0,0
6,4,Jason Taylor,29.0,0.111503,1.1925695879998879,0.032252688736210275,0.6124111383680491,0,0
6,5,Jason Taylor,27.0,0.12677091,0.8838834764831843,0.17434907148219056,0.5291162739826875,0,0
6,6,Jason Taylor,24.0,0.14229152,-0.5744762120908166,-0.04218790699319071,-0.30833205954200366,0,1
6,7,Jason Taylor,27.5,0.167405,1.1123730207865243,0.04660391294328283,0.5794884668649036,0,0
6,8,Jason Taylor,26.0,0.20791379,-0.5181632471383232,0.4897944069288295,-0.014184420104746853,0,0
6,9,Jason Taylor,27.5,0.2518151,0.0,0.06733880712882802,0.03366940356441401,0,1
6,10,Jason Taylor,28.5,0.34056994,0.16495721976846392,0.27827881284475675,0.22161801630661032,0,0
29,1,Jeannie Mai,18.0,0.06685001,0.21442250696755935,0.017650089798905436,0.1160362983832324,0,0
29,2,Jeannie Mai,18.0,0.068647295,-0.09325048082403105,0.15169560707644167,0.02922256312620531,0,0
29,3,Jeannie Mai,22.0,0.07363516,0.5622935332029144,0.14825871692937928,0.35527612506614686,0,0
29,4,Jeannie Mai,21.0,0.080326125,-1.0377490433255412,0.2126533295178964,-0.4125478569038224,0,1
29,5,Jeannie Mai,24.0,0.08533301,0.027512727580439485,0.12806707256326452,0.077789900071852,0,0
29,6,Jeannie Mai,25.0,0.09256246,0.21385638386873393,0.09353523016397115,0.15369580701635255,0,0
29,7,Jeannie Mai,25.0,0.10205029,-0.4743416490252569,0.12011298298634723,-0.17711433301945484,0,0
7,1,Jeffrey Ross,12.0,0.055082504,-2.3296270756009076,-2.1153420046357545,-2.222484540118331,1,1
34,1,Jen Affleck,12.0,0.070319496,0.13661900428964538,-0.2834478604379669,-0.07341442807416075,0,0
34,2,Jen Affleck,22.0,0.07871985,0.9253456851373661,0.3693191756140499,0.647332430375708,0,0
34,3,Jen Affleck,19.0,0.08812069,-1.1460001298246902,0.2825522797161261,-0.43172392505428203,0,0
34,4,Jen Affleck,23.0,0.09588754,0.23097706696354336,0.2703402661339814,0.25065866654876234,0,0
34,5,Jen Affleck,29.0,0.10445407,-0.6296186546564707,0.27296720323302986,-0.17832572571172042,0,0
34,6,Jen Affleck,32.0,0.104388386,-0.4803844614152614,0.2376156472772624,-0.12138440706899951,0,0
34,7,Jen Affleck,34.0,0.067350805,-0.6075330189350767,-2.6068015149348853,-1.607167266934981,0,1
33,1,Jenn Tran,19.0,0.07874773,0.0,0.13767318252641444,0.06883659126320722,0,0
33,2,Jenn Tran,19.0,0.08467982,-0.3061071714498207,0.33517484945907317,0.014533839004626237,0,0
33,3,Jenn Tran,31.0,0.10035643,0.48170840471144527,0.3804326031796206,0.4310705039455329,0,0
33,4,Jenn Tran,32.0,0.10921068,-0.3058876451607479,-0.08033560872034082,-0.19311162694054435,0,0
33,5,Jenn Tran,25.5,0.13008676,0.22047927592204922,0.22672343946573692,0.22360135769389305,0,0
33,6,Jenn Tran,31.0,0.09132319,0.5352602653821058,-2.2214282546886306,-0.8430839946532624,0,1
26,1,Jennie Finch Daigle,21.0,0.10260566,0.0,0.4130415246020373,0.20652076230101865,0,0
26,2,Jennie Finch Daigle,31.5,0.12882832,-0.7162691454422909,0.3104355568899755,-0.20291679427615772,0,0
26,3,Jennie Finch Daigle,29.0,0.13200013,-1.4971048244100256,-1.6191259284683377,-1.5581153764391815,1,1
5,1,Jennie Garth,21.0,0.08712663,-0.1418449445479997,0.33728857181788735,0.09772181363494382,0,0
5,2,Jennie Garth,21.0,0.093613654,-0.18802535827258882,0.22915282400873183,0.020563732868071505,0,0
5,3,Jennie Garth,26.0,0.10501983,0.6399980650125552,0.4277649210880322,0.5338814930502938,0,0
5,4,Jennie Garth,27.0,0.11328374,0.42640143271122083,0.15482365811209714,0.290612545411659,0,0
5,5,Jennie Garth,25.0,0.12974484,0.041708064259258944,0.2941090293156261,0.16790854678744252,0,0
5,6,Jennie Garth,27.0,0.14733689,0.4572988116080189,0.26800588217753635,0.3626523468927776,0,0
5,7,Jennie Garth,26.5,0.17370269,0.7071067811865475,0.4240768509879832,0.5655918160872653,0,0
5,8,Jennie Garth,25.0,0.20820652,-0.7129310462392067,0.35829550750304673,-0.17731776936807997,1,1
5,9,Jennie Garth,29.0,0.21329743,-0.26111648393354675,-1.2098406781006033,-0.735478581017075,0,1
11,1,Jennifer Grey,24.0,0.09108796,1.5084632639622326,0.906569968539895,1.2075166162510638,0,0
11,2,Jennifer Grey,24.0,0.098534614,1.1845235621152723,0.8638393688719452,1.0241814654936088,0,0
11,3,Jennifer Grey,24.0,0.10647175,0.7187031245514819,0.6793090750648729,0.6990060998081774,0,0
11,4,Jennifer Grey,28.0,0.12318327,1.834519773264954,1.1325654118519204,1.4835425925584373,0,0
11,5,Jennifer Grey,25.0,0.13403939,0.7717436331412897,0.8678366223452891,0.8197901277432894,0,0
11,6,Jennifer Grey,29.0,0.15234618,-0.13484204131795074,0.591027167434455,0.22809256305825215,0,0
11,7,Jennifer Grey,36.5,0.17135338,1.0905596674870728,0.37953201705420836,0.7350458422706405,0,0
11,8,Jennifer Grey,28.5,0.2121095,0.7921180343813395,0.5211728195100243,0.6566454269456818,0,0
11,9,Jennifer Grey,30.0,0.27100658,1.0190493307301363,0.7735506588088024,0.8962999947694693,0,0
11,10,Jennifer Grey,30.0,0.3497396,1.0675006312536806,0.38341352040301224,0.7254570758283464,0,0
2,1,Jerry Rice,21.0,0.10427393,0.3620330940191084,0.21741601949295639,0.28972455675603237,0,0
2,2,Jerry Rice,23.0,0.116391785,0.18360754425174805,0.26972534327518843,0.22666644376346823,0,0
2,3,Jerry Rice,19.0,0.12709351,-0.828236445561349,0.09037176695770051,-0.36893233930182423,0,0
2,4,Jerry Rice,24.0,0.14669955,0.21074047309954605,0.17979655993178997,0.195268516515668,0,0
2,5,Jerry Rice,23.0,0.17455123,-0.740263212556933,0.2795410098470744,-0.23036110135492927,0,1
2,6,Jerry Rice,23.0,0.19465761,-1.0264787073219623,-0.1581760045819715,-0.592327355951967,0,1
2,7,Jerry Rice,20.5,0.22139157,-1.4852213144650113,-0.5903702724589933,-1.0377957934620023,1,1
2,8,Jerry Rice,26.666600000000003,0.36385998,-1.144587099654885,0.6030898151483337,-0.27074864225327566,1,1
3,1,Jerry Springer,16.0,0.086169064,-0.784166718013319,-0.43102854577406796,-0.6075976318936935,0,0
3,2,Jerry Springer,19.0,0.09388756,-1.3764944032233706,-0.5025491187993597,-0.9395217610113651,1,1
3,3,Jerry Springer,21.0,0.10645837,-0.7302967433402214,-0.39836796635483784,-0.5643323548475296,0,0
3,4,Jerry Springer,22.0,0.120975815,-0.8990028403015359,-0.33417033306091176,-0.6165865866812238,1,1
3,5,Jerry Springer,24.0,0.13703834,-1.2686700948330936,-0.49361985272546977,-0.8811449737792817,1,1
3,6,Jerry Springer,18.0,0.19077551,-1.5355437918998294,-0.7005115491362672,-1.1180276705180483,1,1
3,7,Jerry Springer,23.0,0.15989229,-1.7253243712550146,-1.6225275562600576,-1.673925963757536,1,1
29,1,Jesse Metcalfe,18.0,0.06945179,0.21442250696755935,0.2681181586515083,0.2412703328095338,0,0
29,2,Jesse Metcalfe,20.0,0.07013574,0.8392543274162827,0.2656949902397449,0.5524746588280138,0,0
29,3,Jesse Metcalfe,20.0,0.07567284,-0.020825686414923217,0.28516839608806877,0.13217135483657277,0,0
29,4,Jesse Metcalfe,21.0,0.08257262,-1.0377490433255412,0.35303486884171,-0.3423570872419156,0,0
29,5,Jesse Metcalfe,19.0,0.034520917,-1.623250927245953,-3.1261348546081753,-2.374692890927064,1,1
31,1,Jessie James Decker,20.0,0.0730926,-0.8639601217437909,0.8125745260513251,-0.025692797846232907,0,0
31,2,Jessie James Decker,25.0,0.07632577,-0.7443727410923979,0.6797241344974202,-0.032324303297488866,0,0
31,3,Jessie James Decker,26.0,0.08285574,-0.8137234610152456,0.7718369174452804,-0.02094327178498262,0,0
31,4,Jessie James Decker,31.0,0.0860557,-0.15068579711836658,0.54934363462458,0.1993289187531067,0,0
31,5,Jessie James Decker,36.0,0.09343657,-0.40456689539309554,0.6284031744695336,0.11191813953821905,0,0
31,6,Jessie James Decker,32.0,0.043852124,-0.788382496841455,-2.79978294399062,-1.7940827204160374,0,1
30,1,Jimmie Allen,22.0,0.07442332,-0.6232489922642322,0.8108625279572471,0.09380676784650743,0,0
30,2,Jimmie Allen,27.0,0.07571801,0.32113977496482204,0.6450867778283408,0.4831132763965814,0,0
30,3,Jimmie Allen,20.0,0.081815496,-0.6500401271723065,0.6784046063658435,0.014182239596768509,0,0
30,4,Jimmie Allen,32.5,0.094758816,0.1388424877276258,0.8030424270361451,0.47094245738188545,0,0
30,5,Jimmie Allen,34.0,0.0991333,-0.29617443887954614,0.4719532080476716,0.08788938458406273,0,0
30,6,Jimmie Allen,38.0,0.112961225,0.6076436202502005,0.6719866591479068,0.6398151396990537,0,0
30,7,Jimmie Allen,38.0,0.12765808,0.5270462766947291,0.8101042084432079,0.6685752425689685,0,0
30,8,Jimmie Allen,32.0,0.0737085,-1.6863421954040052,-2.0515055234384403,-1.8689238594212227,1,1
30,1,JoJo Siwa,29.0,0.06406977,1.1945605685064462,-0.2714736217711201,0.46154347336766305,0,0
30,2,JoJo Siwa,31.0,0.065289296,1.284559099859289,-0.09816457006539664,0.5931972648969462,0,0
30,3,JoJo Siwa,24.0,0.064928964,1.3723069351415376,-0.4245103894996627,0.47389827282093744,0,0
30,4,JoJo Siwa,35.0,0.08165762,0.9592753697545119,0.2131695598867642,0.586222464820638,0,0
30,5,JoJo Siwa,40.0,0.09497868,1.4808721943977308,0.2335369056049809,0.8572045500013559,0,0
30,6,JoJo Siwa,40.0,0.10191066,1.3671981455629505,0.09905978769765632,0.7331289666303034,0,0
30,7,JoJo Siwa,39.0,0.11428372,0.843274042711567,0.15532394821009965,0.49929899546083334,0,0
30,8,JoJo Siwa,41.0,0.13565978,0.6485931520784636,0.426359095535101,0.5374761238067822,0,0
30,9,JoJo Siwa,40.0,0.18851462,1.290994448735807,0.5991629786050542,0.9450787136704306,0,0
30,10,JoJo Siwa,40.0,0.18888044,0.7833494518006403,-1.477889080453299,-0.3472698143263293,0,1
9,1,Joanna Krupa,33.9999,0.052713916,1.61893778415512,-1.1315868346820626,0.24367547473652873,0,0
9,2,Joanna Krupa,20.0,0.06274553,-0.32378806290136664,-0.9746199786282195,-0.6492040207647931,0,0
9,3,Joanna Krupa,23.0,0.06996665,0.815016468573712,-0.7587159190416117,0.028150274766050143,0,0
9,4,Joanna Krupa,26.0,0.08580263,0.8728715609439696,-0.45322800244722955,0.20982177924837,0,0
9,5,Joanna Krupa,24.0,0.09133811,-0.08046626711787273,-0.791795741633965,-0.4361310043759189,0,0
9,6,Joanna Krupa,35.9999,0.10637163,1.3916272264863556,-0.35585850861145946,0.5178843589374481,0,0
9,7,Joanna Krupa,27.5,0.14546773,1.1846857694422168,0.1510573148155518,0.6678715421288843,0,0
9,8,Joanna Krupa,26.0,0.1998951,-0.10577717706958864,-0.0056038591809441825,-0.05569051812526641,0,0
9,9,Joanna Krupa,27.0,0.2006179,0.18262378480099195,-1.3307016710053767,-0.5740389431021924,0,1
22,1,Jodie Sweetin,20.0,0.08861541,0.07561253677304919,0.7740070656078755,0.4248098011904623,0,0
22,2,Jodie Sweetin,21.0,0.089858435,0.4242158651023069,0.6670682887939148,0.5456420769481108,0,0
22,3,Jodie Sweetin,23.0,0.096363865,0.7036791954136674,0.6728152476615465,0.688247221537607,0,0
22,4,Jodie Sweetin,27.0,0.102223635,-1.1661526033384855,0.21223432991788174,-0.4769591367103019,0,0
22,5,Jodie Sweetin,35.0,0.11501089,1.225651754056682,0.3773642895809532,0.8015080218188176,0,0
22,6,Jodie Sweetin,25.0,0.12274587,-0.09114479026995477,0.9264398592733503,0.4176475345016977,0,0
22,7,Jodie Sweetin,25.5,0.1341713,-1.2971863041569272,0.6276511943612892,-0.33476755489781895,0,0
22,8,Jodie Sweetin,30.0,0.1353937,0.9446324065374979,-1.7025189627819812,-0.37894327812224166,0,1
27,1,Joe Amabile,14.0,0.074057244,-2.194434495233054,-0.30531328942879743,-1.2498738923309256,1,1
27,2,Joe Amabile,17.5,0.0804778,-1.6786138384940357,-0.3342897364650074,-1.0064517874795216,0,0
27,3,Joe Amabile,18.0,0.08903915,-1.94393842762827,-0.20180558577393537,-1.0728720067011026,1,1
27,4,Joe Amabile,15.0,0.09959747,-2.097132593871706,-0.045584909854449206,-1.0713587518630776,1,1
27,5,Joe Amabile,17.0,0.10686351,-1.996229968372633,-0.4481979816796639,-1.2222139750261485,1,1
27,6,Joe Amabile,22.0,0.110806614,-0.8741068645048142,-0.024137344298275694,-0.449122104401545,0,0
27,7,Joe Amabile,23.5,0.1283439,-1.992775412873675,0.19188902903984478,-0.9004431919169151,1,1
27,8,Joe Amabile,23.0,0.13863824,-1.1737138350836058,-1.1600904841351998,-1.166902159609403,0,1
4,1,Joey Fatone,24.0,0.10386169,1.560403196451186,1.418796286503956,1.489599741477571,0,0
15,1,Joey Fatone,20.5,0.08526467,-0.3853881709774606,0.9625840882874106,0.288597958654975,0,0
4,2,Joey Fatone,24.0,0.1035273,0.6429053016807699,1.1264582912006993,0.8846817964407345,0,0
15,2,Joey Fatone,22.5,0.06490483,-0.22886885410853175,-2.4328930459706397,-1.3308809500395857,0,1
4,3,Joey Fatone,24.0,0.11314308,0.8549108042488853,1.05426140986488,0.9545861070568826,0,0
4,4,Joey Fatone,28.0,0.12374513,1.4818717947229545,1.0376848789249769,1.2597783368239657,0,0
4,5,Joey Fatone,25.0,0.13874048,0.516671222870379,0.9937005113611281,0.7551858671157536,0,0
4,6,Joey Fatone,27.0,0.15378927,0.7655318158241117,0.6057020085890745,0.6856169122065932,0,0
4,7,Joey Fatone,29.5,0.17973687,0.8970624448960722,0.8285745194688099,0.8628184821824411,0,0
4,8,Joey Fatone,27.5,0.22003591,0.6061881843392656,1.098764329419075,0.8524762568791703,0,0
4,9,Joey Fatone,30.0,0.28104,0.7833494518006403,1.1087659537710952,0.9460577027858678,0,0
4,10,Joey Fatone,28.6665,0.365771,-0.21825997466390004,0.9621750150819811,0.37195752020904055,0,1
33,1,Joey Graziadei,21.0,0.07875426,0.8528028654224417,0.13816588260571622,0.49548437401407897,0,0
33,2,Joey Graziadei,22.0,0.084670454,0.7791818909631792,0.33477013750552687,0.5569760142343531,0,0
33,3,Joey Graziadei,35.0,0.10301928,1.4032375267681236,0.4876622475701167,0.9454498871691202,0,0
33,4,Joey Graziadei,36.0,0.12097956,1.529438225803746,0.4171617008870367,0.9732999633453914,0,0
33,5,Joey Graziadei,26.0,0.1332203,0.6614378277661477,0.3663893498887705,0.5139135888274591,0,0
33,6,Joey Graziadei,32.0,0.1500758,0.8758804342616274,0.3111678095902913,0.5935241219259594,0,0
33,7,Joey Graziadei,27.5,0.1814813,0.4082482904638624,0.5368253881259772,0.47253683929491985,0,0
33,8,Joey Graziadei,29.0,0.22413164,0.8528028654224417,1.1087285239067879,0.9807656946646148,0,0
33,9,Joey Graziadei,29.5,0.21050952,0.48686449556014594,0.3871158843729484,0.43699018996654715,0,0
3,1,Joey Lawrence,21.0,0.095340855,0.41386576784036255,0.4029978274728891,0.40843179765662585,0,0
3,2,Joey Lawrence,29.0,0.104516186,2.064741604835056,0.37130955754082434,1.2180255811879401,0,0
3,3,Joey Lawrence,22.0,0.11202896,-0.3651483716701107,0.07858535301580961,-0.14328150932715056,0,0
3,4,Joey Lawrence,27.0,0.12759769,0.7355477784285294,0.21571458576183086,0.4756311820951801,0,0
3,5,Joey Lawrence,25.0,0.14668562,-0.5855400437691203,0.3247776297588728,-0.13038120700512373,0,0
3,6,Joey Lawrence,24.0,0.20805416,0.10968169942141597,0.6116367785302654,0.3606592389758407,0,0
3,7,Joey Lawrence,28.5,0.21389464,0.6469966392206304,0.5620966659233988,0.6045466525720147,0,0
3,8,Joey Lawrence,27.0,0.26596433,-0.2886751345948129,0.5365328528739195,0.12392885913955329,0,0
3,9,Joey Lawrence,29.5,0.35623285,0.0,0.7017186718063392,0.3508593359031696,0,0
1,1,Joey McIntyre,20.0,0.18234164,0.6754697823349772,0.7040348719153444,0.6897523271251609,0,0
1,2,Joey McIntyre,21.0,0.1890674,0.18743558008961364,0.6394253706386132,0.41343047536411337,0,0
1,3,Joey McIntyre,22.0,0.21911637,0.1609687273171069,0.529396205563296,0.34518246644020145,0,0
1,4,Joey McIntyre,20.0,0.26172903,-1.0190493307301363,0.44461901725431907,-0.2872151567379086,1,1
1,5,Joey McIntyre,22.5,0.29736143,-0.7758801774444576,-0.580438906395976,-0.6781595419202168,1,1
1,1,John O'Hurley,20.0,0.17836984,0.6754697823349772,0.5256431928450789,0.600556487590028,0,0
1,2,John O'Hurley,26.0,0.19276886,1.3120490606272972,0.7450829970057952,1.0285660288165461,0,0
1,3,John O'Hurley,24.0,0.21934286,0.5633905456098738,0.5356684755816001,0.549529510595737,0,0
1,4,John O'Hurley,21.0,0.27180502,-0.6793662204867574,0.8265753876067943,0.07360458356001842,0,0
1,5,John O'Hurley,27.0,0.40489396,1.1285529853737577,1.1546950207858655,1.1416240030798117,0,0
1,6,John O'Hurley,27.0,0.5120813,-0.7071067811865475,0.7071067811865459,-7.771561172376096e-16,1,1
4,1,John Ratzenberger,17.0,0.09728057,-0.5111665643546986,0.6979164104503867,0.093374923047844,0,0
4,2,John Ratzenberger,21.0,0.09814515,-0.47371969597530456,0.6459806206608474,0.08613046234277141,0,0
4,3,John Ratzenberger,20.0,0.10725934,-0.699472476203634,0.5823024142466963,-0.058585030978468844,0,0
4,4,John Ratzenberger,16.0,0.11717949,-1.0994532670525146,0.4984210861860922,-0.30051609043321115,0,0
4,5,John Ratzenberger,18.0,0.13183422,-0.688894963827172,0.4942452999478077,-0.09732483193968214,0,0
4,6,John Ratzenberger,19.0,0.15154159,-1.4907724834469533,0.4811678203884654,-0.504802331529244,1,1
4,7,John Ratzenberger,22.5,0.1365989,-0.7774541189099292,-1.9061200171345338,-1.3417870680222315,0,1
27,1,John Schneider,18.0,0.08257689,-0.6312756767108789,0.6023350681946451,-0.014470304258116906,0,0
27,2,John Schneider,21.5,0.08870044,-0.3468210410111647,0.628311973959721,0.14074546647427819,0,0
27,3,John Schneider,21.0,0.09645949,-1.0651717411661754,0.5990049157190613,-0.23308341272355704,0,0
27,4,John Schneider,21.0,0.10667677,-0.5626453300631405,0.7561130719035115,0.09673387092018548,0,0
27,5,John Schneider,24.0,0.11810912,-0.1735852146410988,0.7384155659134809,0.28241517563619106,0,0
27,6,John Schneider,19.0,0.118832,-1.6354257464928785,0.6120191983059399,-0.5117032740934693,0,0
27,7,John Schneider,27.0,0.09967057,-0.10132756336645805,-1.4535187110845418,-0.7774231372254999,0,0
26,1,Johnny Damon,18.0,0.08801634,-1.2026755886059097,-1.8996094063950153,-1.5511424975004626,1,1
29,1,Johnny Weir,18.0,0.06981105,0.21442250696755935,0.30270338815438175,0.25856294756097054,0,0
29,2,Johnny Weir,18.0,0.070900165,-0.09325048082403105,0.32424198288952893,0.11549575103274895,0,0
29,3,Johnny Weir,24.0,0.07572392,1.145412752820752,0.2886004101488758,0.7170065814848139,0,0
29,4,Johnny Weir,24.0,0.08159596,0.4076871241636058,0.29200422590860914,0.3498456750361075,0,0
29,5,Johnny Weir,29.0,0.089358754,1.678276382406832,0.3858912067334286,1.0320837945701302,0,0
29,6,Johnny Weir,22.0,0.09579223,-0.7943237115124399,0.2762515684316741,-0.2590360715403829,0,0
29,7,Johnny Weir,27.0,0.10657685,0.4743416490252569,0.38529462104857726,0.42981813503691707,0,0
29,8,Johnny Weir,30.0,0.13044111,1.1352105560528356,0.2604237763377811,0.6978171661953083,0,0
29,9,Johnny Weir,30.0,0.15806648,0.9687038784802183,0.5563555327031501,0.7625297055916842,0,0
29,10,Johnny Weir,28.5,0.10766731,-0.5976143046671968,-1.3604551460894678,-0.9790347253783322,1,1
19,1,Jonathan Bennett,30.0,0.08531739,0.29684896085695,0.9875307866210048,0.6421898737389774,0,0
19,2,Jonathan Bennett,30.0,0.09007129,-0.053272669317218094,0.6454914883907988,0.2961094095367904,0,0
19,3,Jonathan Bennett,32.0,0.094782375,-0.02018164498735403,0.39708598159319264,0.1884521683029193,0,0
19,4,Jonathan Bennett,24.0,0.1057188,-1.3810448103562463,0.47368031613317957,-0.4536822471115334,0,0
19,5,Jonathan Bennett,24.0,0.11312735,-0.9249173008257278,0.16485731618517105,-0.38002999232027834,0,0
19,6,Jonathan Bennett,32.0,0.09003202,-0.15104775147648167,-1.7909846295392304,-0.971016190507856,0,1
34,1,Jordan Chiles,10.0,0.07434215,-0.8197140257378697,0.7446272916305678,-0.03754336705365091,0,0
34,2,Jordan Chiles,22.0,0.080146305,0.9253456851373661,0.44157223655685646,0.6834589608471113,0,0
34,3,Jordan Chiles,24.0,0.09175752,1.2250346215367367,0.49720006788867294,0.8611173447127048,0,0
34,4,Jordan Chiles,24.0,0.10033201,0.7391266142833403,0.5116844933535799,0.6254055538184601,0,0
34,5,Jordan Chiles,32.0,0.10760604,0.1916230688084908,0.4661352172225657,0.32887914301552823,0,0
34,6,Jordan Chiles,39.0,0.10978564,1.2009611535381535,0.529857650798598,0.8654094021683758,0,0
34,7,Jordan Chiles,38.0,0.119762406,0.23366654574426118,0.5153582785930886,0.37451241216867487,0,0
34,8,Jordan Chiles,39.0,0.13500121,0.7770928126270501,0.4436674958137896,0.6103801542204199,0,0
34,9,Jordan Chiles,39.0,0.14805125,0.09011271137791702,0.25517178060526263,0.17264224599158984,0,0
34,10,Jordan Chiles,28.5,0.19148648,-0.24397501823713505,0.754275117091751,0.25515004942730796,0,0
34,11,Jordan Chiles,29.666600000000003,0.21758135,0.35082320772282016,0.5693869868236756,0.4601050972732479,0,0
25,1,Jordan Fisher,22.0,0.08003981,1.4454127987845866,0.5266674857195931,0.9860401422520899,0,0
25,2,Jordan Fisher,24.0,0.08264572,1.338675008468568,0.5590692524559646,0.9488721304622663,0,0
25,3,Jordan Fisher,25.0,0.0925653,1.2649373897812486,0.3690457359911722,0.8169915628862103,0,0
25,4,Jordan Fisher,29.0,0.0953406,2.222603359729908,0.5625755744004373,1.3925894670651726,0,0
25,5,Jordan Fisher,30.0,0.10897377,1.5510640375259013,1.010867219993476,1.2809656287596887,0,0
25,6,Jordan Fisher,39.0,0.11566748,1.0660035817780522,0.47663860741101727,0.7713210945945348,0,0
25,7,Jordan Fisher,27.0,0.1463313,0.05951898958700064,1.1257879280629903,0.5926534588249954,0,0
25,8,Jordan Fisher,30.0,0.17482942,1.663781964701254,0.4640687491811875,1.0639253569412208,0,0
25,9,Jordan Fisher,29.0,0.21221201,0.9299811099505543,0.5815882096758022,0.7557846598131782,0,0
25,10,Jordan Fisher,40.0,0.26398525,0.7608001614827633,0.3806006414596179,0.5707004014711906,0,0
31,1,Jordin Sparks,26.0,0.07174993,0.4737845828917563,0.7095762570104008,0.5916804199510786,0,0
31,2,Jordin Sparks,27.0,0.07521343,-0.14082727534180461,0.6014471878692409,0.23030995626371814,0,0
31,3,Jordin Sparks,29.0,0.07890043,0.06259411238578844,0.5046792893701469,0.28363670087796766,0,0
31,4,Jordin Sparks,34.0,0.08673334,0.6888493582553875,0.5901048781428937,0.6394771181991405,0,0
31,5,Jordin Sparks,35.5,0.09267214,-0.5516821300814939,0.5808570018373083,0.014587435877907173,0,0
31,6,Jordin Sparks,34.0,0.11152393,-0.157676499368291,0.5746340923921398,0.2084787965119244,0,0
31,7,Jordin Sparks,34.5,0.055476855,-0.6950480468569149,-2.643977317746275,-1.6695126823015949,0,1
31,1,Joseph Baena,23.0,0.068715446,-0.1950877694260173,0.4767963487437513,0.140854289658867,0,0
31,2,Joseph Baena,24.0,0.07241971,-1.0461454739676945,0.4048491411082897,-0.3206481664297024,0,0
31,3,Joseph Baena,29.0,0.07718417,0.06259411238578844,0.38875615041005857,0.2256751313979235,0,0
31,4,Joseph Baena,28.0,0.084926784,-0.9902209524921207,0.4814373422160449,-0.25439180513803794,0,0
31,5,Joseph Baena,35.0,0.033222128,-0.6987973647698923,-3.1168269372282484,-1.9078121509990704,0,1
26,1,Josh Norman,24.0,0.10493766,1.2026755886059097,0.7827024800876341,0.9926890343467719,0,0
26,2,Josh Norman,31.5,0.11960545,-0.7162691454422909,-0.4374409330472079,-0.5768550392447493,0,1
26,3,Josh Norman,38.0,0.18015204,0.6878589733775802,0.6298445406841777,0.658851757030879,0,0
26,4,Josh Norman,28.5,0.35970888,0.0,0.8515694303896174,0.4257847151948087,0,0
5,1,Josie Maran,16.0,0.05811505,-1.8439842791239913,-2.2423330462322917,-2.0431586626781417,1,1
27,1,Juan Pablo Di Pace,22.0,0.08133831,0.9318831418112961,0.47038180361237897,0.7011324727118375,0,0
27,2,Juan Pablo Di Pace,26.0,0.08877468,1.151445856157065,0.6370030453165993,0.8942244507368322,0,0
27,3,Juan Pablo Di Pace,30.0,0.09803436,1.5711283182201086,0.7689664585171381,1.1700473883686233,0,0
27,4,Juan Pablo Di Pace,24.0,0.10238085,0.20459830184114225,0.26962000143133763,0.23710915163623994,0,0
27,5,Juan Pablo Di Pace,29.0,0.11389166,1.12830389516714,0.2933978948016271,0.7108508949843836,0,0
27,6,Juan Pablo Di Pace,30.0,0.122481674,1.1560768207966907,0.901321668426692,1.0286992446116914,0,0
27,7,Juan Pablo Di Pace,28.0,0.13925795,0.43908610792131825,0.8181874863904393,0.6286367971558787,0,0
27,8,Juan Pablo Di Pace,30.0,0.13761204,0.969589689851675,-1.2025646966377457,-0.11648750339303532,0,0
29,1,Justina Machado,21.0,0.06825914,1.1793237883215748,0.15330416887640896,0.6663139785989919,0,0
29,2,Justina Machado,21.0,0.069989204,1.3055067315364395,0.25447185897777824,0.7799892952571088,0,0
29,3,Justina Machado,19.0,0.075663805,-0.31238529622384203,0.28456134348353845,-0.01391197637015179,0,0
29,4,Justina Machado,24.0,0.08153569,0.4076871241636058,0.28823800547408945,0.34796256481884763,0,0
29,5,Justina Machado,24.0,0.089472614,0.027512727580439485,0.39318323919168147,0.21034798338606048,0,0
29,6,Justina Machado,27.0,0.09832372,0.8859764474561831,0.4194644235765624,0.6527204355163727,0,0
29,7,Justina Machado,26.0,0.10760904,0.0,0.4457639034598242,0.2228819517299121,0,0
29,8,Justina Machado,28.9998,0.13233013,0.6305828374847839,0.35083649380759113,0.49070966564618757,0,0
29,9,Justina Machado,25.9998,0.15424898,-0.6268130844201133,0.41671194742487583,-0.10505056849761873,0,0
29,10,Justina Machado,29.0,0.1911975,0.0,0.5656516321670613,0.28282581608353063,0,0
29,11,Justina Machado,30.0,0.25996637,0.5,0.58691521187702,0.54345760593851,0,0
29,1,Kaitlyn Bristowe,20.0,0.064389475,0.8576900278702363,-0.21922061018120031,0.319234708844518,0,0
29,2,Kaitlyn Bristowe,22.0,0.06708148,1.7717591356565965,0.03177048780912115,0.9017648117328588,0,0
29,3,Kaitlyn Bristowe,23.0,0.071210735,0.8538531430118332,-0.014635971586141744,0.41960858571284576,0,0
29,4,Kaitlyn Bristowe,25.0,0.07797279,0.8894991799933215,0.06559545053547876,0.47754731526440014,0,0
29,5,Kaitlyn Bristowe,27.0,0.08533575,1.017970920476275,0.12824255270497908,0.573106736590627,0,0
29,6,Kaitlyn Bristowe,27.0,0.09358131,0.8859764474561831,0.1511741769756788,0.5185753122159309,0,0
29,7,Kaitlyn Bristowe,24.0,0.103171356,-0.9486832980505138,0.1857889307824381,-0.38144718363403785,0,1
29,8,Kaitlyn Bristowe,28.0,0.13119712,0.12615692964201383,0.2966081039438157,0.21138251679291475,0,0
29,9,Kaitlyn Bristowe,30.0,0.1522408,0.9687038784802183,0.34325302009439135,0.6559784492873049,0,0
29,10,Kaitlyn Bristowe,30.0,0.20441157,1.1952286093343936,0.8703523612729839,1.0327904853036887,0,0
29,11,Kaitlyn Bristowe,30.0,0.240205,0.5,-0.5768224310659824,-0.038411215532991205,0,0
28,1,Karamo Brown,17.0,0.08118985,0.19652323395635932,-0.1852508801491025,0.005636176903628415,0,0
28,2,Karamo Brown,19.0,0.08351072,0.2307071876895319,0.011671392723147296,0.1211892902063396,0,0
28,3,Karamo Brown,16.0,0.09627156,-0.913902899107684,-0.6361864870449646,-0.7750446930763243,0,0
28,4,Karamo Brown,28.0,0.102068365,-0.043574467033059346,0.11013112544670092,0.03327832920682079,0,0
28,5,Karamo Brown,21.0,0.10355205,-1.123553120823752,-0.476292859913679,-0.7999229903687155,0,0
28,6,Karamo Brown,25.0,0.112438224,-0.17213259316477347,0.06091785907054405,-0.05560736704711471,0,0
28,7,Karamo Brown,24.5,0.06993786,-0.362284418654736,-2.4598646423170187,-1.4110745304858774,0,1
26,1,Kareem Abdul-Jabbar,17.0,0.103168294,-1.6035674514745464,0.5022284122644217,-0.5506695196050624,0,0
26,2,Kareem Abdul-Jabbar,29.5,0.10450691,-1.4556437471891719,-1.661771656387792,-1.558707701788482,1,1
28,1,Kate Flannery,15.0,0.08723667,-0.47727071103687396,0.3373462950821699,-0.06996220797735203,0,0
28,2,Kate Flannery,21.0,0.08983073,0.8459263548616169,0.42750704313035487,0.6367166989959859,0,0
28,3,Kate Flannery,24.0,0.10253189,1.0101032042769134,0.43201792783013065,0.721060566053522,0,0
28,4,Kate Flannery,26.0,0.10580016,-0.4793191373636544,0.3088323143496185,-0.08524341150701795,0,0
28,5,Kate Flannery,24.0,0.11538265,0.04321358157014414,0.2691479049524949,0.15618074326131953,0,0
28,6,Kate Flannery,27.0,0.11940769,0.860662965823871,0.3808343266567187,0.6207486462402949,0,0
28,7,Kate Flannery,24.0,0.13111843,-0.60380736442456,0.27333662247756774,-0.1652353709734961,0,0
28,8,Kate Flannery,25.9998,0.08474094,-0.357854934597643,-2.2645128408103945,-1.3111838877040187,0,1
10,1,Kate Gosselin,16.0,0.08687321,-0.8885233166386385,-0.3931388735473771,-0.6408310950930078,0,0
10,2,Kate Gosselin,15.0,0.08869301,-1.118033988749895,-0.2371990612666256,-0.6776165250082602,0,0
10,3,Kate Gosselin,15.0,0.09772808,-1.3939862052235577,-0.17995366351722833,-0.786969934370393,0,1
10,4,Kate Gosselin,16.0,0.108905345,-1.2585512528155822,-0.1968003277963104,-0.7276757903059463,1,1
10,5,Kate Gosselin,15.0,0.10066338,-1.4039339276246319,-1.9467938983881061,-1.675363913006369,1,1
14,1,Katherine Jenkins,26.0,0.08954885,1.625471274044884,1.4848847454566751,1.5551780097507795,0,0
14,2,Katherine Jenkins,26.0,0.09057616,1.2329252344654817,0.9801793563097083,1.106552295387595,0,0
14,3,Katherine Jenkins,29.0,0.09928814,1.959823739755464,0.9803382055137113,1.4700809726345878,0,0
14,4,Katherine Jenkins,24.0,0.11033437,0.2966883079863583,1.112762091194693,0.7047251995905256,0,0
14,5,Katherine Jenkins,29.0,0.12050161,1.1463572171057603,0.9727249433696483,1.0595410802377043,0,0
14,6,Katherine Jenkins,38.9999,0.1336626,1.3256088920855282,0.7453374547375459,1.035473173411537,0,0
14,7,Katherine Jenkins,27.0,0.15213603,0.5156879540323444,0.716959223103123,0.6163235885677336,0,0
14,8,Katherine Jenkins,27.5,0.18822403,0.23063280200722128,1.0729212802056016,0.6517770411064114,0,0
14,9,Katherine Jenkins,28.0,0.28201166,-1.161895003862225,0.9832020063075899,-0.0893464987773176,0,0
14,10,Katherine Jenkins,30.0,0.36375958,1.1547005383792577,0.7178696736883026,0.9362851060337801,0,0
9,1,Kathy Ireland,19.9999,0.05590289,-1.0089032567923215,-0.7628385338015632,-0.8858708952969423,0,0
9,2,Kathy Ireland,18.0,0.050044063,-0.9713641887040998,-2.4002853332254204,-1.68582476096476,1,1
28,1,Kel Mitchell,16.0,0.08780714,-0.14037373854025734,0.3866492362238254,0.12313774884178404,0,0
28,2,Kel Mitchell,20.0,0.08989173,0.5383167712755744,0.43152064036751775,0.48491870582154606,0,0
28,3,Kel Mitchell,20.0,0.10252691,0.048100152584614767,0.43116818700399534,0.23963416979430505,0,0
28,4,Kel Mitchell,32.0,0.10824801,0.8279148736281307,0.43916924476943137,0.633542059198781,0,0
28,5,Kel Mitchell,26.0,0.12320868,0.8210580498327414,0.7622625220526946,0.791660285942718,0,0
28,6,Kel Mitchell,26.0,0.119176455,0.3442651863295488,0.37022004367115163,0.3572426150003502,0,0
28,7,Kel Mitchell,25.5,0.1341598,0.12076147288491199,0.40920780397699275,0.2649846384309524,0,0
28,8,Kel Mitchell,29.9998,0.15156771,0.5529988523534323,0.33940943241490196,0.4462041423841671,0,0
28,9,Kel Mitchell,37.0,0.17838745,0.44147360203040636,0.3901432643357191,0.4158084331830627,0,0
28,10,Kel Mitchell,28.5,0.2181036,0.6488856845230502,0.5116926574065138,0.5802891709647819,0,0
28,11,Kel Mitchell,29.5,0.25544873,0.3872983346207417,0.1504581604593882,0.26887824754006495,0,0
16,1,Kellie Pickler,21.0,0.093470365,0.6524867449207971,1.5303300193592861,1.0914083821400415,0,0
16,2,Kellie Pickler,26.0,0.09316714,1.541406575240394,1.738793653298934,1.640100114269664,0,0
16,3,Kellie Pickler,25.0,0.104334526,0.9631648229196705,1.599262263213883,1.2812135430667768,0,0
16,4,Kellie Pickler,26.0,0.11299563,1.0887450820364413,1.3662139336921464,1.227479507864294,0,0
16,5,Kellie Pickler,27.0,0.12296818,0.9612807869706339,1.1285704699676584,1.0449256284691462,0,0
16,6,Kellie Pickler,27.0,0.13467619,1.4340934180254548,0.8653670162967461,1.1497302171611004,0,0
16,7,Kellie Pickler,29.0,0.15401892,0.5475708968190234,0.8683794474791398,0.7079751721490816,0,0
16,8,Kellie Pickler,27.5,0.19172129,0.5324824346382143,1.4691662737532194,1.000824354195717,0,0
16,9,Kellie Pickler,29.0,0.23057865,0.465778007791666,1.1123336514242665,0.7890558296079663,0,0
16,10,Kellie Pickler,30.0,0.2873905,0.783339956828417,1.0486294329167072,0.9159846948725621,0,0
1,1,Kelly Monaco,13.0,0.17771636,-1.9035966593076648,0.49629242129594764,-0.7036521190058586,1,1
15,1,Kelly Monaco,21.5,0.08170159,0.11561645129323764,0.5514198900404756,0.33351817066685663,0,0
1,2,Kelly Monaco,17.0,0.19185993,-0.7122552043405331,0.7191377250498857,0.00344126035467629,0,0
15,2,Kelly Monaco,22.0,0.08782271,-0.4577377082170635,0.5926766857011678,0.06746948874205216,0,0
1,3,Kelly Monaco,21.0,0.21593687,-0.040242181829276545,0.4413451546418495,0.20055148640628648,0,1
15,3,Kelly Monaco,27.0,0.09914203,1.2637214154907392,0.7556438445220333,1.0096826300063864,0,0
1,4,Kelly Monaco,26.0,0.25459194,1.0190493307301363,0.17406922599024266,0.5965592783601894,0,0
15,4,Kelly Monaco,37.5,0.12418804,0.5567954677033395,1.2298043885893122,0.8932999281463259,0,0
1,5,Kelly Monaco,23.5,0.2977446,-0.3526728079292986,-0.5742561143898887,-0.4634644611595936,0,1
15,5,Kelly Monaco,25.75,0.12576076,-1.738617932146684,0.17321639623494478,-0.7827007679558695,1,1
1,6,Kelly Monaco,27.5,0.48791873,0.7071067811865475,-0.7071067811865492,-8.881784197001252e-16,0,1
15,6,Kelly Monaco,27.0,0.13513614,-0.9001028747788695,0.9570146801593212,0.028455902690225854,0,0
15,7,Kelly Monaco,36.0,0.14786218,0.3907360464236472,0.5580860441398683,0.4744110452817577,0,0
15,8,Kelly Monaco,28.3333,0.15616107,-0.09083504783071553,0.8340170145089257,0.3715909833391051,0,0
15,9,Kelly Monaco,27.111,0.22513387,-0.99214338847502,0.9157142086079654,-0.03821458993352733,0,0
15,10,Kelly Monaco,29.1109,0.33420137,-0.09501278876585995,0.05853920167059602,-0.018236793547631962,0,1
9,1,Kelly Osbourne,30.9998,0.055459935,1.0558102193732335,-0.8140584257218234,0.12087589682570504,0,0
9,2,Kelly Osbourne,19.0,0.067060895,-0.6475761258027333,-0.4902455065344562,-0.5689108161685947,0,0
9,3,Kelly Osbourne,20.0,0.07290795,0.03975690090603459,-0.43791754562325447,-0.19908032235860995,0,0
9,4,Kelly Osbourne,23.0,0.084399536,0.2182178902359924,-0.5777606363045635,-0.1797713730342856,0,0
9,5,Kelly Osbourne,24.0,0.09469024,-0.08046626711787273,-0.48537258583886994,-0.2829194264783713,0,0
9,6,Kelly Osbourne,24.9998,0.109842554,-0.7610657092425986,-0.09524793719461516,-0.42815682321860693,0,0
9,7,Kelly Osbourne,26.0,0.14757363,0.4529680883161413,0.27291144797490596,0.36293976814552364,0,0
9,8,Kelly Osbourne,25.5,0.2007524,-0.3702201197435612,0.04019306057105227,-0.16501352958625448,0,1
9,9,Kelly Osbourne,25.9998,0.24233502,-0.36520649054714627,-0.20654867482321976,-0.28587758268518304,1,1
9,10,Kelly Osbourne,25.2222,0.2646655,-1.1388152625523293,-1.144535375265034,-1.1416753189086817,1,1
12,1,Kendra Wilkinson,18.0,0.08774373,-0.2406038715078425,-0.3705832408899536,-0.30559355619889805,0,0
12,2,Kendra Wilkinson,19.0,0.08863921,-0.2544529430197587,-0.2349376236289047,-0.24469528332433169,0,0
12,3,Kendra Wilkinson,23.0,0.09784113,0.5491545143475312,-0.23609355333149637,0.15653048050801738,0,0
12,4,Kendra Wilkinson,18.0,0.109054394,-2.019389946409775,-0.2159741026679739,-1.1176820245388743,1,1
12,5,Kendra Wilkinson,22.0,0.12028411,-1.0285114588061344,-0.3804354762362121,-0.7044734675211732,0,1
12,6,Kendra Wilkinson,25.0,0.13962689,-0.3225247144031485,-0.22645342591289166,-0.2744890701580201,0,1
12,7,Kendra Wilkinson,30.5,0.13206744,-0.6415330278717855,-1.9624747687450284,-1.3020038983084068,0,1
2,1,Kenny Mayne,13.0,0.045072697,-1.5688100740828028,-2.794170149274369,-2.181490111678586,0,1
30,1,Kenya Moore,26.0,0.067709565,0.4154993281761554,0.10902212182412623,0.2622607250001408,0,0
30,2,Kenya Moore,24.0,0.06861471,-0.40142471870602825,0.13883669756977896,-0.13129401056812465,0,0
30,3,Kenya Moore,21.0,0.074408434,-0.1444533615938455,0.1946250028862447,0.025085820646199603,0,0
30,4,Kenya Moore,29.5,0.08183731,-0.8456769707046375,0.22125998579124423,-0.3122084924566967,0,0
30,5,Kenya Moore,36.0,0.09178263,0.29617443887954614,0.05012893485868879,0.17315168686911747,0,0
30,6,Kenya Moore,32.0,0.046188667,-1.6710199556880494,-2.789899023047565,-2.2304594893678074,1,1
17,1,Keyshawn Johnson,17.0,0.08250297,-1.229382818255216,-0.13774978136959806,-0.683566299812407,0,0
17,2,Keyshawn Johnson,18.0,0.06678121,-1.3705529178205595,-2.3075066427847584,-1.839029780302659,0,1
22,1,Kim Fields,20.0,0.08892399,0.07561253677304919,0.8192247524732621,0.4474186446231556,0,0
22,2,Kim Fields,19.0,0.08996243,-0.21210793255115404,0.6776998109820921,0.23279593921546904,0,0
22,3,Kim Fields,22.0,0.09728772,0.21989974856677064,0.7867674713532004,0.5033336099599854,0,0
22,4,Kim Fields,32.0,0.106083244,0.023799032721193925,0.580613887359573,0.30220646004038343,0,0
22,5,Kim Fields,28.0,0.11517219,-0.754247233265651,0.39297257269305846,-0.18063733028629628,0,0
22,6,Kim Fields,24.0,0.11814377,-0.5012963464847527,0.5599887604567851,0.0293462069860162,0,0
22,7,Kim Fields,26.0,0.10242758,-0.7783117824941562,-1.5447768368382633,-1.1615443096662097,1,1
7,1,Kim Kardashian,18.5,0.07389408,-0.279069910098025,-0.2933701938711953,-0.28622005198461015,0,0
7,2,Kim Kardashian,17.0,0.06683237,-1.003303495045057,-2.3807931497706205,-1.6920483224078389,0,1
21,1,Kim Zolciak-Biermann,12.0,0.072066106,-1.6158137067117595,-0.5884736159968315,-1.1021436613542954,1,1
21,2,Kim Zolciak-Biermann,18.5,0.07682984,-0.7630064601840352,-0.009468893263757374,-0.38623767672389625,0,0
12,1,Kirstie Alley,23.0,0.09835781,1.2297531210400867,0.8720594838506162,1.0509063024453513,0,0
15,1,Kirstie Alley,19.0,0.082108065,-1.136895104383508,0.5983253671789117,-0.26928486860229817,0,0
12,2,Kirstie Alley,20.0,0.098381765,0.1454016817255762,0.7734379820100683,0.45941983186782226,0,0
15,2,Kirstie Alley,21.0,0.08886119,-0.915475416434127,0.7297746046599268,-0.09285040588710008,0,0
12,3,Kirstie Alley,21.0,0.10623426,-0.13728862858688218,0.6817755735773723,0.27224347249524505,0,0
15,3,Kirstie Alley,24.0,0.097648114,-0.931163148256335,0.6185277242635424,-0.15631771199639627,0,0
12,4,Kirstie Alley,22.0,0.118021905,-0.367161808438141,0.7256950732531342,0.1792666324074966,0,0
15,4,Kirstie Alley,30.0,0.11200886,-1.792185411670123,0.0844277377959002,-0.8538788369371114,1,1
12,5,Kirstie Alley,23.0,0.13137776,-0.5713952548922968,0.5145000421098821,-0.02844760639120736,0,0
15,5,Kirstie Alley,26.25,0.12816758,-1.310650441156731,0.7212197649400366,-0.2947153381083472,0,0
12,6,Kirstie Alley,26.0,0.1541398,0.12900988576125874,0.7909563768477064,0.45998313130448254,0,0
15,6,Kirstie Alley,27.5,0.13221844,-0.5400617248673217,0.6815369638630375,0.0707376194978579,0,0
12,7,Kirstie Alley,30.0,0.17948292,-0.9914601339836681,0.7269413821790537,-0.13225937590230719,0,0
15,7,Kirstie Alley,27.9999,0.15196575,-1.7972600053483945,1.0156529312141327,-0.3908035370671309,1,1
12,8,Kirstie Alley,26.5,0.2055003,0.282842712474619,0.3280919480200322,0.30546733024732564,0,0
15,8,Kirstie Alley,25.5,0.11938845,-1.9986403926696314,-1.4712414568242786,-1.734940924746955,1,1
12,9,Kirstie Alley,27.0,0.26426506,-0.4443912562387386,0.6383912244800717,0.09699998412066654,0,1
12,10,Kirstie Alley,27.9999,0.35924986,-1.1547005383792515,1.136816300725057,-0.008942118827097278,1,1
6,1,Kristi Yamaguchi,27.0,0.08048477,1.7468170662704492,-0.3473316498005978,0.6997427082349257,0,0
6,2,Kristi Yamaguchi,27.0,0.08127451,1.3263722018722295,-0.1640554403381412,0.5811583807670442,0,0
6,3,Kristi Yamaguchi,27.0,0.09491419,1.6053886530285204,-0.5108807076697917,0.5472539726793644,0,0
6,4,Kristi Yamaguchi,29.0,0.112833075,1.1925695879998879,0.14171800088982037,0.6671437944448542,0,0
6,5,Kristi Yamaguchi,29.0,0.12678123,1.590990257669732,0.17536509099511566,0.8831776743324238,0,0
6,6,Kristi Yamaguchi,30.0,0.14192691,1.4361905302270401,-0.06938307825444068,0.6834037259862997,0,0
6,7,Kristi Yamaguchi,27.0,0.16349548,0.7945521577046601,-0.2001722170777367,0.2971899703134617,0,0
6,8,Kristi Yamaguchi,27.5,0.20182304,0.5921865681580847,0.1128307126224599,0.3525086403902723,0,0
6,9,Kristi Yamaguchi,28.5,0.26408714,0.9258200997725514,0.5226194979063884,0.7242197988394699,0,0
6,10,Kristi Yamaguchi,30.0,0.30447662,0.9072647087265542,-1.109665385848629,-0.10120033856103738,0,1
13,1,Kristin Cavallari,19.0,0.08048263,0.3379782786740529,-0.43242734219546125,-0.04722453176070418,0,0
13,2,Kristin Cavallari,22.0,0.08979638,0.883959999878547,-0.14990132464761777,0.36702933761546463,0,0
13,3,Kristin Cavallari,24.0,0.07855492,0.1142080481440324,-2.2840568361456186,-1.084924394000793,0,1
11,1,Kurt Warner,19.0,0.08265121,0.02472890596659363,-0.07974460650022518,-0.02750785026681577,0,0
11,2,Kurt Warner,21.0,0.09051295,0.2754705958407612,-0.04487643955053485,0.11529707814511318,0,0
11,3,Kurt Warner,23.0,0.09934359,0.3404383221559648,-0.06890040063579438,0.1357689607600852,0,0
11,4,Kurt Warner,17.0,0.10881967,-0.6533906041765591,-0.2149748742143173,-0.4341827391954382,0,0
11,5,Kurt Warner,24.0,0.12217958,0.42874646285627205,-0.27077712831290673,0.07898466727168266,0,0
11,6,Kurt Warner,21.9999,0.14145224,-1.7869697671721076,-0.08750545803575185,-0.9372376126039298,1,1
11,7,Kurt Warner,35.0,0.16679971,0.15579423821243896,0.01077442963715791,0.08328433392479843,0,0
11,8,Kurt Warner,24.0,0.16077308,-0.9901475429766744,-1.6882623836520845,-1.3392049633143794,0,1
11,1,Kyle Massey,23.0,0.09024477,1.2117163923631047,0.8079952108988515,1.009855801630978,0,0
11,2,Kyle Massey,22.0,0.09829915,0.5784882512655982,0.837165369672478,0.7078268104690382,0,0
11,3,Kyle Massey,23.0,0.10560821,0.3404383221559648,0.5886673371343886,0.4645528296451767,0,0
11,4,Kyle Massey,20.0,0.11472324,0.02513040785294449,0.33887641700877935,0.18200341243086193,0,0
11,5,Kyle Massey,20.0,0.13175328,-0.9432422182837986,0.6483561853469548,-0.1474430164684219,0,0
11,6,Kyle Massey,29.9999,0.15130883,0.10114923210408207,0.5264154824947992,0.31378235729944065,0,0
11,7,Kyle Massey,33.5,0.17583998,-0.7789711910621948,0.7428582553862213,-0.018056467837986756,0,0
11,8,Kyle Massey,28.0,0.21336159,0.5940885257860046,0.5750607167090734,0.584574621247539,0,0
11,9,Kyle Massey,29.0,0.27343163,0.3396831102433787,0.8628511710954492,0.6012671406694139,0,0
11,10,Kyle Massey,27.3332,0.36549243,-0.15252623230478213,0.7515564874017934,0.2995151275485056,0,1
4,1,Laila Ali,23.0,0.09199077,1.2644646591932025,0.11848458602716322,0.6914746226101829,0,0
4,2,Laila Ali,27.0,0.09199459,1.7595302993368442,0.09690511341642101,0.9282177063766326,0,0
4,3,Laila Ali,21.0,0.1005917,-0.31087665609050413,0.04746357406279598,-0.13170654101385407,0,0
4,4,Laila Ali,21.0,0.10964984,-0.023901157979402406,-0.12002092662550636,-0.07196104230245438,0,0
4,5,Laila Ali,28.0,0.12491988,1.033342445740758,-0.005794250616981604,0.5137740975618882,0,0
4,6,Laila Ali,28.0,0.1432426,1.047569853232995,0.021356823033427067,0.534463338133211,0,0
4,7,Laila Ali,29.5,0.16681716,0.8970624448960722,0.009540606850770838,0.45330152587342154,0,0
4,8,Laila Ali,26.5,0.20619904,0.3536097741979048,0.33995343563297603,0.3467816049154404,0,0
4,9,Laila Ali,30.0,0.2560891,0.7833494518006403,0.21750572991318795,0.5004275908569141,0,0
4,10,Laila Ali,28.333200000000005,0.29847574,-0.8728435039573009,-1.033956778041705,-0.953400140999503,1,1
28,1,Lamar Odom,11.0,0.08374099,-1.8248586010233405,0.03523171361414997,-0.8948134437045953,1,1
28,2,Lamar Odom,12.0,0.08643483,-1.9225598974127658,0.20406811103723582,-0.859245893187765,1,1
28,3,Lamar Odom,12.0,0.099341646,-1.8759059507999827,-0.11233560071050235,-0.9941207757552425,1,1
28,4,Lamar Odom,20.0,0.04892986,-1.7865531483554395,-2.7192536933934552,-2.252903420874447,1,1
7,1,Lance Bass,21.5,0.09041815,0.6673410893648438,1.3070480666243809,0.9871945779946123,0,0
7,2,Lance Bass,20.0,0.10307531,-0.02950892632485431,1.203039143980268,0.5867651088277068,0,0
7,3,Lance Bass,22.0,0.12093534,-0.0329645450956098,1.4363757694821335,0.7017056121932619,0,0
7,4,Lance Bass,26.0,0.1233222,1.323047759306591,1.0261087999670049,1.174578279636798,0,0
7,5,Lance Bass,21.0,0.13981701,-1.0251170222908432,1.4034958287863695,0.18918940324776312,0,0
7,6,Lance Bass,27.0,0.15766594,1.031121295075428,1.1621222722960718,1.09662178368575,0,0
7,7,Lance Bass,25.0,0.1878096,0.15891043154093204,1.3455762125942727,0.7522433220676024,0,0
7,8,Lance Bass,25.0,0.21762976,-0.30151134457776363,0.7813545871491022,0.2399216212856693,0,0
7,9,Lance Bass,28.5,0.28572524,1.430997138008586,1.1755594988088518,1.3032783184087189,0,0
7,10,Lance Bass,27.5,0.41311395,-0.577350269189625,1.127370991926345,0.27501036136836005,0,0
28,1,Lauren Alaina,19.0,0.09297012,0.8703171789495926,0.8328604288466502,0.8515888038981214,0,0
28,2,Lauren Alaina,19.0,0.09461884,0.2307071876895319,0.7425487655439671,0.4866279766167495,0,0
28,3,Lauren Alaina,20.0,0.10829642,0.048100152584614767,1.4156236476052773,0.731861900094946,0,0
28,4,Lauren Alaina,32.0,0.11442515,0.8279148736281307,0.7680739841829748,0.7979944289055527,0,0
28,5,Lauren Alaina,23.0,0.12133399,-0.3457086525611545,0.6441391515146859,0.1492152494767657,0,0
28,6,Lauren Alaina,26.0,0.12455624,0.3442651863295488,0.6171660526728584,0.48071561950120356,0,0
28,7,Lauren Alaina,27.0,0.13624373,0.8453303101943839,0.5023059904068252,0.6738181503006045,0,0
28,8,Lauren Alaina,24.0,0.15371539,-0.8132362853838332,0.4230943357517015,-0.19507097481606583,0,0
28,9,Lauren Alaina,35.0,0.17808633,0.04905262244782293,0.38012004790313214,0.21458633517547754,0,0
28,10,Lauren Alaina,27.0,0.21534207,-0.3244428422615251,0.4336388915320347,0.054598024635254816,0,0
28,11,Lauren Alaina,28.5,0.26959306,-1.161895003862225,0.5410313618961515,-0.3104318209830368,1,1
34,1,Lauren Jauregui,13.0,0.07701006,0.614785519303403,1.4264686776794733,1.020627098491438,0,0
34,2,Lauren Jauregui,21.0,0.084666245,0.4935176987399285,0.6705170685198889,0.5820173836299087,0,0
34,3,Lauren Jauregui,18.0,0.031204643,-1.6202070800969754,-3.076665390638204,-2.34843623536759,1,1
23,1,Laurie Hernandez,31.0,0.07721203,1.739328192239151,0.03311034594016911,0.8862192690896601,0,0
23,2,Laurie Hernandez,32.0,0.07821733,1.6048553452267633,0.1535189399245128,0.879187142575638,0,0
23,3,Laurie Hernandez,31.0,0.08672863,1.2930981962806745,0.33117157794077845,0.8121348871107265,0,0
23,4,Laurie Hernandez,30.0,0.09423872,1.9433921285357316,0.32578127388027084,1.1345867012080013,0,0
23,5,Laurie Hernandez,25.0,0.11339753,-0.30685820596610874,0.2699949987268196,-0.018431603619644576,0,0
23,6,Laurie Hernandez,37.0,0.11386947,0.726049185478787,0.2052256554853707,0.4656374204820789,0,0
23,7,Laurie Hernandez,34.5,0.12884825,0.034317024093951855,0.3211282260619548,0.17772262507795333,0,0
23,8,Laurie Hernandez,33.0,0.14853385,0.9449271061062855,0.3921054128490645,0.668516259477675,0,0
23,9,Laurie Hernandez,40.0,0.17230302,1.180842681708233,0.29260164940564337,0.7367221655569381,0,0
23,10,Laurie Hernandez,30.0,0.19225146,0.8366600265340747,-0.4213962943729048,0.20763186608058493,0,0
23,11,Laurie Hernandez,39.333200000000005,0.26138157,0.7403767863781452,0.5073385621441204,0.6238576742611328,0,0
8,1,Lawrence Taylor,16.0,0.075639464,-0.7860704061853838,-0.16171708926724715,-0.4738937477263155,0,0
8,2,Lawrence Taylor,20.0,0.07675182,-0.1018641955406746,-0.024073888183777224,-0.06296904186222592,0,0
8,3,Lawrence Taylor,20.0,0.085465334,-0.20995038122778115,0.23584807058443755,0.0129488446783282,0,0
8,4,Lawrence Taylor,19.0,0.09263364,-0.50709255283711,0.12241271088265009,-0.19233992097722993,0,0
8,5,Lawrence Taylor,20.0,0.109697975,-0.962250448649376,-0.1337785135242245,-0.5480144810868003,0,0
8,6,Lawrence Taylor,22.0,0.12826091,-0.2862321417159695,0.25899572569852564,-0.013618208008721933,0,0
8,7,Lawrence Taylor,21.0,0.116911456,-1.846372364689991,-1.9027470711948804,-1.8745597179424358,1,1
19,1,Lea Thompson,32.0,0.085987456,0.7256307932058782,1.0663591644074208,0.8959949788066495,0,0
19,2,Lea Thompson,35.0,0.09310896,1.5449074101993134,0.9364980203449103,1.240702715272112,0,0
19,3,Lea Thompson,31.0,0.106586106,-0.24217973984824204,1.6071931232163374,0.6825066916840477,0,0
19,4,Lea Thompson,39.0,0.10559781,1.2084142090617156,0.46365886799511563,0.8360365385284156,0,0
19,5,Lea Thompson,34.0,0.12417524,0.8093026382225121,1.0681853411859998,0.938743989704256,0,0
19,6,Lea Thompson,32.0,0.12275589,-0.15104775147648167,0.9893987398735304,0.4191754941985244,0,0
19,7,Lea Thompson,35.0,0.13539664,0.8381572637543593,0.8041699512017698,0.8211636074780646,0,0
19,8,Lea Thompson,32.0,0.15922707,-0.50395263067897,0.841338695991187,0.16869303265610852,0,0
19,9,Lea Thompson,35.0,0.13403809,-0.17775144618053906,-1.653786976729105,-0.9157692114548219,0,1
17,1,Leah Remini,21.0,0.08724083,-0.09456790909655477,0.6482181087955124,0.27682509984947884,0,0
17,2,Leah Remini,24.0,0.087447375,0.6030432838410457,0.5735322219683505,0.5882877529046981,0,0
17,3,Leah Remini,24.0,0.0942482,0.21588259179641212,0.3589265416899599,0.28740456674318604,0,0
17,4,Leah Remini,24.0,0.104074314,0.10056022847309888,0.42848526844963636,0.26452274846136764,0,0
17,5,Leah Remini,22.0,0.11547365,-2.0921993598772617,0.4501397248561183,-0.8210298175105717,1,1
17,6,Leah Remini,27.9999,0.12934649,-0.30696922719918457,0.444492827080519,0.06876179994066722,0,0
17,7,Leah Remini,26.5,0.12768517,-0.7517124159880733,0.21255670998916812,-0.2695778529994526,0,0
17,8,Leah Remini,28.0,0.1510721,0.2485479064004807,0.5644235261654522,0.4064857162829665,0,0
17,9,Leah Remini,27.0,0.17631005,0.26558033692369165,0.592991148913208,0.42928574291844984,0,0
17,10,Leah Remini,32.5,0.16272764,-0.6565321642986127,-1.7280992550133507,-1.1923157096559818,0,1
4,1,Leeza Gibbons,15.0,0.08700327,-1.1030436388706657,-0.4278340317487133,-0.7654388353096895,1,1
4,2,Leeza Gibbons,21.0,0.08808288,-0.47371969597530456,-0.2523027883751386,-0.36301124217522157,0,0
4,3,Leeza Gibbons,24.0,0.096489154,0.8549108042488853,-0.2816185216174012,0.28664614131574206,0,0
4,4,Leeza Gibbons,16.0,0.0835461,-1.0994532670525146,-2.264031539005981,-1.6817424030292476,0,1
32,1,Lele Pons,19.0,0.07230274,0.7137257097195907,0.05709916925123816,0.3854124394854144,0,0
32,2,Lele Pons,21.0,0.07902029,0.7355527917552638,0.13298974276573938,0.4342712672605016,0,0
32,3,Lele Pons,27.0,0.08456093,0.017110558512366657,0.06831715777805465,0.042713858145210656,0,0
32,4,Lele Pons,22.0,0.091286935,0.06213097969072087,0.020597351487522356,0.041364165589121614,0,0
32,5,Lele Pons,24.0,0.10186632,0.0,0.10064974246848887,0.05032487123424444,0,0
32,6,Lele Pons,37.0,0.112274304,0.262407297886988,0.05460118178031991,0.15850423983365397,0,0
32,7,Lele Pons,36.5,0.0686115,0.6364688465216445,-2.4632841068608924,-0.9134076301696239,0,1
8,1,Lil' Kim,21.0,0.085997276,0.6737746338731856,1.1432188207969596,0.9084967273350726,0,0
8,2,Lil' Kim,23.0,0.087877564,0.6926765296765901,1.5398445333918211,1.1162605315342056,0,0
8,3,Lil' Kim,25.0,0.09714784,0.6898369668912799,1.5281993079340075,1.1090181374126438,0,0
8,4,Lil' Kim,27.0,0.10548485,0.8451542547285166,1.0346214301872332,0.9398878424578749,0,0
8,5,Lil' Kim,26.0,0.12199771,0.7698003589195014,1.0306054457055622,0.9002029023125317,0,0
8,6,Lil' Kim,28.0,0.13884456,1.087682138520684,1.0995957922564108,1.0936389653885474,0,0
8,7,Lil' Kim,26.0,0.15461816,0.0,0.8625024623191724,0.4312512311595862,0,0
8,8,Lil' Kim,28.0,0.18582812,1.1359236684941296,1.1509443157443782,1.1434339921192538,0,0
8,9,Lil' Kim,26.0,0.16836451,-0.3069703067574599,-1.7138847877795793,-1.0104275472685196,0,1
25,1,Lindsey Stirling,22.0,0.07773721,1.4454127987845866,0.13757319173576837,0.7914929952601775,0,0
25,2,Lindsey Stirling,22.5,0.08326213,0.6606448093740981,0.6192889663590049,0.6399668878665514,0,0
25,3,Lindsey Stirling,27.0,0.09738767,2.1626348922066514,1.4435941453631023,1.8031145187848767,0,0
25,4,Lindsey Stirling,26.0,0.09722598,0.6945635499155962,0.8019226439754856,0.7482430969455409,0,0
25,5,Lindsey Stirling,28.0,0.10573966,0.7556465823844131,0.6465548089496114,0.7011006956670123,0,0
25,6,Lindsey Stirling,40.0,0.115159884,1.2792042981336627,0.42353926996417013,0.8513717840489163,0,0
25,7,Lindsey Stirling,25.5,0.14256619,-0.654708885457007,0.9270791012936452,0.13618510791831911,0,0
25,8,Lindsey Stirling,27.0,0.17973216,0.3893957789726343,0.7427992616014939,0.5660975202870641,0,0
25,9,Lindsey Stirling,28.5,0.21652488,0.6974858324629157,0.786985581006092,0.7422357067345038,0,0
25,10,Lindsey Stirling,40.0,0.2687156,0.7608001614827633,0.509334478037275,0.6350673197600192,0,0
2,1,Lisa Rinna,19.0,0.105816595,-0.12067769800636945,0.2958918947680785,0.08760709838085451,0,0
2,2,Lisa Rinna,20.0,0.116645515,-0.5245929835764223,0.2826853239422744,-0.12095382981707392,0,0
2,3,Lisa Rinna,25.0,0.13113812,0.4969418673368094,0.26496811810534454,0.38095499272107697,0,0
2,4,Lisa Rinna,26.0,0.15394038,0.5057771354389109,0.518614713422603,0.512195924430757,0,0
2,5,Lisa Rinna,25.0,0.17878135,-0.05694332404284137,0.4295165020468347,0.18628658900199668,0,0
2,6,Lisa Rinna,27.0,0.21712346,0.11405318970243981,0.5069854195977795,0.3105193046501097,0,0
2,7,Lisa Rinna,26.5,0.19678247,0.2970442628930023,-1.0982095216301948,-0.40058262936859623,0,1
16,1,Lisa Vanderpump,18.0,0.07930484,-0.3687968558247977,-0.6081593605482025,-0.4884781081865001,0,0
16,2,Lisa Vanderpump,18.0,0.07923084,-0.6346968250989853,-0.7253942178866615,-0.6800455214928234,0,0
16,3,Lisa Vanderpump,21.0,0.08903464,-0.09630588758486147,-0.22328838649445856,-0.15979713703966003,0,0
16,4,Lisa Vanderpump,18.0,0.078474276,-1.3306884336000941,-2.262971732480405,-1.7968300830402497,1,1
19,1,Lolo Jones,22.0,0.0666944,-1.4182783685387628,-1.2033281604568264,-1.3108032644977947,0,1
9,1,Louie Vito,26.9998,0.060066827,0.30499849338824997,-0.28135304858799703,0.011822722400126467,0,0
9,2,Louie Vito,19.0,0.06638304,-0.6475761258027333,-0.566330764161821,-0.6069534449822771,0,0
9,3,Louie Vito,20.0,0.07428618,0.03975690090603459,-0.2875983186840162,-0.1239207088889908,0,0
9,4,Louie Vito,16.0,0.08700376,-1.3093073414159544,-0.34662083107805675,-0.8279640862470056,1,1
9,5,Louie Vito,22.0,0.09760088,-0.8851289382966029,-0.2193066832087695,-0.5522178107526862,0,0
9,6,Louie Vito,24.0,0.08813689,-0.9567241484514977,-1.724994223204342,-1.3408591858279197,0,1
9,1,Macy Gray,18.9999,0.05775194,-1.1966061882885675,-0.5490286859498437,-0.8728174371192056,0,0
11,1,Margaret Cho,15.0,0.07411785,-1.1622585804299175,-1.077353560429685,-1.1198060704298012,0,1
11,2,Margaret Cho,18.0,0.08556264,-0.6335823704337499,-0.6056609542836227,-0.6196216623586863,0,1
11,3,Margaret Cho,18.0,0.0769205,-1.5508856898216206,-2.4225468413005453,-1.9867162655610828,1,1
14,1,Maria Menounos,21.0,0.07442873,-0.696630546019236,-2.127308686760146,-1.4119696163896909,0,1
14,2,Maria Menounos,25.0,0.07733721,0.8888530760099984,-0.8114609811048928,0.038696047452552784,0,0
14,3,Maria Menounos,27.0,0.08551701,0.8542821429703309,-0.6308666499151688,0.11170774652758103,0,0
14,4,Maria Menounos,26.0,0.09650647,1.1443691879473827,-0.3761690630037798,0.3841000624718015,0,0
14,5,Maria Menounos,27.0,0.107723095,0.5886699222975526,-0.3509520347476766,0.11885894377493797,0,0
14,6,Maria Menounos,29.9999,0.12072705,-0.4418729038096114,-0.3676480832531651,-0.40476049353138827,0,1
14,7,Maria Menounos,28.5,0.13975865,1.5001831390031848,-0.23941336733914304,0.6303848858320209,0,0
14,8,Maria Menounos,26.5,0.17399809,-0.6918984060216639,0.3648892226441106,-0.16350459168877662,0,0
14,9,Maria Menounos,29.5,0.20481676,1.161895003862225,-1.387753330624133,-0.11292916338095393,0,1
5,1,Marie Osmond,21.0,0.094285145,-0.1418449445479997,0.9738019932563782,0.41597852435418925,0,0
5,2,Marie Osmond,24.0,0.102005385,0.6983799021553295,0.9401717868994967,0.8192758445274131,0,0
5,3,Marie Osmond,26.0,0.11524424,0.6399980650125552,1.2990390021680005,0.9695185335902778,0,0
5,4,Marie Osmond,26.0,0.1283124,0.0,1.2257809323151343,0.6128904661575671,0,0
5,5,Marie Osmond,21.0,0.13937873,-1.292949992037027,0.891263903382363,-0.20084304432733202,0,0
5,6,Marie Osmond,23.0,0.15220614,-0.9654086022835966,0.559314858614636,-0.20304687183448028,0,0
5,7,Marie Osmond,26.0,0.1805632,0.0,0.8375757088125253,0.41878785440626265,0,0
5,8,Marie Osmond,24.5,0.22221453,-0.9871352947927475,0.9698844437976915,-0.008625425497528039,0,0
5,9,Marie Osmond,28.0,0.27245772,-1.3055824196677337,0.7402816428621871,-0.2826503884027733,1,1
5,10,Marie Osmond,23.0,0.36949947,-1.1529026828899258,0.5651443296735954,-0.2938791766081652,1,1
23,1,Marilu Henner,27.0,0.08105191,0.5003546854386601,0.47311595169341564,0.4867353185660379,0,0
23,2,Marilu Henner,27.0,0.08116349,-0.025075864769168087,0.5029790123797147,0.2389515738052733,0,0
23,3,Marilu Henner,28.0,0.08923427,0.30264000338483904,0.5755672994629284,0.43910365142388375,0,0
23,4,Marilu Henner,21.0,0.10083675,-0.8449530993633614,0.9713534535303813,0.06320017708350995,0,0
23,5,Marilu Henner,27.0,0.12181075,0.7978313355118796,1.2634817050736495,1.0306565202927644,0,0
23,6,Marilu Henner,34.0,0.11943123,0.025930328052814536,0.6190280024061208,0.3224791652294677,0,0
23,7,Marilu Henner,32.0,0.13397853,-1.3383639396641223,0.7492383607615524,-0.29456278945128495,1,1
23,8,Marilu Henner,23.0,0.15324916,-1.2598881093736107,0.7178042471750816,-0.27104193109926455,0,0
23,9,Marilu Henner,36.0,0.13219932,-0.9991745768300456,-1.789314620391135,-1.3942445986105902,1,1
6,1,Mario,24.0,0.094739325,0.970453925705805,1.3907570158417588,1.1806054707737819,0,0
6,2,Mario,26.0,0.09457067,1.0888130015369049,0.8954357890974113,0.9921243953171581,0,0
6,3,Mario,21.0,0.11341735,-0.6880237084407949,1.3478026216233563,0.3298894565912807,0,0
6,4,Mario,24.0,0.120380744,-0.29814239699997197,0.7628919520708629,0.23237477753544547,0,0
6,5,Mario,27.0,0.13373385,0.8838834764831843,0.8598609811063458,0.8718722287947651,0,0
6,6,Mario,28.0,0.1546273,0.7659682827877545,0.8779010915013319,0.8219346871445432,0,0
6,7,Mario,25.5,0.18406314,-0.15891043154093204,1.0980965060361287,0.4695930372475984,0,0
6,8,Mario,26.5,0.17163266,-0.14804664203952053,-1.7556874792772537,-0.9518670606583871,0,1
3,1,Mario Lopez,26.0,0.099615976,1.6118982536940443,0.7917510887303577,1.201824671212201,0,0
3,2,Mario Lopez,21.0,0.10538547,-0.6882472016116853,0.4427798835833155,-0.1227336590141849,0,0
3,3,Mario Lopez,22.0,0.113116965,-0.3651483716701107,0.17174022462579397,-0.09670407352215837,0,0
3,4,Mario Lopez,29.0,0.12819488,1.3893680259205554,0.2653056418708259,0.8273368338956907,0,0
3,5,Mario Lopez,27.0,0.15857759,0.7807200583588263,1.3335965206565505,1.0571582895076883,0,0
3,6,Mario Lopez,28.0,0.20629783,1.2064986936355795,0.47826030106642625,0.8423794973510028,0,0
3,7,Mario Lopez,28.0,0.21761274,0.43133109281375365,0.7125095890739712,0.5719203409438625,0,0
3,8,Mario Lopez,28.5,0.27637264,1.4433756729740645,0.886337331753882,1.1648565023639732,0,0
3,9,Mario Lopez,29.5,0.34779984,0.0,0.44330259923900167,0.22165129961950084,0,1
3,10,Mario Lopez,29.666600000000003,0.5370996,0.0,0.707106781186547,0.3535533905932735,0,1
6,1,Marissa Jaret Winokur,18.0,0.086838014,-0.582272355423483,0.4273331072865452,-0.07746962406846888,0,0
6,2,Marissa Jaret Winokur,21.0,0.08974926,-0.09898300013971892,0.5112465488571566,0.20613177435871882,0,0
6,3,Marissa Jaret Winokur,19.0,0.101864815,-1.4524944955972332,0.18732494021241797,-0.6325847776924076,0,0
6,4,Marissa Jaret Winokur,24.0,0.11167624,-0.29814239699997197,0.046510358925854055,-0.12581601903705897,0,0
6,5,Marissa Jaret Winokur,24.0,0.1262876,-0.17677669529663687,0.12676647547526798,-0.025005109910684442,0,0
6,6,Marissa Jaret Winokur,26.0,0.148824,0.09574603534846902,0.4450502717750356,0.2703981535617523,0,0
6,7,Marissa Jaret Winokur,26.0,0.17237513,0.15891043154093204,0.3603277069388033,0.25961906923986766,0,0
6,8,Marissa Jaret Winokur,25.0,0.20917265,-1.2583964573359283,0.5677067356592023,-0.345344860838363,1,1
6,9,Marissa Jaret Winokur,26.0,0.2116226,-1.3887301496588271,-1.423763663534332,-1.4062469065965795,1,1
5,1,Mark Cuban,21.0,0.07918178,-0.1418449445479997,-0.36914337060530983,-0.2554941575766548,0,0
5,2,Mark Cuban,18.0,0.08516921,-1.074430618700507,-0.48633243345115923,-0.7803815260758331,1,1
5,3,Mark Cuban,20.0,0.094036676,-1.1885678350233155,-0.5081656028942584,-0.8483667189587869,0,1
5,4,Mark Cuban,22.0,0.10439179,-1.7056057308448833,-0.4788255517542311,-1.0922156412995572,1,1
5,5,Mark Cuban,21.0,0.09262965,-1.292949992037027,-2.006469097527529,-1.649709544782278,1,1
9,1,Mark Dacascos,28.9998,0.07876093,0.6804043563807417,1.880288506888796,1.2803464316347688,0,0
9,2,Mark Dacascos,21.0,0.0792627,0.0,0.8793357120799702,0.4396678560399851,0,0
9,3,Mark Dacascos,18.0,0.08101629,-0.477082810872417,0.44643368788676135,-0.01532456149282782,0,0
9,4,Mark Dacascos,22.0,0.0932552,0.0,0.20823029692982253,0.10411514846491127,0,0
9,5,Mark Dacascos,26.0,0.10743011,0.7241964040608575,0.6791977529663863,0.7016970785136218,0,0
9,6,Mark Dacascos,32.0,0.12184799,0.6088564813456533,0.8061672295069189,0.707511855426286,0,0
9,7,Mark Dacascos,21.5,0.118567936,-1.7421849550620856,-1.4054511044043363,-1.573818029733211,1,1
22,1,Marla Maples,21.0,0.07981148,0.378062683865246,-0.5160744365140939,-0.06900587632442395,0,0
22,2,Marla Maples,20.0,0.08168549,0.10605396627557645,-0.1684607857794449,-0.031203409751934225,0,0
22,3,Marla Maples,21.0,0.089090124,-0.26387969828012614,-0.22435905080213575,-0.24411937454113095,0,0
22,4,Marla Maples,28.0,0.074841045,-0.9281622761265496,-2.4012911297354873,-1.6647267029310184,0,1
6,1,Marlee Matlin,22.0,0.08762498,0.452878498662709,0.5232895706658582,0.48808403466428363,0,0
6,2,Marlee Matlin,24.0,0.09122588,0.6136946008662553,0.6289095387135605,0.6213020697899079,0,0
6,3,Marlee Matlin,21.0,0.10512449,-0.6880237084407949,0.5147665005412292,-0.08662860394978283,0,0
6,4,Marlee Matlin,24.0,0.11507367,-0.29814239699997197,0.3261192046451107,0.013988403822569356,0,0
6,5,Marlee Matlin,22.0,0.12853248,-0.8838834764831843,0.34777828595720184,-0.26805259526299124,0,1
6,6,Marlee Matlin,21.0,0.11413055,-1.5798095832497447,-2.1426305773338035,-1.861220080291774,1,1
30,1,Martin Kove,13.0,0.07081037,-2.9604327132551043,0.4331730985189282,-1.263629807368088,1,1
30,2,Martin Kove,15.0,0.017536948,-2.569118199718579,-3.5014602224431295,-3.0352892110808543,1,1
14,1,Martina Navratilova,20.0,0.08004465,-1.16105091003206,-0.7856666005958114,-0.9733587553139358,1,1
14,2,Martina Navratilova,17.0,0.06305132,-1.8637241916338687,-2.7447847552612945,-2.304254473447582,1,1
27,1,Mary Lou Retton,20.0,0.08053465,0.1503037325502086,0.3847631430380249,0.26753343779411676,0,0
27,2,Mary Lou Retton,23.0,0.086285785,0.1526012580449119,0.34563499514444723,0.24911812659467958,0,0
27,3,Mary Lou Retton,24.0,0.09349445,-0.18640505470408078,0.2790148385330043,0.04630489191446176,0,0
27,4,Mary Lou Retton,26.0,0.106243856,0.7160940564439974,0.7070875637212377,0.7115908100826176,0,0
27,5,Mary Lou Retton,25.0,0.11420594,0.08679260732054894,0.32656007148546845,0.2066763394030087,0,0
27,6,Mary Lou Retton,24.0,0.08351342,-0.366560943179438,-2.1876150800316254,-1.2770880116055316,0,1
28,1,Mary Wilson,17.0,0.09217324,0.19652323395635932,0.7639899751208414,0.48025660453860036,0,0
28,2,Mary Wilson,15.0,0.03727228,-0.9997311466546382,-3.0306642635835104,-2.0151977051190744,0,1
2,1,Master P,12.0,0.1105063,-1.8101654700955419,0.5344587285635668,-0.6378533707659875,1,1
2,2,Master P,16.0,0.12096775,-1.4688603540139828,0.5034557572319942,-0.4827022983909943,1,1
2,3,Master P,14.0,0.13689025,-1.9325517063098143,0.5132741128308919,-0.7096387967394613,1,1
2,4,Master P,8.0,0.0947312,-2.1495528256153724,-2.251944053639355,-2.2007484396273638,1,1
30,1,Matt James,24.0,0.07110196,-0.1038748320440384,0.4636552421217797,0.17989020503887065,0,0
30,2,Matt James,22.0,0.072448224,-0.8831343811532617,0.41205010122333763,-0.23554213996496204,0,0
30,3,Matt James,20.0,0.07835661,-0.6500401271723065,0.45249337495436914,-0.09877337610896869,0,0
30,4,Matt James,28.5,0.02985383,-1.173850123515392,-2.1192625429918155,-1.6465563332536037,0,1
32,1,Matt Walsh,12.0,0.019032309,-1.2847062774952633,-3.4224198514524686,-2.353563064473866,1,1
23,1,Maureen McCormick,22.0,0.08246635,-1.0483621980619533,0.6351943314869551,-0.20658393328749908,0,0
23,2,Maureen McCormick,26.0,0.08422606,-0.35106210676835437,0.8662471085113322,0.25759250087148894,0,0
23,3,Maureen McCormick,28.0,0.08868414,0.30264000338483904,0.5219085862076394,0.4122742947962392,0,0
23,4,Maureen McCormick,24.0,0.0998703,0.08449530993633635,0.8767929206102743,0.4806441152733053,0,0
23,5,Maureen McCormick,24.0,0.11640187,-0.8592029767051028,0.6247666380451833,-0.11721816932995976,0,0
23,6,Maureen McCormick,31.0,0.11852062,-0.674188529373158,0.5512774063484867,-0.061455561512335666,0,0
23,7,Maureen McCormick,33.0,0.100520626,-0.7892915541608926,-2.042747220572443,-1.4160193873666678,0,1
7,1,Maurice Greene,19.5,0.07610443,0.03640042305626462,-0.07928949207760592,-0.021444534510670653,0,0
7,2,Maurice Greene,19.0,0.08662841,-0.3541071158982552,-0.42328949691066103,-0.3886983064044581,0,0
7,3,Maurice Greene,24.0,0.105974175,0.5603972666253687,-0.7510586182457731,-0.09533067581020221,0,0
7,4,Maurice Greene,20.0,0.10756493,-0.9816160794855363,-0.2979880705304162,-0.6398020750079763,0,1
7,5,Maurice Greene,27.0,0.12533596,0.7973132395595447,0.03182283847649947,0.4145680390180221,0,0
7,6,Maurice Greene,21.0,0.14127405,-0.4622267874476058,-0.12423285843037254,-0.2932298229389892,0,1
7,7,Maurice Greene,25.0,0.16758862,0.15891043154093204,0.05867454720633102,0.10879248937363153,0,0
7,8,Maurice Greene,24.0,0.16091247,-0.9045340337332909,-1.7323665088748528,-1.3184502713040718,1,1
32,1,Mauricio Umansky,15.0,0.073858246,-0.42823542583175445,0.15870173961187092,-0.13476684310994175,0,0
32,2,Mauricio Umansky,12.0,0.07921231,-1.7232951121123312,0.14516622521780334,-0.7890644434472639,1,1
32,3,Mauricio Umansky,23.0,0.08423568,-0.8041962500812446,0.05021656941748793,-0.3769898403318783,0,0
32,4,Mauricio Umansky,19.0,0.09216895,-0.9630301852061645,0.06867837140909765,-0.4471759068985334,0,0
32,5,Mauricio Umansky,24.0,0.102168806,0.0,0.11696270233183671,0.058481351165918356,0,0
32,6,Mauricio Umansky,33.0,0.05627535,-0.5963802224704278,-2.5740364250336527,-1.5852083237520402,0,1
5,1,Mel B,24.0,0.09578232,0.8794386561975952,1.1069262490192249,0.9931824526084101,0,0
5,2,Mel B,23.0,0.103417106,0.40291148201269006,1.0597848204096398,0.7313481512111649,0,0
5,3,Mel B,27.0,0.11291141,0.944759048351867,1.1002466694499486,1.0225028589009078,0,0
5,4,Mel B,26.0,0.12478024,0.0,0.9740756940803887,0.48703784704019437,0,0
5,5,Mel B,29.0,0.13434877,1.376366120555545,0.5794827713203692,0.9779244459379571,0,0
5,6,Mel B,30.0,0.15706879,1.5243293720267304,0.8502289817900474,1.1872791769083888,0,0
5,7,Mel B,27.0,0.17871301,1.414213562373095,0.7260604640627344,1.0701370132179147,0,0
5,8,Mel B,28.0,0.21373625,0.9322944450820386,0.5997232112737164,0.7660088281778775,0,0
5,9,Mel B,30.0,0.27722296,0.7833494518006403,0.8973599953980643,0.8403547235993523,0,0
5,10,Mel B,28.3332,0.37105623,0.6322326361494388,0.5894707899414277,0.6108517130454332,0,0
30,1,Melanie C,27.0,0.07282958,0.6751864082862523,0.6442566376811503,0.6597215229837012,0,0
30,2,Melanie C,30.0,0.07323312,1.0437042686356723,0.46798940591195004,0.7558468372738112,0,0
30,3,Melanie C,22.0,0.08271508,0.3611334039846156,0.7371593988620571,0.5491464014233363,0,0
30,4,Melanie C,33.0,0.09393923,0.302929064133003,0.7661410980509524,0.5345350810919778,0,0
30,5,Melanie C,36.0,0.039420668,0.29617443887954614,-2.954705531033423,-1.3292655460769385,0,1
14,1,Melissa Gilbert,20.0,0.084529094,-1.16105091003206,0.2856661113101882,-0.43769239936093596,0,0
14,2,Melissa Gilbert,20.0,0.08604188,-0.8315077162674186,0.3665507113543092,-0.2324785024565547,0,1
14,3,Melissa Gilbert,24.0,0.09290376,-0.8040302522073688,0.233373791198907,-0.2853282305042309,0,0
14,4,Melissa Gilbert,22.0,0.10157882,-0.5509925719746662,0.17000063304541246,-0.19049596946462688,0,0
14,5,Melissa Gilbert,21.0,0.113667175,-1.0843919621270708,0.26477223775876274,-0.40980986218415405,0,1
14,6,Melissa Gilbert,30.0,0.1307175,-0.4418532651229904,0.4919385882079857,0.025042661542497652,0,0
14,7,Melissa Gilbert,23.5,0.14487667,-1.7814674775662835,0.15604464116793437,-0.8127114181991746,1,1
14,8,Melissa Gilbert,25.5,0.14024366,-1.614429614050549,-1.3150854240024612,-1.464757519026505,1,1
9,1,Melissa Joan Hart,24.0,0.06791101,-0.2580727605141885,0.6256876337900017,0.1838074366379066,0,0
9,2,Melissa Joan Hart,19.0,0.07610154,-0.6475761258027333,0.5245139979946205,-0.06153106390405638,0,0
9,3,Melissa Joan Hart,19.0,0.079382166,-0.2186629549831912,0.2682049042999457,0.024770974658377257,0,0
9,4,Melissa Joan Hart,28.0,0.094611205,1.3093073414159544,0.3285835121625255,0.81894542678924,0,0
9,5,Melissa Joan Hart,23.0,0.10351036,-0.4827976027072378,0.3208876143596421,-0.08095499417379787,0,0
9,6,Melissa Joan Hart,23.9999,0.09291827,-0.9567437182093701,-1.3659894815387017,-1.161366599874036,1,1
8,1,Melissa Rycroft,23.0,0.071915045,1.2577126498966134,-0.6309405215158179,0.3133860641903977,0,0
15,1,Melissa Rycroft,21.0,0.07357349,-0.13488585984211146,-0.3865280987138928,-0.2607069792780021,0,0
8,2,Melissa Rycroft,26.0,0.07313231,1.487217254893855,-0.5328594908434356,0.47717888202520964,0,0
15,2,Melissa Rycroft,23.5,0.080740005,0.22886885410853175,-0.3423669512478236,-0.05674904856964594,0,0
8,3,Melissa Rycroft,27.0,0.0807208,1.0497519061389045,-0.28900544847620907,0.3803732288313477,0,0
15,3,Melissa Rycroft,27.0,0.09049498,1.2637214154907392,-0.03800850787339893,0.6128564538086702,0,0
8,4,Melissa Rycroft,29.0,0.0869577,1.1832159566199232,-0.2804786867561449,0.45136863493188917,0,0
15,4,Melissa Rycroft,37.0,0.10509082,0.4001967424117754,-0.566171192941215,-0.0829872252647198,0,0
8,5,Melissa Rycroft,25.0,0.108543366,0.4811252243246885,-0.24308234802003653,0.11902143815232599,0,0
15,5,Melissa Rycroft,28.25,0.117557876,0.4012195228030809,-1.6944795947810378,-0.6466300359889785,0,1
8,6,Melissa Rycroft,27.0,0.11889323,0.8586964251479084,-0.4850266514107865,0.18683488686856098,0,0
15,6,Melissa Rycroft,29.5,0.12526292,0.9001028747788695,0.024824222576020995,0.46246354867744527,0,0
8,7,Melissa Rycroft,29.0,0.14098182,1.1078234188139946,-0.13752880065833425,0.48514730907783016,0,0
15,7,Melissa Rycroft,38.9999,0.12496061,1.2111969601260935,-1.9955441105823286,-0.3921735752281176,0,1
8,8,Melissa Rycroft,23.0,0.1593434,-1.7038855027411943,-0.439876315469769,-1.0718809091054817,1,1
15,8,Melissa Rycroft,30.0,0.14504476,1.0314390383031276,0.13714070280021312,0.5842898705516704,0,0
8,9,Melissa Rycroft,28.5,0.20078197,0.7893522173763265,0.04236368553195005,0.4158579514541383,0,0
15,9,Melissa Rycroft,28.7777,0.21520619,0.5264025236701008,0.5540143337175034,0.540208428693802,0,0
8,10,Melissa Rycroft,27.5,0.24661937,0.05008354224706333,-0.09187206791209247,-0.02089426283251457,0,1
15,10,Melissa Rycroft,29.3331,0.3477087,1.0441153585600456,0.9694445081072095,1.0067799333336276,0,0
8,11,Melissa Rycroft,28.5,0.29306477,-0.8728715609439711,-1.0997993138602267,-0.986335437402099,1,1
30,1,Melora Hardin,26.0,0.070241034,0.4154993281761554,0.3736560310259665,0.39457767960106094,0,0
30,2,Melora Hardin,27.0,0.07212042,0.32113977496482204,0.3886876075501044,0.3549136912574632,0,0
30,3,Melora Hardin,23.0,0.076939,0.8667201695630766,0.359904599041772,0.6133123843024243,0,0
30,4,Melora Hardin,36.5,0.08721861,1.4515350989706435,0.4635495340119538,0.9575423164912986,0,0
30,5,Melora Hardin,36.0,0.10036595,0.29617443887954614,0.5426898470678427,0.41943214297369447,0,0
30,6,Melora Hardin,34.0,0.108907595,-0.9114654303752994,0.4618224228471493,-0.22482150376407503,0,0
30,7,Melora Hardin,38.0,0.11786389,0.5270462766947291,0.33060146760383236,0.42882387214928075,0,0
30,8,Melora Hardin,42.0,0.14106514,0.908030412909849,0.6425572160067815,0.7752938144583152,0,0
30,9,Melora Hardin,36.0,0.11967668,-0.9221388919541454,-1.2886640207703317,-1.1054014563622385,1,1
18,1,Meryl Davis,24.0,0.08256511,0.6624631405998731,-0.13280771645509235,0.26482771207239036,0,0
18,2,Meryl Davis,25.0,0.0912944,0.9519778295761544,0.04744381283487256,0.49971082120551347,0,0
18,3,Meryl Davis,39.0,0.114300355,1.5219470547609317,0.3242730770366647,0.9231100658987982,0,0
18,4,Meryl Davis,39.0,0.110936016,2.0,-0.017926839914249395,0.9910365800428753,0,0
18,5,Meryl Davis,36.0,0.114257276,0.06429904295605472,0.3629417613798164,0.21362040216793554,0,0
18,6,Meryl Davis,40.0,0.12670183,1.6573289143784293,0.11548000107313507,0.8864044577257822,0,0
18,7,Meryl Davis,39.0,0.14794804,1.4801285300746163,0.3659799572468781,0.9230542436607472,0,0
18,8,Meryl Davis,36.0,0.1686197,-0.8475793795260117,0.14503344925751768,-0.351272965134247,1,1
18,9,Meryl Davis,40.0,0.20355737,1.213559752433834,0.18091178486847617,0.6972357686511551,0,0
18,10,Meryl Davis,30.0,0.2569957,0.7302991773706005,0.33277153360114653,0.5315353554858735,0,0
13,1,Metta World Peace (Ron),14.0,0.069883816,-1.5055396050025969,-2.0401758466832796,-1.7728577258429383,1,1
11,1,Michael Bolton,16.0,0.08901783,-0.8655117088307898,0.6645574173527915,-0.10047714573899913,0,0
11,2,Michael Bolton,12.0,0.069794476,-2.451688302982772,-2.3919212484817125,-2.4218047757322423,1,1
9,1,Michael Irvin,19.0,0.063138,-1.196587417995418,0.0737736553174174,-0.5614068813390003,0,0
9,2,Michael Irvin,20.0,0.072601,-0.32378806290136664,0.13159886461816223,-0.0960945991416022,0,0
9,3,Michael Irvin,14.0,0.07621475,-1.5107622344293201,-0.07725523262565975,-0.7940087335274899,0,0
9,4,Michael Irvin,16.0,0.08932204,-1.3093073414159544,-0.14086019464259383,-0.7250837680292741,0,0
9,5,Michael Irvin,21.0,0.0988308,-1.287460273885968,-0.10687787890359562,-0.6971690763947818,1,1
9,6,Michael Irvin,21.9998,0.1120896,-1.3481584454165303,0.07346907938654158,-0.6373446830149944,0,0
9,7,Michael Irvin,23.5,0.11850786,-0.766561380227318,-1.4089272945860545,-1.0877443374066862,0,1
20,1,Michael Sam,26.0,0.08479389,-0.1560009076442849,0.18734559032477827,0.015672341340246684,0,0
20,2,Michael Sam,28.0,0.084718026,-0.25982421449631804,0.17901659509152337,-0.040403809702397334,0,0
20,3,Michael Sam,24.0,0.091050714,-0.965810246782168,0.012605064040505652,-0.47660259137083116,0,1
20,4,Michael Sam,30.0,0.07774786,-0.6616216370868463,-2.276462801437834,-1.46904221926234,0,1
19,1,Michael Waltrip,25.0,0.06657202,-0.7751056200153705,-1.2177252748806324,-0.9964154474480015,0,0
19,2,Michael Waltrip,24.0,0.07167236,-1.9710887647370559,-1.1171123530292524,-1.5441005588831542,1,1
19,3,Michael Waltrip,28.0,0.081818074,-0.9081740244309061,-0.9320016794397533,-0.9200878519353297,0,1
19,4,Michael Waltrip,25.0,0.087964155,-1.2084142090617156,-0.9969143948118073,-1.1026643019367615,1,1
19,5,Michael Waltrip,20.0,0.0909004,-1.6186052764450236,-1.6525238167996938,-1.6355645466223587,1,1
19,6,Michael Waltrip,30.0,0.103149146,-0.6948196567918141,-0.6764881172107158,-0.685653887001265,0,0
19,7,Michael Waltrip,28.0,0.11825828,-1.344950027884902,-0.521463545810332,-0.933206786847617,1,1
19,8,Michael Waltrip,25.0,0.104896456,-1.5328559183151997,-1.9510027723204784,-1.741929345317839,1,1
30,1,"Mike ""The Miz"" Mizanin",24.0,0.06973053,-0.1038748320440384,0.3202891246237253,0.10820714628984343,0,0
30,2,"Mike ""The Miz"" Mizanin",26.0,0.071995236,0.0802849437412053,0.3797657810684567,0.230025362404831,0,0
30,3,"Mike ""The Miz"" Mizanin",22.0,0.076988496,0.3611334039846156,0.36313734574401796,0.3621353748643168,0,0
30,4,"Mike ""The Miz"" Mizanin",32.5,0.086686246,0.1388424877276258,0.43958018960651807,0.28921133866707194,0,0
30,5,"Mike ""The Miz"" Mizanin",32.0,0.099710785,-0.8885233166386385,0.5050926620569716,-0.19171532729083346,0,0
30,6,"Mike ""The Miz"" Mizanin",34.0,0.10802303,-0.9114654303752994,0.4159613236142698,-0.2477520533805148,0,1
30,7,"Mike ""The Miz"" Mizanin",32.0,0.05794013,-1.3703203194062983,-2.603138551877198,-1.9867294356417482,1,1
12,1,Mike Catherwood,13.0,0.072335035,-1.7109608640557719,-2.17455520449833,-1.942758034277051,1,1
12,2,Mike Catherwood,17.0,0.06619079,-1.0541621925104283,-2.558397856918635,-1.8062800247145316,1,1
27,1,Milo Manheim,20.0,0.08206374,0.1503037325502086,0.547666158862676,0.3489849457064423,0,0
27,2,Milo Manheim,26.0,0.088761546,1.151445856157065,0.6354654842820999,0.8934556702195825,0,0
27,3,Milo Manheim,27.0,0.094589114,0.6923616317580139,0.3971520703588136,0.5447568510584138,0,0
27,4,Milo Manheim,29.0,0.10619532,1.48333768834828,0.7015910862103814,1.0924643872793307,0,0
27,5,Milo Manheim,27.0,0.12307627,0.6075482512438445,1.2625389778873348,0.9350436145655896,0,0
27,6,Milo Manheim,30.0,0.12219249,1.1560768207966907,0.8783986222808173,1.017237721538754,0,0
27,7,Milo Manheim,29.0,0.14025672,0.9794997792090945,0.8755015091636592,0.9275006441863769,0,0
27,8,Milo Manheim,27.5,0.19348197,0.20412414523193187,1.1098805180595417,0.6570023316457367,0,0
27,9,Milo Manheim,30.0,0.27589744,0.7833494518006403,0.9872267908517266,0.8852881213261834,0,0
32,1,Mira Sorvino,17.0,0.07759723,0.14274514194391816,0.40292476731943405,0.2728349546316761,0,0
32,2,Mira Sorvino,18.0,0.08248375,-0.08406317620060125,0.35261665617803045,0.1342767399887146,0,0
32,3,Mira Sorvino,26.0,0.089877784,-0.18821614363603617,0.36420704441057944,0.08799545038727163,0,0
32,4,Mira Sorvino,21.0,0.096654184,-0.2795894086082409,0.3131805911070927,0.016795591249425895,0,0
32,5,Mira Sorvino,22.0,0.048212904,-0.6324555320336759,-2.792859450484216,-1.712657491258946,0,1
26,1,Mirai Nagasu,23.0,0.102199465,0.8017837257372732,0.348652831714614,0.5752182787259436,0,0
26,2,Mirai Nagasu,37.0,0.13587286,1.3170110093616316,0.8816726933151989,1.0993418513384152,0,0
26,3,Mirai Nagasu,35.0,0.1640489,-0.04046229255162175,-0.12226448927182311,-0.08136339091172243,0,0
22,1,Mischa Barton,16.0,0.08896894,-1.1341880515957379,0.8258114885695719,-0.154188281513083,0,0
22,2,Mischa Barton,15.0,0.090159215,-1.484755527858076,0.6978173559967622,-0.3934690859306569,0,1
22,3,Mischa Barton,18.0,0.07240814,-1.7152180388208165,-2.2819862459665474,-1.998602142393682,1,1
7,1,Misty May-Treanor,21.0,0.07880886,0.509605922787699,0.18264471397647403,0.3461253183820865,0,0
7,2,Misty May-Treanor,21.0,0.089326195,0.29508926324854656,-0.15652281063750773,0.06928322630551942,0,0
29,1,Monica Aldama,19.0,0.06690293,0.5360562674188979,0.02274459056518054,0.2794004289920392,0,0
29,2,Monica Aldama,16.0,0.06861872,-1.0257552890643449,0.14950705971735773,-0.43812411467349355,0,0
29,3,Monica Aldama,21.0,0.073887445,0.2707339233939956,0.165209493502025,0.21797170844801028,0,0
29,4,Monica Aldama,24.0,0.07910326,0.4076871241636058,0.136237548007047,0.2719623360853264,0,0
29,5,Monica Aldama,26.0,0.08419426,0.6878181895109965,0.05513714140363965,0.3714776654573181,0,0
29,6,Monica Aldama,27.0,0.094853446,0.8859764474561831,0.22314215974179555,0.5545593035989893,0,0
29,7,Monica Aldama,22.0,0.051943988,-1.8973665961010275,-2.8152885673301835,-2.3563275817156057,1,1
6,1,Monica Seles,15.0,0.081070006,-1.358635495988127,-0.2759725608409021,-0.8173040284145145,0,0
6,2,Monica Seles,15.0,0.06418069,-1.5243382021516674,-1.526159413782356,-1.5252488079670117,1,1
3,1,Monique Coleman,19.0,0.09415629,-0.06534722650111006,0.29528075772879214,0.11496676561384103,0,0
3,2,Monique Coleman,26.0,0.10517376,1.032370802417528,0.4253736242636281,0.7288722133405781,0,0
3,3,Monique Coleman,27.0,0.11795088,1.4605934866804429,0.585619509370419,1.023106498025431,0,0
3,4,Monique Coleman,24.0,0.12981763,-0.2451825928095098,0.40005988474306253,0.07743864596677637,0,0
3,5,Monique Coleman,27.0,0.1493843,0.7807200583588263,0.5537118908180374,0.6672159745884318,0,0
3,6,Monique Coleman,23.0,0.2131021,-0.1645225491321249,0.9949795760961057,0.41522851348199036,0,0
3,7,Monique Coleman,27.0,0.21645114,0.0,0.6655179397015211,0.33275896985076053,0,0
3,8,Monique Coleman,26.5,0.20871396,-0.8660254037844387,-1.3875485631806648,-1.1267869834825517,1,1
24,1,Mr. T,20.0,0.08627051,-1.1258356874801214,0.5050165198616946,-0.3104095838092134,0,0
24,2,Mr. T,22.0,0.08641955,-1.5970988190093807,0.35175074571173437,-0.6226740366488231,0,0
24,3,Mr. T,24.0,0.0924206,-1.1499794411510862,0.16340817989479375,-0.49328563062814623,0,0
24,4,Mr. T,28.0,0.074595466,-1.405531455428576,-2.4531841631109588,-1.9293578092697674,1,1
9,1,Mya,30.9999,0.067167416,1.055828989666383,0.5397041720104656,0.7977665808384243,0,0
9,2,Mya,27.0,0.08319327,1.9427283774081996,1.3205191968553205,1.63162378713176,0,0
9,3,Mya,27.0,0.08595878,1.8486958921306151,0.9854955831835681,1.4170957376570916,0,0
9,4,Mya,28.0,0.1079366,1.3093073414159544,1.5112886883940102,1.4102980149049822,0,0
9,5,Mya,27.0,0.10862673,1.1265277396502225,0.7885825550735629,0.9575551473618926,0,0
9,6,Mya,33.0,0.12264862,0.8045540600702972,0.8662816664100222,0.8354178632401597,0,0
9,7,Mya,24.5,0.15624815,-0.27874959280993433,0.7748470171726215,0.24804871218134358,0,0
9,8,Mya,29.5,0.20554484,1.7453234216482192,0.2962049468375365,1.0207641842428778,0,0
9,9,Mya,28.9999,0.2803793,1.278010475131668,0.8186321466139473,1.0483213108728078,0,0
9,10,Mya,28.3332,0.3756106,0.4041053374826411,0.7046651236922669,0.5543852305874539,0,1
13,1,Nancy Grace,16.0,0.0788116,-0.7681324515319369,-0.6859081546197839,-0.7270203030758604,0,1
13,2,Nancy Grace,21.0,0.08806871,0.372193684159388,-0.3826501514052767,-0.005228233622944334,0,0
13,3,Nancy Grace,21.0,0.09746884,-1.027872433296289,-0.26958752275743375,-0.6487299780268614,0,0
13,4,Nancy Grace,21.0,0.10792892,-0.7647191129018724,-0.3833054714505008,-0.5740122921761867,0,0
13,5,Nancy Grace,22.0,0.12195635,-0.5400617248673217,-0.2828108525896065,-0.4114362887284641,0,0
13,6,Nancy Grace,24.0,0.13970271,0.07164211023510704,-0.23914671011686076,-0.08375229994087685,0,0
13,7,Nancy Grace,22.0,0.1669416,-1.515854283119019,0.021753111885280417,-0.7470505856168692,1,1
13,8,Nancy Grace,22.0,0.16579656,-1.3745693848579703,-1.754800837229869,-1.5646851110439197,1,1
24,1,Nancy Kerrigan,28.0,0.08268293,0.6173937641020016,-0.11182932177316095,0.25278222116442034,0,0
24,2,Nancy Kerrigan,28.0,0.0825352,0.19963735237617297,-0.09096776927408917,0.0543347915510419,0,0
24,3,Nancy Kerrigan,33.0,0.09125188,1.0823335916716104,0.03705819247570151,0.5596958920736559,0,0
24,4,Nancy Kerrigan,33.0,0.10720385,0.12222012655900615,0.6956382919662172,0.40892920926261167,0,0
24,5,Nancy Kerrigan,36.0,0.11651813,0.6498269051047723,0.5088915370941858,0.579359221099479,0,0
24,6,Nancy Kerrigan,33.5,0.14219902,-0.05172853157197942,1.2411880296787496,0.5947297490533852,0,0
24,7,Nancy Kerrigan,36.0,0.12879017,-0.03519439937428,-0.9269273936068048,-0.4810608964905424,0,1
27,1,Nancy McKeon,19.5,0.0825856,-0.045091119765063276,0.6032629960915197,0.2790859381632282,0,0
27,2,Nancy McKeon,20.5,0.08808841,-0.6797692403818825,0.5566633155201876,-0.06155296243084746,0,0
27,3,Nancy McKeon,22.0,0.06853266,-0.7722495123454772,-2.4148864608768457,-1.5935679866111614,0,1
20,1,Nastia Liukin,30.0,0.08396118,1.0920063535099942,0.08053353883989392,0.5862699461749441,0,0
20,2,Nastia Liukin,34.0,0.08575115,1.4408433712977613,0.31258193952788055,0.876712655412821,0,0
20,3,Nastia Liukin,34.0,0.1037926,1.2023352051778016,1.1466760579584803,1.1745056315681408,0,0
20,4,Nastia Liukin,36.0,0.10185665,0.9262702919215848,0.1899413081015772,0.558105800011581,0,0
20,5,Nastia Liukin,38.0,0.1135447,1.1321582029233608,0.23079066484242552,0.6814744338828932,0,0
20,6,Nastia Liukin,36.5,0.12791695,0.724568837309472,0.21738524139356796,0.47097703935151997,0,0
20,7,Nastia Liukin,41.0,0.14970359,1.22110603731156,0.5470333842522919,0.884069710781926,0,0
20,8,Nastia Liukin,38.0,0.19562677,0.659736158294474,1.0780528367588138,0.8688944975266439,0,0
20,9,Nastia Liukin,40.0,0.20276557,0.7833494518006403,-1.1118091924872733,-0.1642298703433165,0,1
9,1,Natalie Coughlin,26.9998,0.061094586,0.30499849338824997,-0.16251094295632995,0.07124377521596001,0,0
9,2,Natalie Coughlin,21.0,0.070193745,0.0,-0.13860142430758804,-0.06930071215379402,0,0
9,3,Natalie Coughlin,26.0,0.078673325,1.5902760362413892,0.19089383782857497,0.8905849370349821,0,0
9,4,Natalie Coughlin,24.0,0.08636275,0.4364357804719848,-0.40351414230944177,0.016460819081271505,0,0
9,5,Natalie Coughlin,22.0,0.076130964,-0.8851289382966029,-2.181903424795646,-1.5335161815461245,0,1
18,1,NeNe Leakes,21.0,0.07788581,-0.2547935156153353,-0.9417458185647859,-0.5982696670900606,0,0
18,2,NeNe Leakes,21.0,0.08662012,-0.3992165091770978,-0.5281072001472652,-0.46366185466218146,0,0
18,3,NeNe Leakes,31.0,0.10003427,-1.2175576438087463,-1.126264239637077,-1.1719109417229117,0,1
18,4,NeNe Leakes,32.0,0.09888111,-0.3333333333333333,-1.2521683900223552,-0.7927508616778443,0,0
18,5,NeNe Leakes,36.0,0.106971204,0.06429904295605472,-0.47758170197998917,-0.20664132951196723,0,0
18,6,NeNe Leakes,33.0,0.12057872,-0.7850505383897823,-0.3000132190704911,-0.5425318787301368,0,1
18,7,NeNe Leakes,33.0,0.11182312,-1.6281413830820812,-2.2310003404160215,-1.9295708617490512,1,1
29,1,Nelly,16.0,0.074093394,-0.4288450139351176,0.7149559351962275,0.14305546063055494,0,0
29,2,Nelly,18.0,0.07447217,-0.09325048082403105,0.5978203594208983,0.2522849392984336,0,0
29,3,Nelly,18.0,0.08105538,-0.6039449060327609,0.6468158699106569,0.02143548193894801,0,0
29,4,Nelly,21.0,0.08645419,-1.0377490433255412,0.5955908378481555,-0.22107910273869286,0,0
29,5,Nelly,24.0,0.091443524,0.027512727580439485,0.5194078983546377,0.2734603129675386,0,0
29,6,Nelly,24.0,0.09870908,-0.12220364792499065,0.4412652230498506,0.15953078756242997,0,0
29,7,Nelly,27.0,0.107656,0.4743416490252569,0.4485149836892704,0.46142831635726367,0,0
29,8,Nelly,24.0,0.1338904,-1.8919503231796297,0.42551450181524664,-0.7332179106821916,1,1
29,9,Nelly,24.0,0.15277739,-1.4244519080809512,0.3628814029167803,-0.5307852525820855,1,1
29,10,Nelly,28.0,0.1928445,-1.1952286093343936,0.6036294921933406,-0.2957995585705265,0,0
29,11,Nelly,28.5,0.2682142,-1.5,1.0726259821118063,-0.21368700894409687,1,1
29,1,Nev Schulman,20.0,0.030359825,0.8576900278702363,-3.4951858029453784,-1.318747887537571,0,1
29,2,Nev Schulman,21.0,0.065079845,1.3055067315364395,-0.12153390390039982,0.5919864138180199,0,0
29,3,Nev Schulman,24.0,0.07084822,1.145412752820752,-0.0389929915010506,0.5532098806598508,0,0
29,4,Nev Schulman,24.0,0.07604339,0.4076871241636058,-0.0549710951151305,0.17635801452423766,0,0
29,5,Nev Schulman,26.0,0.08325604,0.6878181895109965,-0.00495007704868428,0.3414340562311561,0,0
29,6,Nev Schulman,26.0,0.09247369,0.5499164156624585,0.08851328453068323,0.31921485009657086,0,0
29,7,Nev Schulman,30.0,0.10159147,1.8973665961010275,0.09323371060826939,0.9953001533546485,0,0
29,8,Nev Schulman,30.0,0.1279911,1.1352105560528356,0.1431608241571739,0.6391856901050048,0,0
29,9,Nev Schulman,28.9998,0.1504604,0.5697648088604715,0.2781262514684735,0.4239455301644725,0,0
29,10,Nev Schulman,30.0,0.1892037,1.1952286093343936,0.5196769768419884,0.857452793088191,0,0
29,11,Nev Schulman,30.0,0.2316144,0.5,-1.0827187629228405,-0.29135938146142026,0,1
21,1,Nick Carter,24.0,0.08534105,1.0657494661290332,1.0199276145754268,1.04283854035223,0,0
21,2,Nick Carter,22.5,0.08724629,0.5595380708016264,1.0484678163769607,0.8040029435892936,0,0
21,3,Nick Carter,36.0,0.11879462,1.1162416509613684,1.5686210012493962,1.3424313261053822,0,0
21,4,Nick Carter,27.0,0.1180365,0.826242800485626,1.429408567512221,1.1278256839989236,0,0
21,5,Nick Carter,35.0,0.12290809,0.30939698726150505,0.9741097308649661,0.6417533590632356,0,0
21,6,Nick Carter,39.0,0.1253939,0.7142529076171611,0.8421392602762037,0.7781960839466824,0,0
21,7,Nick Carter,27.0,0.13439606,-0.7905694150420948,0.5975615328927351,-0.09650394107467986,0,0
21,8,Nick Carter,33.0,0.15489367,1.805422344615121,0.7626199113065838,1.2840211279608524,0,0
21,9,Nick Carter,27.5,0.1758162,0.03675079979798298,0.4528879756164726,0.24481938770722778,0,0
21,10,Nick Carter,27.0,0.2756537,-1.1666666666666667,1.471343961580544,0.1523386474569386,0,0
21,11,Nick Carter,30.0,0.2651335,0.5000000000000009,0.5236690247627892,0.511834512381395,0,0
25,1,Nick Lachey,18.0,0.08361927,-0.15376731901963628,1.1315261070795068,0.4888793940299353,0,0
25,2,Nick Lachey,19.0,0.08618625,-0.9214256551796649,0.9049586826487456,-0.008233486265459666,0,0
25,3,Nick Lachey,21.0,0.09736711,-0.5304576150695569,1.439012847101734,0.45427761601608857,0,0
25,4,Nick Lachey,22.0,0.099391714,-1.342822863170153,1.0768603681366875,-0.1329812475167328,0,0
25,5,Nick Lachey,22.0,0.10685762,-1.630605783040051,0.7724895183598045,-0.4290581323401233,0,0
25,6,Nick Lachey,26.0,0.08717653,-1.7056057308448833,-2.503783949565894,-2.1046948402053887,1,1
24,1,Nick Viall,24.0,0.07594153,-0.2542209616890599,-1.270940632683922,-0.762580797186491,0,1
24,2,Nick Viall,25.0,0.077244885,-0.6987307333166038,-0.6939310451393516,-0.6963308892279777,0,1
24,3,Nick Viall,26.0,0.08672481,-0.6539098783015981,-0.4523620600615558,-0.5531359691815769,0,0
24,4,Nick Viall,30.0,0.09328297,-0.7944308226335431,-0.6486288614883895,-0.7215298420609664,0,1
24,5,Nick Viall,34.0,0.1036308,0.06498269051047702,-0.7040247968699385,-0.31952105317973073,0,0
24,6,Nick Viall,30.5,0.11979721,-1.2932132892994856,-0.3754654532519116,-0.8343393712756986,1,1
24,7,Nick Viall,34.0,0.11712768,-0.5279159906141895,-1.6954140871157253,-1.1116650388649574,1,1
17,1,"Nicole ""Snooki"" Polizzi",23.0,0.077941135,0.47283954548277585,-0.8945167247219448,-0.21083858961958446,0,0
17,2,"Nicole ""Snooki"" Polizzi",20.0,0.080183476,-0.7126875172666912,-0.43911697195036703,-0.5759022446085291,0,0
17,3,"Nicole ""Snooki"" Polizzi",25.0,0.08721128,0.4797390928809163,-0.39748277741744736,0.04112815773173448,0,0
17,4,"Nicole ""Snooki"" Polizzi",24.0,0.09632896,0.10056022847309888,-0.3860748444901042,-0.14275730800850267,0,0
17,5,"Nicole ""Snooki"" Polizzi",27.0,0.10909167,0.4523674291626514,-0.20837216896467742,0.12199763009898698,0,0
17,6,"Nicole ""Snooki"" Polizzi",30.0,0.1181289,0.39470980288206287,-0.7026706459399785,-0.15398042152895783,0,0
17,7,"Nicole ""Snooki"" Polizzi",27.0,0.099931024,-0.4352019250457266,-1.984445516988451,-1.2098237210170888,0,1
10,1,Nicole Scherzinger,25.0,0.1090936,1.777046633277277,1.771369083037216,1.7742078581572465,0,0
10,2,Nicole Scherzinger,28.0,0.1087565,1.7888543819998317,1.9103102850527955,1.8495823335263135,0,0
10,3,Nicole Scherzinger,23.0,0.11917862,0.7101439158686046,1.519093851022266,1.1146188834454354,0,0
10,4,Nicole Scherzinger,25.0,0.12780857,1.197898180390735,1.4897624978896358,1.3438303391401853,0,0
10,5,Nicole Scherzinger,29.0,0.14099206,1.562869843959496,1.279275561586684,1.42107270277309,0,0
10,6,Nicole Scherzinger,35.9999,0.16574618,1.4836337402066488,1.3664848318420595,1.425059286024354,0,0
10,7,Nicole Scherzinger,27.0,0.18530695,1.1163837531806788,0.9197984085732377,1.0180910808769583,0,0
10,8,Nicole Scherzinger,29.5,0.2282741,1.2839774650830602,1.2519972291785082,1.2679873471307843,0,0
10,9,Nicole Scherzinger,29.5,0.28795016,0.753778361444409,1.1772166262230335,0.9654974938337213,0,0
10,10,Nicole Scherzinger,28.7777,0.3955197,1.1531138387016753,0.8713825916747968,1.0122482151882362,0,0
10,1,Niecy Nash,18.0,0.09972127,-0.29617443887954614,0.8584020803547031,0.2811138207375785,0,0
10,2,Niecy Nash,21.0,0.10005967,0.22360679774997896,0.9794391500532947,0.6015229739016369,0,0
10,3,Niecy Nash,21.0,0.10876612,0.184111385595564,0.6943438799193246,0.43922763275744425,0,0
10,4,Niecy Nash,18.0,0.119607955,-0.7126736009919561,0.7580962130751365,0.022711306041590218,0,0
10,5,Niecy Nash,18.0,0.13541353,-0.768190262285176,0.8330242767801106,0.03241700724746732,0,0
10,6,Niecy Nash,25.9998,0.15467714,-0.9316081285859914,0.7056586806758074,-0.112974723955092,0,0
10,7,Niecy Nash,24.5,0.17743845,-1.4598864464670445,0.5315297230475424,-0.464178361709751,1,1
10,8,Niecy Nash,21.5,0.16579367,-1.161693896979912,-1.514680586839747,-1.3381872419098295,1,1
25,1,Nikki Bella,20.0,0.07671815,0.6458227398824752,-0.03462798572760215,0.3055973770774365,0,0
25,2,Nikki Bella,19.5,0.07949616,-0.6954155888148416,0.251375343985205,-0.22202012241481828,0,0
25,3,Nikki Bella,21.0,0.08940513,-0.5304576150695569,-0.33512164370903785,-0.4327896293892974,0,0
25,4,Nikki Bella,24.0,0.0913639,-0.32412965662727844,0.05773756212753107,-0.1331960472498737,0,0
25,5,Nikki Bella,27.0,0.102864616,0.3579378548136691,0.3226900636264173,0.34031395922004315,0,0
25,6,Nikki Bella,36.0,0.11831495,0.42640143271122083,0.7535889831239948,0.5899952079176078,0,0
25,7,Nikki Bella,24.0,0.096959904,-1.3689367605010148,-1.4798549814734558,-1.4243958709872353,1,1
27,1,Nikki Glaser,17.5,0.05267836,-0.8266705290261508,-2.5829324475982887,-1.7048014883122198,0,1
20,1,Noah Galloway,26.0,0.0762967,-0.1560009076442849,-0.9025924382287928,-0.5292966729365388,0,0
20,2,Noah Galloway,27.0,0.07916952,-0.5432688121286646,-0.5383107683200306,-0.5407897902243476,0,0
20,3,Noah Galloway,30.0,0.08523855,0.33507702439381376,-0.5046972100729407,-0.08481009283956345,0,0
20,4,Noah Galloway,32.0,0.09562983,-0.13232432741736927,-0.44708172114884187,-0.28970302428310557,0,0
20,5,Noah Galloway,28.0,0.10721981,-0.5948627845868502,-0.36903383357289204,-0.4819483090798711,0,0
20,6,Noah Galloway,34.0,0.11848913,-0.8855841344893547,-0.48522159600198894,-0.6854028652456718,0,0
20,7,Noah Galloway,38.0,0.14306904,0.44403855902238565,0.016930695829193456,0.23048462742578954,0,0
20,8,Noah Galloway,31.5,0.16702661,-0.8996402158561008,0.013399113308710431,-0.44312055127369515,0,0
20,9,Noah Galloway,38.0,0.22691418,-1.3055824196677337,-0.5433965624673899,-0.9244894910675618,1,1
20,10,Noah Galloway,36.0,0.2529593,-1.1547005383792506,-1.1540379450145437,-1.1543692416968971,1,1
24,1,Normani,27.0,0.09052279,0.3994900826542363,1.2361503859962686,0.8178202343252524,0,0
24,2,Normani,32.0,0.094238326,1.3974614666332088,1.2428951842218587,1.3201783254275337,0,0
24,3,Normani,34.0,0.107292846,1.3303683730963545,1.7712424729621024,1.5508054230292285,0,0
24,4,Normani,32.0,0.11320298,-0.1833301898385103,1.2749431497269423,0.545806479944216,0,0
24,5,Normani,39.0,0.12155882,1.5270932269962152,0.9833059608304927,1.255199593913354,0,0
24,6,Normani,36.0,0.14536197,0.9828420998676091,1.4694461094426405,1.2261441046551247,0,0
24,7,Normani,42.0,0.16295214,1.4429703743454485,1.3241372906116515,1.3835538324785501,0,0
24,8,Normani,39.5,0.2450584,1.1019742294153494,1.2955115643771775,1.1987428968962635,0,0
24,9,Normani,38.0,0.28406236,0.05961964751378732,1.022163518589387,0.5408915830515871,0,0
24,10,Normani,39.333200000000005,0.38092005,0.4841610754516284,1.029685426327637,0.7569232508896326,0,0
22,1,Nyle DiMarco,23.0,0.07453586,0.9829629780496395,-1.2891359867791135,-0.15308650436473697,0,0
22,2,Nyle DiMarco,20.0,0.077717595,0.10605396627557645,-0.5741030160103177,-0.2340245248673706,0,0
22,3,Nyle DiMarco,25.0,0.08502362,1.671238089107461,-0.7259390319149867,0.47264952859623716,0,0
22,4,Nyle DiMarco,34.0,0.093226895,0.4997796871450657,-0.6464575996578751,-0.07333895625640469,0,0
22,5,Nyle DiMarco,37.0,0.08856043,1.79133717900592,-2.1821290031992304,-0.1953959120966552,0,0
22,6,Nyle DiMarco,25.0,0.09970695,-0.09114479026995477,-0.9080786321864008,-0.4996117112281778,0,0
22,7,Nyle DiMarco,28.0,0.12678131,1.2971863041569272,0.12190639109675831,0.7095463476268428,0,0
22,8,Nyle DiMarco,29.0,0.16223715,0.42937836660795325,-0.24114537421714174,0.09411649619540575,0,0
22,9,Nyle DiMarco,28.5,0.21863028,-0.19289712886816412,0.695584982201068,0.25134392666645194,0,0
22,10,Nyle DiMarco,28.9998,0.3065754,-9.999499987303436e-05,-0.70828766069049,-0.3541938278451815,0,1
30,1,Olivia Jade,25.0,0.063703895,0.1558122480660585,-0.3097213473127815,-0.0769545496233615,0,0
30,2,Olivia Jade,27.0,0.06729724,0.32113977496482204,0.044941002155218485,0.18304038856002025,0,0
30,3,Olivia Jade,24.0,0.07193309,1.3723069351415376,0.03295213734311864,0.702629536242328,0,0
30,4,Olivia Jade,35.0,0.08184171,0.9592753697545119,0.22145809294233626,0.5903667313484241,0,0
30,5,Olivia Jade,36.0,0.09508609,0.29617443887954614,0.23970071722803424,0.2679375780537902,0,0
30,6,Olivia Jade,36.0,0.10003437,-0.15191090506254945,0.001781778868841472,-0.07506456309685398,0,0
30,7,Olivia Jade,42.0,0.11262681,1.7919573407620808,0.07420515366719468,0.9330812472146377,0,0
30,8,Olivia Jade,36.0,0.09867948,-0.6485931520784636,-1.0527415294887443,-0.850667340783604,0,1
22,1,Paige VanZant,21.0,0.08491345,0.378062683865246,0.23154135795283387,0.30480202090903996,0,0
22,2,Paige VanZant,24.0,0.085313074,1.3787015615824982,0.20239108003601436,0.7905463208092562,0,0
22,3,Paige VanZant,23.0,0.09176935,0.7036791954136674,0.10610813341237658,0.404893664413022,0,0
22,4,Paige VanZant,36.0,0.10361241,0.9757603415689374,0.3447856634560945,0.660273002512516,0,0
22,5,Paige VanZant,31.0,0.11328607,0.094280904158206,0.21046113473022016,0.15237101944421308,0,0
22,6,Paige VanZant,28.0,0.1153174,1.139309878374439,0.3349335916942265,0.7371217350343328,0,0
22,7,Paige VanZant,27.5,0.13252825,0.7783117824941562,0.5152066580352871,0.6467592202647217,0,0
22,8,Paige VanZant,28.0,0.1754852,-0.08587567332159139,0.4800864484430023,0.19710538756070545,0,0
22,9,Paige VanZant,29.5,0.22069582,0.7715885154726599,0.7727045294314194,0.7721465224520396,0,0
22,10,Paige VanZant,29.666600000000003,0.37654877,1.000049993750317,1.1439200279387125,1.0719850108445148,0,0
10,1,Pamela Anderson,21.0,0.08330743,0.5923488777590923,-0.7404846753730976,-0.07406789880700265,0,0
15,1,Pamela Anderson,17.0,0.05481714,-2.138904348924904,-2.550930696968467,-2.3449175229466857,1,1
10,2,Pamela Anderson,22.0,0.086341396,0.4472135954999579,-0.4889056708313425,-0.02084603766569229,0,0
10,3,Pamela Anderson,21.0,0.09601321,0.184111385595564,-0.3157845382298617,-0.06583657631714884,0,0
10,4,Pamela Anderson,23.5,0.109190606,0.7884899415230154,-0.17134908346006672,0.30857042903147436,0,0
10,5,Pamela Anderson,21.0,0.121703714,-0.13244659694571997,-0.26368453440522277,-0.19806556567547137,0,0
10,6,Pamela Anderson,29.9998,0.13878115,0.034478958060198565,-0.24333833177307976,-0.10442968685644059,0,0
10,7,Pamela Anderson,25.5,0.12945068,-0.4293783666079551,-1.836411864193912,-1.1328951154009335,0,1
20,1,Patti LaBelle,25.0,0.093650736,-0.46800272293285466,1.32341684075493,0.42770705891103766,0,0
20,2,Patti LaBelle,28.0,0.09431955,-0.25982421449631804,1.4203301839481897,0.5802529847259358,0,0
20,3,Patti LaBelle,22.0,0.09994448,-1.3994393371741618,0.8041803494648055,-0.29762949385467813,0,0
20,4,Patti LaBelle,30.0,0.11046314,-0.6616216370868463,1.0704119706570114,0.20439516678508257,0,0
20,5,Patti LaBelle,27.0,0.11660177,-0.7675648833378713,0.5207096166930525,-0.12342763332240941,0,0
20,6,Patti LaBelle,34.0,0.102353595,-0.8855841344893547,-1.687719863473717,-1.2866519989815357,0,1
21,1,Paula Deen,15.0,0.074217185,-0.9454229135015613,-0.32784742347517987,-0.6366351684883705,0,0
21,2,Paula Deen,18.5,0.07753747,-0.7630064601840352,0.06240086599616915,-0.350302797093933,0,0
21,3,Paula Deen,20.0,0.09157997,-2.131006788198976,-0.7027457483152125,-1.4168762682570943,1,1
21,4,Paula Deen,18.0,0.09699159,-1.3608704949175026,-0.23841961398998543,-0.799645054453744,0,1
21,5,Paula Deen,26.0,0.10717338,-1.4806855818943436,-0.32514886133789717,-0.9029172216161204,0,0
21,6,Paula Deen,24.0,0.08075439,-1.8232245273385432,-1.789887738797417,-1.8065561330679802,1,1
4,1,Paulina Porizkova,19.0,0.08115367,0.08071051016126843,-1.0685849864438033,-0.49393723814126744,0,0
4,2,Paulina Porizkova,21.0,0.066082545,-0.47371969597530456,-2.216326405683531,-1.3450230508294176,0,1
6,1,Penn Jillette,16.0,0.06503832,-1.099847782466579,-2.230750646002961,-1.66529921423477,0,1
6,2,Penn Jillette,17.0,0.053290714,-1.049219801481018,-2.3939162744672196,-1.7215680379741187,0,1
12,1,Petra Nemcova,18.0,0.083550714,-0.2406038715078425,-0.8614803160128861,-0.5510420937603643,0,0
12,2,Petra Nemcova,18.0,0.08554648,-0.6543075677650936,-0.5550418967716093,-0.6046747322683514,0,0
12,3,Petra Nemcova,25.0,0.09539541,1.2355976572819445,-0.5035564522814182,0.36602060250026314,0,0
12,4,Petra Nemcova,23.0,0.10716746,0.045895226054767445,-0.4141191157934124,-0.18411194486932247,0,0
12,5,Petra Nemcova,22.0,0.096413635,-1.0285114588061344,-2.306089874679688,-1.667300666742911,1,1
33,1,Phaedra Parks,19.0,0.078161225,0.0,0.09342034025831497,0.046710170129157486,0,0
33,2,Phaedra Parks,21.0,0.08369889,0.41741887015884593,0.29278812123012316,0.3551034956944845,0,0
33,3,Phaedra Parks,28.0,0.09886228,-0.2094384368310635,0.3202650484296124,0.05541330579927445,0,0
33,4,Phaedra Parks,32.0,0.10755957,-0.3058876451607479,-0.1501317815818062,-0.22800971337127707,0,0
33,5,Phaedra Parks,24.0,0.07018479,-1.102396379610246,-2.443184452625378,-1.772790416117812,1,1
6,1,Priscilla Presley,24.0,0.0891915,0.970453925705805,0.7142987362625441,0.8423763309841745,0,0
6,2,Priscilla Presley,21.0,0.09148255,-0.09898300013971892,0.6493620313023398,0.27518951558131044,0,0
6,3,Priscilla Presley,26.0,0.10629545,1.2231532594503012,0.6323920213316835,0.9277726403909923,0,0
6,4,Priscilla Presley,22.0,0.11689989,-0.8944271909999159,0.47641730239235514,-0.20900494430378036,0,1
6,5,Priscilla Presley,21.0,0.100538574,-1.2374368670764582,-2.408263839911913,-1.8228503534941858,1,1
1,1,Rachel Hunter,20.0,0.12299475,0.6754697823349772,-1.9615050230185302,-0.6430176203417766,0,1
1,2,Rachel Hunter,24.0,0.14959681,0.8622036684122237,-0.48725676309030524,0.18747345266095924,0,0
1,3,Rachel Hunter,26.0,0.2098332,0.9658123639026407,0.27231399943577744,0.619063181669209,0,0
1,4,Rachel Hunter,25.0,0.21187402,0.6793662204867574,-1.445263630851354,-0.3829487051822983,0,1
12,1,Ralph Macchio,24.0,0.09962779,1.5238245195496727,1.0207423096410773,1.272283414595375,0,0
12,2,Ralph Macchio,21.0,0.098422065,0.5452563064709111,0.7776091195512222,0.6614327130110667,0,0
12,3,Ralph Macchio,21.0,0.10537969,-0.13728862858688218,0.5883201618558201,0.22551576663446898,0,0
12,4,Ralph Macchio,25.0,0.1171742,0.8720092950405843,0.6366784365549251,0.7543438657977547,0,0
12,5,Ralph Macchio,22.0,0.1308124,-1.0285114588061344,0.46889190189884605,-0.2798097784536442,0,0
12,6,Ralph Macchio,24.0,0.1473033,-0.7740593145675557,0.31169190703615046,-0.23118370376570263,0,0
12,7,Ralph Macchio,33.0,0.17144065,1.1081025026876272,0.2707821103949823,0.6894423065413048,0,0
12,8,Ralph Macchio,23.0,0.20882425,-1.697056274847714,0.5263649932395996,-0.5853456408040572,1,1
12,9,Ralph Macchio,24.0,0.2166925,-1.0057275799087242,-1.4905771956095248,-1.2481523877591245,1,1
19,1,Randy Couture,31.0,0.08124677,0.5112398770314142,0.508652032610291,0.5099459548208526,0,0
19,2,Randy Couture,28.0,0.086708024,-0.6925447011238307,0.3232931012390754,-0.18462579994237766,0,0
19,3,Randy Couture,26.0,0.07582121,-1.3521702141526821,-1.5467944050400524,-1.4494823095963674,1,1
24,1,Rashad Jennings,31.0,0.082986146,1.2711048084452978,-0.05969458785303885,0.6057051102961295,0,0
24,2,Rashad Jennings,32.0,0.08460058,1.3974614666332088,0.1444337693311904,0.7709476179821996,0,0
24,3,Rashad Jennings,28.0,0.09168171,-0.15784031545210994,0.08352699175384223,-0.037156661849133854,0,0
24,4,Rashad Jennings,39.0,0.10139023,1.9555220249441048,0.13424717239139286,1.0448845986677489,0,0
24,5,Rashad Jennings,32.0,0.116981216,-0.5198615240838182,0.5524757840584609,0.01630712998732131,0,0
24,6,Rashad Jennings,35.0,0.12262784,0.5690138472917736,-0.17118964480661109,0.19891210124258127,0,0
24,7,Rashad Jennings,39.0,0.14784676,0.7038879874855842,0.3287852233948077,0.516336605440196,0,0
24,8,Rashad Jennings,37.5,0.19642484,0.6228549992347628,-0.10279283553699925,0.2600310818488818,0,0
24,9,Rashad Jennings,38.5,0.24981517,0.2980982375689366,-0.0055466392138310725,0.14627579917755276,0,0
24,10,Rashad Jennings,39.6666,0.288625,0.6657691413307646,-0.9674031423954896,-0.15081700053236252,0,1
28,1,Ray Lewis,15.0,0.08572728,-0.47727071103687396,0.2068970754390635,-0.13518681779890523,0,0
28,2,Ray Lewis,15.0,0.08780614,-0.9997311466546382,0.29429575082893045,-0.3527176979128539,0,0
20,1,Redfoo,22.0,0.08988953,-1.404008168798564,0.8409654123858026,-0.2815213782063807,0,0
20,2,Redfoo,31.0,0.06733655,0.5905095784007217,-2.068112334981038,-0.7388013782901582,0,1
33,1,Reginald VelJohnson,16.0,0.08263036,-1.2792042981336627,0.43062450088753784,-0.42428989862306243,0,0
33,2,Reginald VelJohnson,15.0,0.09006693,-1.753159254667154,0.5679559526055341,-0.5926016510308099,0,0
33,3,Reginald VelJohnson,21.0,0.040690497,-1.8221144004302505,-2.022240013684697,-1.9221772070574739,1,1
11,1,Rick Fox,22.0,0.08450536,0.914969520763977,0.13701838509139946,0.5259939529276882,0,0
11,2,Rick Fox,21.0,0.09183288,0.2754705958407612,0.10464880321843331,0.19005969952959728,0,0
11,3,Rick Fox,24.0,0.101468936,0.7187031245514819,0.15418718667180095,0.43644515561164143,0,0
11,4,Rick Fox,19.5,0.11022833,-0.08795642748530612,-0.08281955804218259,-0.08538799276374436,0,0
11,5,Rick Fox,24.0,0.1240359,0.42874646285627205,-0.0925591401982717,0.16809366132900017,0,0
11,6,Rick Fox,30.0,0.14132883,0.10117283359157296,-0.09519209035695893,0.0029903716173070166,0,0
11,7,Rick Fox,34.5,0.14393339,-0.15579423821243896,-1.8409471479708437,-0.9983706930916413,0,1
23,1,Rick Perry,20.0,0.06469264,-1.6678489514621988,-1.4014661982776537,-1.5346575748699263,1,1
23,2,Rick Perry,22.0,0.071990445,-1.6550070747650993,-0.5850857805489875,-1.1200464276570434,1,1
23,3,Rick Perry,23.0,0.058706082,-1.3481236514415535,-2.4020984997036847,-1.8751110755726192,1,1
13,1,Ricki Lake,20.0,0.09004719,0.7066818554093828,1.0184337669893977,0.8625578111993902,0,0
13,2,Ricki Lake,23.0,0.09797911,1.395726315597706,0.9524624411031899,1.174094378350448,0,0
13,3,Ricki Lake,27.0,0.10699804,1.2562885295843536,0.7453412165593601,1.000814873071857,0,0
13,4,Ricki Lake,29.0,0.120968774,1.9882696935448692,1.1873896088126263,1.5878296511787477,0,0
13,5,Ricki Lake,24.0,0.13322967,0.1800205749557739,0.7646862715779691,0.47235342326687146,0,0
13,6,Ricki Lake,29.0,0.14956734,1.3253790393494846,0.5087191819398781,0.9170491106446814,0,0
13,7,Ricki Lake,26.5,0.1771281,1.306770933723291,0.8277233139442235,1.067247123833757,0,0
13,8,Ricki Lake,26.0,0.21180396,0.03524536884251257,0.6055995960940251,0.3204224824682689,0,0
13,9,Ricki Lake,33.4999,0.2691058,0.9290762737777307,0.7273416138840193,0.8282089438308751,0,0
13,10,Ricki Lake,27.9999,0.35527968,-0.9998999749974969,0.56110924204337,-0.21939536647706348,1,1
20,1,Riker Lynch,31.0,0.08821059,1.404008168798564,0.6256070934992388,1.0148076311489014,0,0
20,2,Riker Lynch,32.0,0.088808015,0.8739541760330682,0.7077825414115336,0.7908683587223009,0,0
20,3,Riker Lynch,34.0,0.09745997,1.2023352051778016,0.5830505477149592,0.8926928764463804,0,0
20,4,Riker Lynch,34.0,0.10655949,0.3969729822521078,0.6710564491976804,0.5340147157248941,0,0
20,5,Riker Lynch,38.0,0.11831819,1.1321582029233608,0.6834872722048521,0.9078227375641064,0,0
20,6,Riker Lynch,38.0,0.14352651,1.690660620388768,1.3806853027795705,1.535672961584169,0,0
20,7,Riker Lynch,37.0,0.15857312,0.1850160662593275,1.2557116967300546,0.720363881494691,0,0
20,8,Riker Lynch,39.0,0.18038975,0.8996402158561008,0.5108479652726506,0.7052440905643758,0,0
20,9,Riker Lynch,40.0,0.29460022,0.7833494518006403,1.0498048686721693,0.9165771602364048,0,0
20,10,Riker Lynch,40.0,0.37587938,0.5773502691896268,0.610891027360153,0.59412064827489,0,0
13,1,Rob Kardashian,16.0,0.07896645,-0.7681324515319369,-0.6624187476050052,-0.715275599568471,0,0
13,2,Rob Kardashian,21.0,0.08821349,0.372193684159388,-0.36314563078619067,0.004524026686598681,0,0
13,3,Rob Kardashian,24.0,0.097803764,0.1142080481440324,-0.23391569373852994,-0.05985382279724877,0,0
13,4,Rob Kardashian,24.0,0.10943686,0.2676516895156557,-0.2016689332398753,0.0329913781378902,0,0
13,5,Rob Kardashian,25.0,0.12417633,0.5400617248673217,-0.07653420421011112,0.2317637603286053,0,0
13,6,Rob Kardashian,22.0,0.1433933,-0.429852661410644,0.04064750239447309,-0.19460257950808546,0,0
13,7,Rob Kardashian,25.5,0.16920729,0.6795208855361109,0.2010176902098213,0.4402692878729661,0,0
13,8,Rob Kardashian,25.5,0.2037944,-0.1409814753700478,0.19467072607020744,0.026844625350079823,0,1
13,9,Rob Kardashian,32.4998,0.2534403,0.6892922255702727,0.13096899321247957,0.41013060939137613,0,0
13,10,Rob Kardashian,28.3332,0.28817612,1.0000999949965028,-1.1545496518257152,-0.0772248284146062,0,1
20,1,Robert Herjavec,28.0,0.06731792,0.46800272293285466,-2.054304212593756,-0.7931507448304507,0,1
20,2,Robert Herjavec,28.0,0.07394467,-0.25982421449631804,-1.2137949211209547,-0.7368095678086364,0,0
20,3,Robert Herjavec,29.0,0.081057176,0.11826247919781681,-0.8768536528572177,-0.37929558682970044,0,0
20,4,Robert Herjavec,34.0,0.09390688,0.3969729822521078,-0.6233448583917699,-0.11318593806983104,0,0
20,5,Robert Herjavec,24.0,0.1051784,-1.2856711795909346,-0.5626320984138631,-0.9241516390023988,1,1
20,6,Robert Herjavec,33.5,0.117340416,-1.20761472884912,-0.5708293304105793,-0.8892220296298496,1,1
20,7,Robert Herjavec,31.0,0.1362162,-1.3691188903190212,-0.5306134341168242,-0.9498661622179227,1,1
20,8,Robert Herjavec,31.0,0.12964804,-1.0195922446369143,-1.3780348411775691,-1.1988135429072417,1,1
34,1,Robert Irwin,15.0,0.06493119,1.571118549330918,-1.6605445509168877,-0.04471300079298479,0,0
34,2,Robert Irwin,22.0,0.0737721,0.9253456851373661,0.11870483286943513,0.5220252590034007,0,0
34,3,Robert Irwin,22.0,0.07920631,0.2766207209921659,-0.24357953010990127,0.01652059544113231,0,0
34,4,Robert Irwin,22.0,0.08716269,-0.27717248035625347,-0.2034377503352287,-0.2403051153457411,0,0
34,5,Robert Irwin,35.0,0.057387035,1.0128647922734524,-2.6115290563525497,-0.7993321320395487,0,1
34,6,Robert Irwin,36.0,0.10111411,0.4803844614152614,0.06032531068724351,0.27035488605125246,0,0
34,7,Robert Irwin,41.0,0.110826015,0.8645662192537645,-0.016982656373680523,0.423791781440042,0,0
34,8,Robert Irwin,38.0,0.12959681,0.18502209824453575,0.20392084372108846,0.1944714709828121,0,0
34,9,Robert Irwin,42.0,0.14575739,0.7209016910233331,0.14248083921309188,0.4316912651182125,0,0
34,10,Robert Irwin,29.5,0.1756585,1.2198750911856648,0.27326206380126683,0.7465685774934658,0,0
34,11,Robert Irwin,29.666600000000003,0.21999884,0.35082320772282016,0.6476794406799807,0.49925132420140045,0,0
7,1,Rocco DiSpirito,17.5,0.0742716,-0.5945402432523146,-0.25680596352708046,-0.42567310338969755,0,0
7,2,Rocco DiSpirito,16.0,0.08628847,-1.327901684618458,-0.45690398706895574,-0.8924028358437068,1,1
7,3,Rocco DiSpirito,20.0,0.10374677,-0.6263263568165883,-1.0767219133432526,-0.8515241350799205,0,1
7,4,Rocco DiSpirito,18.0,0.08255533,-1.749837359082912,-2.3995661416298075,-2.07470175035636,1,1
12,1,Romeo,19.0,0.10120958,0.053467527001743356,1.2059302708744,0.6296988989380716,0,0
12,2,Romeo,23.0,0.10130313,1.3449655559615807,1.0758056054073708,1.2103855806844757,0,0
12,3,Romeo,20.0,0.11016717,-0.48051020005408884,1.1118769383734801,0.31568336915969564,0,0
12,4,Romeo,23.0,0.12007334,0.045895226054767445,0.9411141684631342,0.49350469725895085,0,0
12,5,Romeo,26.0,0.1345079,0.7999533568492155,0.7670114755331328,0.7834824161911742,0,0
12,6,Romeo,28.0,0.15363775,1.0320790860900733,0.7557607757259491,0.8939199309080113,0,0
12,7,Romeo,30.0,0.17817701,-0.9914601339836681,0.652869888108905,-0.16929512293738153,1,1
12,8,Romeo,26.0,0.1704576,0.0,-1.762199073720894,-0.881099536860447,0,1
14,1,Roshon Fegan,23.0,0.083254375,0.232210182006412,-0.018863984993410573,0.10667309850650071,0,0
14,2,Roshon Fegan,26.0,0.08638733,1.2329252344654817,0.4133008051729179,0.8231130198191998,0,0
14,3,Roshon Fegan,25.0,0.093269564,-0.25125945381480225,0.2761723982075767,0.012456472196387236,0,0
14,4,Roshon Fegan,26.0,0.102669835,1.1443691879473827,0.2874766216769362,0.7159229048121595,0,0
14,5,Roshon Fegan,26.0,0.116150476,0.3098262748934486,0.5220077900459997,0.41591703246972417,0,0
14,6,Roshon Fegan,27.9998,0.12947936,-0.8346662749173748,0.3854079873438695,-0.22462914378675264,0,0
14,7,Roshon Fegan,26.0,0.15062045,-0.1406421692815493,0.5998537314221286,0.22960578107028967,0,0
14,8,Roshon Fegan,28.0,0.14311765,0.6918984060216639,-1.1720455227297746,-0.24007355835405536,0,1
20,1,Rumer Willis,32.0,0.08996766,1.7160099840871337,0.8509871793665222,1.2834985817268278,0,0
20,2,Rumer Willis,32.0,0.09048456,0.8739541760330682,0.9245312670127718,0.89924272152292,0,0
20,3,Rumer Willis,33.0,0.09869023,0.9855206599818046,0.6925478529786795,0.839034256480242,0,0
20,4,Rumer Willis,35.0,0.10753905,0.6616216370868463,0.7712684801432567,0.7164450586150515,0,0
20,5,Rumer Willis,39.0,0.12332781,1.304860301674382,1.158577400847617,1.2317188512609996,0,0
20,6,Rumer Willis,35.5,0.14018774,0.08050764858994133,1.131863981361559,0.6061858149757502,0,0
20,7,Rumer Willis,37.0,0.15178874,0.1850160662593275,0.7136375429013985,0.449326804580363,0,0
20,8,Rumer Willis,40.0,0.18807295,1.1395442734177277,0.796858515144114,0.9682013942809209,0,0
20,9,Rumer Willis,39.0,0.27572003,-0.26111648393354675,0.6054008862824947,0.17214220117447396,0,0
20,10,Rumer Willis,40.0,0.37116128,0.5773502691896268,0.5431469176543908,0.5602485934220088,0,1
23,1,Ryan Lochte,24.0,0.07756137,-0.4288754446617079,0.0731406485313544,-0.17786739806517676,0,0
23,2,Ryan Lochte,24.0,0.077746086,-1.0030345907667269,0.0976221242783573,-0.4527062332441848,0,0
23,3,Ryan Lochte,25.0,0.08536908,-0.6878181895109965,0.19856346057537924,-0.24462736446780864,0,0
23,4,Ryan Lochte,22.0,0.094595216,-0.5351369629301288,0.36066197308238784,-0.08723749492387048,0,0
23,5,Ryan Lochte,24.0,0.110113405,-0.8592029767051028,-0.11781543883231736,-0.4885092077687101,0,1
23,6,Ryan Lochte,30.0,0.11301627,-0.9075614818484822,0.1417464398426994,-0.3829075210028914,0,0
23,7,Ryan Lochte,33.0,0.12948376,-0.7892915541608926,0.3741600823549725,-0.20756573590296004,0,0
23,8,Ryan Lochte,26.0,0.115265824,-0.5984435447296419,-1.9058044358199782,-1.25212399027481,0,1
5,1,Sabrina Bryan,26.0,0.09068861,1.5602943900279918,0.654009019689475,1.1071517048587334,0,0
15,1,Sabrina Bryan,22.5,0.08257653,0.6166210735639359,0.652384225282505,0.6345026494232204,0,0
5,2,Sabrina Bryan,26.0,0.09329903,1.2893167424406082,0.20249519756902068,0.7459059700048145,0,0
15,2,Sabrina Bryan,26.0,0.09013156,1.3732131246511905,0.8974861477879951,1.1353496362195927,0,0
5,3,Sabrina Bryan,27.0,0.10279344,0.944759048351867,0.23804288320265538,0.5914009657772612,0,0
15,3,Sabrina Bryan,25.5,0.09988282,0.16627913361720212,0.8236357869915466,0.4949574603043744,0,0
5,4,Sabrina Bryan,30.0,0.118166,1.7056057308448833,0.5027383665126146,1.104172048678749,0,0
15,4,Sabrina Bryan,35.5,0.11521984,-0.06959943346291717,0.38640057325482546,0.15840056989595414,0,0
5,5,Sabrina Bryan,28.0,0.13415588,1.0427016064814736,0.5675265206616287,0.8051140635715511,0,0
15,5,Sabrina Bryan,29.25,0.12972073,1.2571545047829868,1.0748529540045755,1.1660037293937813,0,0
5,6,Sabrina Bryan,25.0,0.10898428,-0.25405489533778886,-2.0264870197665594,-1.1402709575521741,0,1
15,6,Sabrina Bryan,30.0,0.1006305,1.2601440246904174,-2.3008716366455975,-0.52036380597759,0,1
19,1,Sadie Robertson,34.0,0.075272046,1.1544126255548064,-0.19423066945423484,0.4800909780502858,0,0
19,2,Sadie Robertson,31.0,0.080410235,0.26636334658608823,-0.28003041180504956,-0.006833532609480664,0,0
19,3,Sadie Robertson,32.0,0.086736664,-0.02018164498735403,-0.42775256653501287,-0.22396710576118345,0,0
19,4,Sadie Robertson,37.0,0.09849152,0.863153006472654,-0.12494611331773252,0.36910344657746075,0,0
19,5,Sadie Robertson,36.0,0.106268816,1.1561466260321602,-0.39592903963671267,0.3801087931977238,0,0
19,6,Sadie Robertson,35.0,0.10987814,0.6646101064965171,-0.10475919240817091,0.2799254570441731,0,0
19,7,Sadie Robertson,31.0,0.12588136,-0.4093326171823615,0.06817339718788991,-0.17057960999723581,0,0
19,8,Sadie Robertson,38.0,0.14314398,0.3779644730092269,0.014742494711579738,0.19635348386040333,0,0
19,9,Sadie Robertson,36.5,0.16581202,0.22218930772567524,-0.04331804680273008,0.08943563046147258,0,0
19,10,Sadie Robertson,37.0,0.20443629,0.15811388300841897,0.13608792675464665,0.14710090488153282,0,0
19,11,Sadie Robertson,39.333200000000005,0.24954306,0.2999423973891727,-0.009563573385131838,0.14518941200202043,0,1
28,1,Sailor Brinkley-Cook,18.0,0.077444516,0.5334202064529759,-0.5089418398101531,0.01223918332141144,0,0
28,2,Sailor Brinkley-Cook,18.0,0.080042586,-0.07690239589651063,-0.21652029646553267,-0.14671134618102166,0,0
28,3,Sailor Brinkley-Cook,23.0,0.09107498,0.7696024413538388,-1.5228825075824817,-0.3766400331143214,0,0
28,4,Sailor Brinkley-Cook,31.0,0.09692484,0.6100425384628332,-0.16373829467200213,0.22315212189541553,0,0
28,5,Sailor Brinkley-Cook,24.0,0.073328406,0.04321358157014414,-2.3806710233544988,-1.1687287208921773,0,1
28,6,Sailor Brinkley-Cook,27.0,0.05428455,0.860662965823871,-2.6084857886749195,-0.8739114114255242,0,1
31,1,Sam Champion,20.0,0.061276782,-0.8639601217437909,-0.09383494262124711,-0.478897532182519,0,0
31,2,Sam Champion,26.0,0.06855025,-0.44260000821710127,0.13254974173411066,-0.1550251332414953,0,0
31,3,Sam Champion,25.0,0.07326471,-1.1058293188155903,0.12401997627064569,-0.49090467127247234,0,0
31,4,Sam Champion,25.0,0.022500157,-1.8297561078658748,-3.273634591515587,-2.551695349690731,1,1
3,1,Sara Evans,15.0,0.10019798,-1.0237732151840553,0.8446749599061434,-0.08954912763895595,0,0
3,2,Sara Evans,21.0,0.10889795,-0.6882472016116853,0.7315670818036092,0.02165994009596195,0,0
3,3,Sara Evans,25.0,0.11926394,0.7302967433402214,0.6980435659843188,0.7141701546622701,0,0
3,4,Sara Evans,20.0,0.13581085,-1.552823087793562,0.8977408728599996,-0.3275411074667812,0,0
3,5,Sara Evans,24.0,0.14871763,-1.2686700948330936,0.49715698107686224,-0.38575655687811566,0,0
25,1,Sasha Pieterse,18.0,0.07988376,-0.15376731901963628,0.5002980926091191,0.1732653867947414,0,0
25,2,Sasha Pieterse,22.5,0.082817055,0.6606448093740981,0.5758076971300892,0.6182262532520937,0,0
25,3,Sasha Pieterse,19.0,0.09291575,-1.4281551174949596,0.44713503442003516,-0.49051004153746225,0,0
25,4,Sasha Pieterse,24.0,0.093406335,-0.32412965662727844,0.31702260389497916,-0.0035535263661496397,0,0
25,5,Sasha Pieterse,24.0,0.078381814,-0.835188327898563,-2.435221270783842,-1.6352047993412024,1,1
34,1,Scott Hoying,10.0,0.07609133,-0.8197140257378697,1.1916676024540298,0.18597678835808007,0,0
34,2,Scott Hoying,18.0,0.08317519,-0.8019662604523844,0.5949918764990567,-0.10348719197666384,0,0
34,3,Scott Hoying,22.0,0.094812766,0.2766207209921659,0.6775224355063577,0.47707157824926183,0,0
34,4,Scott Hoying,21.0,0.10366308,-0.7853220276760504,0.6925687191362692,-0.04637665426989063,0,0
34,5,Scott Hoying,30.0,0.11239777,-0.3558714135014835,0.7597956796235644,0.20196213306104047,0,0
34,6,Scott Hoying,28.0,0.048016656,-1.4411533842457842,-2.81471194693338,-2.127932665589582,0,1
18,1,Sean Avery,20.0,0.08172883,-0.5605457343537381,-0.27738035681418255,-0.41896304558396036,0,0
18,2,Sean Avery,21.0,0.074446864,-0.3992165091770978,-2.027018224324439,-1.2131173667507684,0,1
16,1,Sean Lowe,19.0,0.07961065,-0.028368988909599453,-0.5619929503890649,-0.2951809696493322,0,0
16,2,Sean Lowe,20.0,0.07961972,-0.09067097501414048,-0.6566332569898183,-0.3736521160019794,0,0
16,3,Sean Lowe,21.0,0.089376785,-0.09630588758486147,-0.18253144281236416,-0.13941866519861282,0,0
16,4,Sean Lowe,20.0,0.09846485,-0.7258300546909602,-0.16138832936818312,-0.44360919202957166,0,0
16,5,Sean Lowe,24.0,0.1085438,0.1979107502586601,-0.24435950976828782,-0.023224379754813868,0,0
16,6,Sean Lowe,23.0,0.12327665,-0.23466983204052894,-0.15412421806049473,-0.19439702505051182,0,0
16,7,Sean Lowe,24.0,0.1408828,-0.46111233416338776,-0.1536018841477466,-0.3073571091555672,0,1
16,8,Sean Lowe,21.0,0.13847664,-1.6534980865081408,-1.6530219228407588,-1.6532600046744497,1,1
28,1,Sean Spicer,12.0,0.049990553,-1.4879616285267239,-2.8816540278203555,-2.1848078281735397,0,1
28,2,Sean Spicer,16.0,0.08213454,-0.6921215630685957,-0.0788766768807595,-0.3854991199746776,0,0
28,3,Sean Spicer,15.0,0.09277363,-1.1544036620307585,-1.2330406894470836,-1.193722175738921,0,1
28,4,Sean Spicer,21.0,0.10012652,-1.568680813190142,0.006736670455152774,-0.7809720713674946,0,1
28,5,Sean Spicer,19.0,0.10921309,-1.9013975890863493,-0.11959328529041384,-1.0104954371883816,1,1
28,6,Sean Spicer,21.0,0.1142448,-2.2377237111420625,0.14384435764962578,-1.0469396767462182,1,1
28,7,Sean Spicer,21.0,0.12989959,-2.052945039043504,0.21888575630253487,-0.9170296413704845,1,1
28,8,Sean Spicer,20.0,0.1523745,-1.7240900723349084,0.37084621217869185,-0.6766219300781082,1,1
28,9,Sean Spicer,25.0,0.105581835,-1.9130522754650943,-2.0332973462267243,-1.9731748108459093,1,1
31,1,Selma Blair,28.0,0.06674011,0.9196994844369387,0.32526530330874204,0.6224823938728403,0,0
31,2,Selma Blair,28.0,0.07053076,0.16094545753349204,0.2719210450825251,0.21643325130800858,0,0
31,3,Selma Blair,28.0,0.07590698,-0.22951174541455624,0.30248957433858037,0.036488914462012065,0,0
31,4,Selma Blair,32.0,0.08256212,0.1291592546728848,0.33919862380658183,0.23417893923973332,0,0
31,5,Selma Blair,40.0,0.089284465,0.7723549821140915,0.3701497031024664,0.571252342608279,0,0
4,1,Shandi Finnessey,19.0,0.076984495,0.08071051016126843,-1.5252662743166325,-0.7222778820776821,0,1
4,2,Shandi Finnessey,20.0,0.08147157,-0.8459280285273294,-0.842510572999653,-0.8442193007634913,1,1
4,3,Shandi Finnessey,21.0,0.07102208,-0.31087665609050413,-2.3244373182287332,-1.3176569871596187,0,1
31,1,Shangela,28.0,0.06349447,0.9196994844369387,0.07628729536189857,0.49799338989941866,0,0
31,2,Shangela,28.0,0.067421004,0.16094545753349204,0.0530830958595726,0.10701427669653232,0,0
31,3,Shangela,30.0,0.07103747,0.35469997018613314,-0.026416817698488783,0.16414157624382217,0,0
31,4,Shangela,32.0,0.077383086,0.1291592546728848,0.027670576371921277,0.07841491552240304,0,0
31,5,Shangela,38.5,0.08460127,0.33100927804889635,0.07886338788671723,0.20493633296780678,0,0
31,6,Shangela,36.0,0.105981305,0.473029498104873,0.29825417390317593,0.38564183600402446,0,0
31,7,Shangela,36.5,0.11901068,0.13900960937138418,0.37542144290721047,0.2572155261392973,0,0
31,8,Shangela,42.0,0.14103281,0.5177238401730639,0.500421691866693,0.5090727660198785,0,0
31,9,Shangela,36.5,0.19056138,-0.05597170785495483,0.608038001890003,0.27603314701752407,0,0
31,10,Shangela,38.0,0.27079424,-0.8660254037844387,0.5105182506525023,-0.17775357656596819,0,0
3,1,Shanna Moakler,18.0,0.08064475,-0.30495372367184637,-0.9333757503819131,-0.6191647370268798,0,1
3,2,Shanna Moakler,22.0,0.06807575,-0.34412360080584264,-2.6247306802301895,-1.484427140518016,0,1
10,1,Shannen Doherty,18.0,0.09803228,-0.29617443887954614,0.6938760619728558,0.19885081154665482,0,0
10,2,Shannen Doherty,20.0,0.07355665,0.0,-1.8573296850641519,-0.9286648425320759,0,1
6,1,Shannon Elizabeth,21.0,0.087411076,0.19409078514116102,0.497207794143507,0.345649289642334,0,0
6,2,Shannon Elizabeth,24.0,0.09110485,0.6136946008662553,0.6192653840479594,0.6164799924571074,0,0
6,3,Shannon Elizabeth,24.0,0.10295832,0.4586824722938628,0.2971699350132368,0.3779262036535498,0,0
6,4,Shannon Elizabeth,28.0,0.11514059,0.8944271909999159,0.3316267276714959,0.6130269593357058,0,0
6,5,Shannon Elizabeth,23.0,0.12851043,-0.5303300858899106,0.34560743031185526,-0.09236132778902767,0,0
6,6,Shannon Elizabeth,24.0,0.14898497,-0.5744762120908166,0.45705654345689495,-0.05870983431696081,0,0
6,7,Shannon Elizabeth,25.5,0.13768378,-0.15891043154093204,-1.829454439770944,-0.994182435655938,0,1
8,1,Shawn Johnson,23.0,0.07603503,1.2577126498966134,-0.111881440753791,0.5729156045714112,0,0
15,1,Shawn Johnson,22.0,0.07772871,0.36611876242858676,0.09296652387095827,0.22954264314977252,0,0
8,2,Shawn Johnson,24.0,0.07701057,0.9575234380823451,0.012297961787127104,0.48491069993473607,0,0
15,2,Shawn Johnson,25.0,0.08353554,0.915475416434127,0.026693628519116074,0.4710845224766215,0,0
8,3,Shawn Johnson,27.0,0.08264037,1.0497519061389045,-0.0766572875012327,0.4865473093188359,0,0
15,3,Shawn Johnson,26.5,0.09434058,0.8979073215328934,0.3149522690819634,0.6064297953074285,0,0
8,4,Shawn Johnson,25.0,0.093412384,0.50709255283711,0.17768976782173412,0.3423911603294221,0,0
15,4,Shawn Johnson,39.5,0.11252949,1.1831903688695962,0.13338977347503192,0.6582900711723141,0,0
8,5,Shawn Johnson,26.0,0.11342867,0.7698003589195014,0.21939669023250383,0.4945985245760026,0,0
15,5,Shawn Johnson,28.25,0.12287521,0.4012195228030809,-0.48378791674524296,-0.041284196971081044,0,0
8,6,Shawn Johnson,26.0,0.119952984,0.6297107117751328,-0.40085632426136436,0.11442719375688423,0,0
15,6,Shawn Johnson,28.0,0.12488416,-0.1800205749557739,-0.010936801458109371,-0.09547868820694164,0,0
8,7,Shawn Johnson,28.0,0.13940819,0.7385489458759964,-0.2529321417571419,0.24280840205942725,0,0
15,7,Shawn Johnson,37.9998,0.13864662,0.9376735227469094,-0.4694911878425551,0.23409116745217715,0,0
8,8,Shawn Johnson,26.0,0.15963505,0.0,-0.42235818285996185,-0.21117909142998093,0,0
15,8,Shawn Johnson,27.8333,0.15423487,-0.4275105401610221,0.7132644309975509,0.1428769454182644,0,0
8,9,Shawn Johnson,28.0,0.21222207,0.5700877125495692,0.6621425997198981,0.6161151561347337,0,0
15,9,Shawn Johnson,29.5,0.21908133,1.184496789190244,0.6951991476098751,0.9398479684000596,0,0
8,10,Shawn Johnson,28.0,0.28284118,0.25041771123531664,0.8924940147557239,0.5714558629955202,0,0
15,10,Shawn Johnson,28.9443,0.3180899,-0.9491025697942039,-1.0279837097778055,-0.9885431397860047,1,1
8,11,Shawn Johnson,30.0,0.3646234,1.0910894511799605,0.854581625422559,0.9728355383012597,0,0
14,1,Sherri Sheperd,23.0,0.08310879,0.232210182006412,-0.05364421033747523,0.08928298583446838,0,0
14,2,Sherri Sheperd,23.0,0.08457081,0.20070875909903158,0.16746933774382608,0.1840890484214288,0,0
14,3,Sherri Sheperd,24.0,0.09170837,-0.8040302522073688,0.09351466764614572,-0.35525779228061155,0,1
14,4,Sherri Sheperd,21.0,0.076278254,-0.9748330119551786,-2.554259806808406,-1.7645464093817922,0,1
24,1,Simone Biles,32.0,0.08529582,1.4890084898930631,0.3374290449111489,0.913218767402106,0,0
24,2,Simone Biles,29.0,0.08343426,0.49909338094043193,0.011502530282632555,0.25529795561153223,0,0
24,3,Simone Biles,32.0,0.089291744,0.8342988102468663,-0.17485155403304797,0.32972362810690914,0,0
24,4,Simone Biles,36.0,0.102465734,1.0388710757515556,0.2381030134451948,0.6384870445983752,0,0
24,5,Simone Biles,38.0,0.11206739,1.2346711196990676,0.09000141445222042,0.662336267075644,0,0
24,6,Simone Biles,34.5,0.13150884,0.36209972100385596,0.46971837030052427,0.4159090456521901,0,0
24,7,Simone Biles,39.0,0.14434204,0.7038879874855842,0.0978456312086988,0.40086680934714153,0,0
24,8,Simone Biles,36.0,0.20558934,0.26351557659932295,0.16070341423401271,0.21210949541666785,0,0
24,9,Simone Biles,40.0,0.20480083,1.0135340077343844,-1.356363873118502,-0.17141493269205876,0,1
29,1,Skai Jackson,21.0,0.06826839,1.1793237883215748,0.1541946475628802,0.6667592179422275,0,0
29,2,Skai Jackson,15.0,0.06985077,-1.4920076931845017,0.24386925652432656,-0.6240692183300875,0,1
29,3,Skai Jackson,18.0,0.07523125,-0.6039449060327609,0.2554984060897931,-0.1742232499714839,0,0
29,4,Skai Jackson,28.0,0.08130096,2.3349353474824683,0.2735699297715051,1.3042526386269868,0,0
29,5,Skai Jackson,24.0,0.09088936,0.027512727580439485,0.48391710373673014,0.2557149156585848,0,0
29,6,Skai Jackson,18.0,0.0976087,-2.1385638386873382,0.3790139158970149,-0.8797749613951616,1,1
29,7,Skai Jackson,27.0,0.10504342,0.4743416490252569,0.29546095502984204,0.38490130202754946,0,0
29,8,Skai Jackson,26.9998,0.13337405,-0.3784707889260379,0.40080083723491583,0.011165024154438957,0,0
29,9,Skai Jackson,28.9998,0.15108204,0.5697648088604715,0.3008657507094394,0.43531527978495543,0,0
29,10,Skai Jackson,28.5,0.11467547,-0.5976143046671968,-1.1988553163859048,-0.8982348105265507,0,1
2,1,Stacy Keibler,22.0,0.103026904,0.6033884900318472,0.15397939725751683,0.37868394364468205,0,0
2,2,Stacy Keibler,29.0,0.122570224,1.6000085999080889,0.5853066698537078,1.0926576348808983,0,0
2,3,Stacy Keibler,27.0,0.14076754,0.9386679716361955,0.6806476510314227,0.8096578113338091,0,0
2,4,Stacy Keibler,26.0,0.1511217,0.5057771354389109,0.386721000563513,0.44624906800121195,0,0
2,5,Stacy Keibler,30.0,0.17552991,1.6513563972423875,0.3142393197546096,0.9827978584984985,0,0
2,6,Stacy Keibler,30.0,0.22324127,0.9694521124707414,0.6881195058870198,0.8287858091788806,0,0
2,7,Stacy Keibler,27.5,0.28609776,0.5940885257860046,0.7449220765634845,0.6695053011747445,0,0
2,8,Stacy Keibler,28.6665,0.2749054,0.4402319033220637,-1.1543121713385904,-0.3570401340082634,0,1
33,1,Stephen Nedoroscik,21.0,0.08223288,0.8528028654224417,0.40063393005740955,0.6267183977399255,0,0
33,2,Stephen Nedoroscik,22.0,0.08748732,0.7791818909631792,0.45648905078105967,0.6178354708721194,0,0
33,3,Stephen Nedoroscik,31.0,0.102355115,0.48170840471144527,0.4609171523651241,0.4713127785382847,0,0
33,4,Stephen Nedoroscik,33.0,0.115422085,0.1529438225803756,0.18223459986210785,0.1675892112212417,0,0
33,5,Stephen Nedoroscik,24.0,0.13106875,-1.102396379610246,0.2704919975107327,-0.41595219104975667,0,0
33,6,Stephen Nedoroscik,28.0,0.15077181,-0.48660024125645884,0.3411700884115856,-0.07271507642243663,0,0
33,7,Stephen Nedoroscik,27.0,0.18102457,0.1632993161855446,0.5202752497311545,0.34178728295834954,0,0
33,8,Stephen Nedoroscik,26.5,0.16731437,-1.2792042981336627,-1.501742358401201,-1.390473328267432,1,1
33,9,Stephen Nedoroscik,29.5,0.15377495,0.48686449556014594,-1.7026880763823695,-0.6079117904111118,0,1
6,1,Steve Guttenberg,18.0,0.08709952,-0.582272355423483,0.45921909843796743,-0.06152662849275778,0,0
6,2,Steve Guttenberg,16.0,0.08865091,-1.2867790018163425,0.42372562613581927,-0.4315266878402616,0,0
6,3,Steve Guttenberg,21.0,0.07674834,-0.6880237084407949,-2.335680501728748,-1.5118521050847713,1,1
8,1,Steve Wozniak,13.0,0.058268335,-1.6619774302205255,-2.350230457771884,-2.0061039439962047,1,1
8,2,Steve Wozniak,17.0,0.06870489,-0.8964049207579393,-1.1552110116093488,-1.0258079661836441,0,0
8,3,Steve Wozniak,10.0,0.07482535,-2.0095250774659035,-0.941176489709359,-1.4753507835876312,1,1
8,4,Steve Wozniak,12.0,0.060656194,-1.6903085094570331,-2.1474206403964486,-1.918864574926741,1,1
8,1,Steve-O,17.0,0.07095955,-0.49410139817367,-0.7513192016257486,-0.6227102998997093,0,0
8,2,Steve-O,14.0,0.072794184,-1.6909456459752041,-0.5803890295613572,-1.1356673377682807,1,1
8,3,Steve-O,15.0,0.08035108,-1.1097377293468422,-0.3299049009971725,-0.7198213151720074,0,0
8,4,Steve-O,15.0,0.08946095,-1.1832159566199232,-0.10279219057413588,-0.6430040735970295,0,0
8,5,Steve-O,18.0,0.10474167,-1.5396007178390019,-0.602979031994777,-1.0712898749168893,1,1
8,6,Steve-O,16.0,0.101540826,-1.660146421952623,-1.8632309530779159,-1.7616886875152695,1,1
12,1,Sugar Ray Leonard,17.0,0.090291575,-0.5346752700174283,-0.0722944534475536,-0.30348486173249095,0,0
12,2,Sugar Ray Leonard,17.0,0.090556026,-1.0541621925104283,-0.03654300385016334,-0.5453525981802958,0,0
12,3,Sugar Ray Leonard,20.0,0.09924688,-0.48051020005408884,-0.08236133124603602,-0.28143576565006245,0,1
12,4,Sugar Ray Leonard,21.0,0.088450395,-0.7802188429310495,-2.3795790047427343,-1.579898923836892,0,1
30,1,Suni Lee,28.0,0.06984211,0.9348734883963492,0.3319534395289212,0.6334134639626352,0,0
30,2,Suni Lee,28.0,0.07143018,0.5619946061884389,0.3394944078545159,0.4507445070214774,0,0
30,3,Suni Lee,21.0,0.074230276,-0.1444533615938455,0.1829889174050219,0.0192677779055882,0,0
30,4,Suni Lee,34.0,0.08474915,0.6311022169437575,0.3523636964356963,0.4917329566897269,0,0
30,5,Suni Lee,36.0,0.09696755,0.29617443887954614,0.34766985433174663,0.3219221466056464,0,0
30,6,Suni Lee,36.0,0.105901375,-0.15191090506254945,0.30596213701640973,0.07702561597693014,0,0
30,7,Suni Lee,34.0,0.115811974,-0.7378647873726225,0.23014401824128497,-0.2538603845656688,0,1
30,8,Suni Lee,42.0,0.1351907,0.908030412909849,0.4075973082811793,0.6578138605955142,0,0
30,9,Suni Lee,37.5,0.120781295,-0.09221388919541337,-1.2583708129707514,-0.6752923510830824,0,1
7,1,Susan Lucci,18.5,0.082178414,-0.279069910098025,0.5089986783040233,0.11496438410299917,0,0
7,2,Susan Lucci,21.0,0.09651733,0.29508926324854656,0.5545624887814218,0.42482587601498417,0,0
7,3,Susan Lucci,21.0,0.11051776,-0.32964545095609904,-0.0867524580928233,-0.20819895452446116,0,0
7,4,Susan Lucci,24.0,0.1157751,0.5548264797092152,0.3919195342292797,0.47337300696924745,0,0
7,5,Susan Lucci,22.0,0.129856,-0.7213786453157786,0.4599697465474081,-0.13070444938418524,0,0
7,6,Susan Lucci,23.0,0.15195705,0.03555590672673877,0.7141165852000209,0.37483624596337983,0,0
7,7,Susan Lucci,24.0,0.13968788,-0.15891043154093204,-1.7169816658731525,-0.9379460487070422,0,1
20,1,Suzanne Somers,25.0,0.086866215,-0.46800272293285466,0.45316356368094407,-0.007419579625955297,0,0
20,2,Suzanne Somers,28.0,0.08772646,-0.25982421449631804,0.5679558932048668,0.1540658393542744,0,0
20,3,Suzanne Somers,25.0,0.09387548,-0.748995701586171,0.2640188017874683,-0.24248844989935137,0,0
20,4,Suzanne Somers,28.0,0.103770226,-1.1909189467563235,0.38570607731297074,-0.40260643472167634,0,0
20,5,Suzanne Somers,28.0,0.08997231,-0.5948627845868502,-2.004710191014395,-1.2997864878006227,0,1
21,1,Tamar Braxton,23.0,0.084234856,0.8422858683923004,0.8859003982759338,0.8640931333341171,0,0
21,2,Tamar Braxton,24.5,0.08658451,1.2208103362944571,0.9812547681977792,1.1010325522461182,0,0
21,3,Tamar Braxton,33.0,0.1108865,0.5073825686188038,0.9085999897880369,0.7079912792034204,0,0
21,4,Tamar Braxton,27.0,0.10916575,0.826242800485626,0.726393594245018,0.776318197365322,0,0
21,5,Tamar Braxton,29.0,0.11507117,-0.8839913921757274,0.32699353702304207,-0.27849892757634265,0,0
21,6,Tamar Braxton,40.0,0.1196574,0.8834180699475414,0.5039047482892702,0.6936614091184058,0,0
21,7,Tamar Braxton,27.0,0.13414022,-0.7905694150420948,0.5812908505731309,-0.10463928223448193,0,0
21,8,Tamar Braxton,28.0,0.1546393,0.0976180911292517,0.7465033365089859,0.4220607138191188,0,0
21,9,Tamar Braxton,24.5,0.17816786,-1.286277992929423,0.5692915454960601,-0.35849322371668146,1,1
2,1,Tatum O'Neal,23.0,0.10755773,0.8447438860445862,0.3844640041354072,0.6146039450899967,0,0
2,2,Tatum O'Neal,17.0,0.05977804,-1.2327935114045927,-2.621982537902888,-1.9273880246537405,0,1
19,1,Tavis Smiley,29.0,0.06997843,0.08245804468248591,-0.8169859829669607,-0.36726396914223736,0,0
19,2,Tavis Smiley,28.0,0.061611027,-0.6925447011238307,-2.08098058860634,-1.3867626448650854,0,1
7,1,Ted McGinley,18.5,0.05957808,-0.279069910098025,-1.6799285791391512,-0.9794992446185881,0,1
31,1,Teresa Giudice,20.0,0.06511429,-0.8639601217437909,0.20054616474743023,-0.3317069784981803,0,0
31,2,Teresa Giudice,23.0,0.016641552,-1.3479182068429911,-3.5203391077941504,-2.4341286573185705,0,1
23,1,Terra Jole,25.0,0.07379685,-0.11913206796158524,-0.35822957735336414,-0.2386808226574747,0,0
23,2,Terra Jole,31.0,0.07706336,1.278869103227577,0.01664027759418099,0.647754690410879,0,0
23,3,Terra Jole,30.0,0.08241903,0.962945465315396,-0.0891792312224914,0.43688311704645233,0,0
23,4,Terra Jole,25.0,0.09174451,0.3943114463695689,0.08173985754765357,0.23802565195861122,0,0
23,5,Terra Jole,27.0,0.106916286,0.7978313355118796,-0.4953516526849053,0.15123984141348715,0,0
23,6,Terra Jole,30.0,0.1085266,-0.9075614818484822,-0.1922909840842023,-0.5499262329663422,0,1
23,7,Terra Jole,34.5,0.12156538,0.034317024093951855,-0.28661062185660874,-0.12614679888132843,0,0
23,8,Terra Jole,24.0,0.14098035,-1.0394065878256211,-0.1296346519783946,-0.5845206199020079,1,1
23,9,Terra Jole,38.0,0.16635303,0.09083405243909365,-0.0162820941424111,0.03727597914834127,0,0
23,10,Terra Jole,30.0,0.1766653,0.8366600265340747,-1.269031656045868,-0.2161858147558967,0,1
25,1,Terrell Owens,15.0,0.07697222,-1.3531524073728034,0.0083048672527107,-0.6724237700600464,0,0
25,2,Terrell Owens,19.5,0.08005531,-0.6954155888148416,0.3060010850161513,-0.19470725189934512,0,0
25,3,Terrell Owens,21.0,0.0897864,-0.5304576150695569,-0.2501648544039369,-0.3903112347367469,0,0
25,4,Terrell Owens,24.0,0.09183934,-0.32412965662727844,0.11809418559800515,-0.10301773551463664,0,0
25,5,Terrell Owens,25.0,0.10041008,-0.437479600327819,0.04619423381420721,-0.1956426832568059,0,0
25,6,Terrell Owens,37.0,0.11667635,0.6396021490668313,0.5821759413734608,0.6108890452201461,0,0
25,7,Terrell Owens,24.5,0.1327648,-1.1308608021530122,0.40979734654841815,-0.36053172780229703,0,0
25,8,Terrell Owens,25.5,0.13431723,-0.24779731389167553,-1.8391297638888178,-1.0434635388902467,0,1
11,1,The Situation,15.0,0.0782274,-1.1622585804299175,-0.5969186699972161,-0.8795886252135667,0,0
11,2,The Situation,18.0,0.086858556,-0.6335823704337499,-0.4588560824281533,-0.5462192264309516,0,0
11,3,The Situation,20.0,0.09683134,-0.7943560850305864,-0.3325994836149916,-0.5634777843227889,0,0
11,4,The Situation,14.0,0.087739326,-1.3319116162060627,-2.192655454579593,-1.762283535392828,1,1
2,1,Tia Carrere,20.0,0.10520951,0.12067769800636945,0.2650092814065275,0.1928434897064485,0,0
2,2,Tia Carrere,22.0,0.11498637,-0.05245929835764206,0.19793977897758072,0.07274024030996933,0,0
2,3,Tia Carrere,26.0,0.13039044,0.7178049194865025,0.23269252173732133,0.4752487206119119,0,0
2,4,Tia Carrere,25.0,0.15045686,0.35825880426922846,0.3556113265113901,0.3569350653903093,0,0
2,5,Tia Carrere,22.0,0.10944002,-1.0819231568139787,-2.028924416068017,-1.5554237864409979,1,1
27,1,Tinashe,23.0,0.08659247,1.3226728464418398,1.030138593353501,1.1764057198976703,0,0
27,2,Tinashe,26.0,0.09294819,1.151445856157065,1.1255843117316087,1.1385150839443368,0,0
27,3,Tinashe,27.0,0.10024414,0.6923616317580139,1.0074481224286556,0.8499048770933347,0,0
27,4,Tinashe,26.0,0.077708595,0.7160940564439974,-2.5243987629829006,-0.9041523532694515,0,1
9,1,Tom DeLay,19.9999,0.0518627,-1.0089032567923215,-1.230014872565813,-1.1194590646790674,0,1
9,2,Tom DeLay,18.0,0.06404827,-0.9713641887040998,-0.8283950359465613,-0.8998796123253305,0,1
9,3,Tom DeLay,15.0,0.068355866,-1.2523423785400944,-0.9343990819723965,-1.0933707302562454,1,1
19,1,Tommy Chong,27.0,0.06959163,-0.34632378766644234,-0.8624901818485414,-0.6044069847574919,0,0
19,2,Tommy Chong,28.0,0.07856348,-0.6925447011238307,-0.4569481704552359,-0.5747464357895333,0,0
19,3,Tommy Chong,34.0,0.08475554,0.423814544734422,-0.6308554922828982,-0.10352047377423809,0,0
19,4,Tommy Chong,28.0,0.1076641,-0.6905224051781231,0.6348070461354567,-0.027857679521333223,0,0
19,5,Tommy Chong,23.0,0.10294276,-1.0983392947305517,-0.6678831953643822,-0.883111245047467,0,1
19,6,Tommy Chong,28.0,0.10770912,-1.2385915621071466,-0.28904996045986064,-0.7638207612835036,1,1
19,7,Tommy Chong,30.0,0.12047275,-0.7212050874165417,-0.3501767009705458,-0.5356908941935438,0,0
19,8,Tommy Chong,29.0,0.1396539,-0.9449111825230684,-0.16463142349455714,-0.5547713030088127,0,1
19,9,Tommy Chong,28.5,0.1685541,-1.9108280464408012,0.09566490693867132,-0.907581569751065,1,1
19,10,Tommy Chong,31.0,0.15353496,-1.7392527130926085,-1.425368877520044,-1.5823107953063262,1,1
7,1,Toni Braxton,22.5,0.08986325,0.9828114225191334,1.2533039168629123,1.118057669691023,0,0
7,2,Toni Braxton,23.0,0.10133461,0.9442856423953484,1.0309124656883808,0.9875990540418647,0,0
7,3,Toni Braxton,22.0,0.12120141,-0.0329645450956098,1.4752771964460596,0.7211563256752249,0,0
7,4,Toni Braxton,22.0,0.12008254,-0.21339479988816054,0.7538774002717734,0.2702413001918064,0,0
7,5,Toni Braxton,22.0,0.103377275,-0.7213786453157786,-2.0481461635794624,-1.3847624044476206,0,1
26,1,Tonya Harding,23.0,0.104716405,0.8017837257372732,0.7476298665773567,0.774706796157315,0,0
26,2,Tonya Harding,33.0,0.13423273,-0.1617381941321302,0.7486756254349527,0.29346871565141125,0,0
26,3,Tonya Harding,35.0,0.18270922,-0.04046229255162175,0.749279518534639,0.35440861299150866,0,0
26,4,Tonya Harding,28.0,0.34106365,-1.0,0.24958342805702471,-0.37520828597148764,1,1
33,1,Tori Spelling,17.0,0.08193642,-0.8528028654224417,0.37826549736067094,-0.23726868403088536,0,0
33,2,Tori Spelling,19.0,0.029893415,-0.3061071714498207,-2.0321872042819455,-1.169147187865883,0,1
31,1,Trevor Donovan,21.0,0.067976385,-0.6410026709711997,0.4201018491901343,-0.11045041089053267,0,0
31,2,Trevor Donovan,30.0,0.07364234,0.7644909232840853,0.490887351777699,0.6276891375308922,0,0
31,3,Trevor Donovan,27.0,0.07649812,-0.5216176032149009,0.34241755982147176,-0.08960002169671458,0,0
31,4,Trevor Donovan,28.0,0.07994017,-0.9902209524921207,0.18148369782399365,-0.40436862733406354,0,1
31,5,Trevor Donovan,36.0,0.088128015,-0.40456689539309554,0.2982205907696998,-0.05317315231169786,0,0
31,6,Trevor Donovan,34.0,0.108359456,-0.157676499368291,0.4168393532242469,0.12958142692797797,0,0
31,7,Trevor Donovan,39.0,0.12175662,1.181581679656758,0.5059202415051044,0.8437509605809312,0,0
31,8,Trevor Donovan,39.0,0.15007995,-0.04706580365209673,0.7828041562880051,0.36786917631795424,0,0
31,9,Trevor Donovan,32.5,0.116674475,-1.3992926963738899,-1.2721289687587563,-1.3357108325663232,1,1
1,1,Trista Sutter,18.0,0.16415124,-0.06140634384863477,-0.11297907615851656,-0.08719271000357566,0,0
1,2,Trista Sutter,19.0,0.10354013,-0.2624098121254598,-1.8019378584291386,-1.0321738352772991,0,1
3,1,Tucker Carlson,12.0,0.063083716,-1.7425927066962643,-2.530268385363075,-2.1364305460296698,1,1
8,1,Ty Murray,14.0,0.07495258,-1.3700084222088116,-0.24825463191124778,-0.8091315270600297,0,1
8,2,Ty Murray,20.0,0.07632507,-0.1018641955406746,-0.084061084222747,-0.0929626398817108,0,0
8,3,Ty Murray,23.0,0.08292567,0.3299220276436555,-0.0450966096795534,0.14241270898205105,0,0
8,4,Ty Murray,25.0,0.09195105,0.50709255283711,0.07396088808074176,0.29052672045892586,0,0
8,5,Ty Murray,21.0,0.10822859,-0.6735753140545631,-0.27288137419015474,-0.4732283441223589,0,0
8,6,Ty Murray,18.0,0.12171923,-1.202174995207072,-0.2605732928726093,-0.7313741440398406,0,1
8,7,Ty Murray,24.0,0.1416386,-0.7385489458759964,-0.08936334475899745,-0.4139561453174969,0,1
8,8,Ty Murray,26.0,0.17417733,0.0,0.45113260914738573,0.22556630457369287,0,0
8,9,Ty Murray,23.0,0.20492923,-1.6225573357180036,0.26704566380618705,-0.6777558359559083,1,1
8,10,Ty Murray,24.0,0.19964568,-1.35225564067071,-1.3684318868099434,-1.3603437637403268,1,1
32,1,Tyson Beckford,12.0,0.070275284,-1.2847062774952633,-0.07533024014550374,-0.6800182588203836,0,1
32,2,Tyson Beckford,18.0,0.078138195,-0.08406317620060125,0.07705382833727233,-0.0035046739316644607,0,0
32,3,Tyson Beckford,20.0,0.027724374,-1.4201763565264531,-3.0947116016016767,-2.257443979064065,1,1
17,1,Valerie Harper,21.0,0.08801678,-0.09456790909655477,0.7769411576769936,0.3411866242902194,0,0
17,2,Valerie Harper,19.0,0.08876981,-1.0416202175436253,0.7578908889542092,-0.14186466429470806,0,0
17,3,Valerie Harper,16.0,0.0960077,-1.8949694168796216,0.5480578941807486,-0.6734557613494365,0,1
17,4,Valerie Harper,18.0,0.078263715,-1.910644340988874,-2.285952888474162,-2.098298614731518,1,1
25,1,Vanessa Lachey,21.0,0.07263097,1.045617769333531,-0.725281341275594,0.16016821402896847,0,0
25,2,Vanessa Lachey,23.5,0.07549116,1.1126649421037447,-0.1398901354549031,0.48638740332442076,0,0
25,3,Vanessa Lachey,23.0,0.084244534,0.36723988735584584,-1.4850355290415937,-0.558897820842874,0,1
25,4,Vanessa Lachey,24.0,0.08678217,-0.32412965662727844,-0.523908392048328,-0.4240190243378032,0,0
25,5,Vanessa Lachey,24.0,0.0954236,-0.835188327898563,-0.5155171957358119,-0.6753527618171875,0,1
25,6,Vanessa Lachey,36.0,0.112190045,0.42640143271122083,0.11286605105817515,0.269633741884698,0,0
25,7,Vanessa Lachey,27.0,0.09677571,0.05951898958700064,-1.4895760715977688,-0.715028541005384,0,1
23,1,Vanilla Ice,25.0,0.086082,-0.11913206796158524,1.049505786126613,0.4651868590825139,0,0
23,2,Vanilla Ice,26.0,0.087039806,-0.35106210676835437,1.2000008357462857,0.42446936448896566,0,0
23,3,Vanilla Ice,23.0,0.09356156,-1.3481236514415535,0.9976435601330895,-0.175240045654232,0,0
23,4,Vanilla Ice,23.0,0.07272021,-0.22532082649689622,-1.779657986553933,-1.0024894065254146,0,1
29,1,Veron Davis,17.0,0.06981105,-0.1072112534837791,0.30270338815438175,0.09774606733530132,0,0
29,2,Veron Davis,18.0,0.0707689,-0.09325048082403105,0.31418845116283994,0.11046898516940445,0,0
29,3,Veron Davis,22.0,0.075600654,0.5622935332029144,0.28031829101771943,0.4213059121103169,0,0
29,4,Veron Davis,22.0,0.081501156,-0.5559369874958255,0.2860800055323994,-0.13492849098171308,0,0
29,5,Veron Davis,21.0,0.08729521,-0.962945465315396,0.25373390981588057,-0.35460577774975777,0,0
29,6,Veron Davis,21.0,0.03820401,-1.1303837433061643,-2.9816611268236772,-2.0560224350649206,0,1
21,1,Victor Espinoza,15.0,0.07731844,-0.9454229135015613,0.04790273850805452,-0.4487600874967534,0,0
21,2,Victor Espinoza,18.5,0.063463956,-0.7630064601840352,-1.3669620257992665,-1.0649842429916507,0,1
16,1,Victor Ortiz,18.0,0.083798885,-0.3687968558247977,0.07028125533623208,-0.1492578002442828,0,0
16,2,Victor Ortiz,18.0,0.08296533,-0.6346968250989853,-0.06506938539425577,-0.34988310524662053,0,0
16,3,Victor Ortiz,23.0,0.0929277,0.43342946766740453,0.2404601036807992,0.33694478567410185,0,0
16,4,Victor Ortiz,18.0,0.10217068,-1.3306884336000941,0.22820082513810308,-0.5512438042309955,0,1
16,5,Victor Ortiz,21.0,0.11201528,-0.5654592864533138,0.08606016622844417,-0.23969956011243482,0,0
16,6,Victor Ortiz,20.0,0.101735674,-1.4862422695900166,-2.0805910940484473,-1.783416681819232,1,1
25,1,Victoria Arlen,19.0,0.07701018,0.24602771043141944,0.014719363647928,0.13037353703967372,0,0
25,2,Victoria Arlen,22.0,0.079345815,0.4346347430092748,0.2366875016615042,0.3356611223353895,0,0
25,3,Victoria Arlen,22.0,0.088812634,-0.08160886385685552,-0.46714503352757725,-0.2743769486922164,0,0
25,4,Victoria Arlen,27.0,0.092986725,1.2039101531870335,0.2637535420271421,0.7338318476070878,0,0
25,5,Victoria Arlen,27.0,0.10005317,0.3579378548136691,0.005989434773461361,0.18196364479356522,0,0
25,6,Victoria Arlen,31.0,0.11261963,-0.6396021490668313,0.1578047008448237,-0.24089872411100383,0,0
25,7,Victoria Arlen,28.5,0.13016874,0.7737468646310083,0.2727867315005645,0.5232667980657864,0,0
25,8,Victoria Arlen,24.0,0.16728531,-0.8849904067559853,0.035171102955777245,-0.424909651900104,0,0
25,9,Victoria Arlen,28.0,0.16472363,0.46499055497527714,-1.6800121679692266,-0.6075108064969748,0,1
31,1,Vinny Guadagnino,17.0,0.06431646,-1.5328324740615644,0.13934340532857,-0.6967445343664972,1,1
31,2,Vinny Guadagnino,27.0,0.069850996,-0.14082727534180461,0.22408508633991273,0.041628905499054056,0,0
31,3,Vinny Guadagnino,23.0,0.072838195,-1.6900410344162795,0.09521142883985871,-0.7974148027882104,1,1
31,4,Vinny Guadagnino,29.0,0.079438746,-0.7103759007008693,0.1513221581127507,-0.2795268712940593,0,0
31,5,Vinny Guadagnino,31.0,0.08330257,-1.8757192422770792,-0.00191341888103309,-0.9388163305790561,1,1
31,6,Vinny Guadagnino,28.0,0.09906731,-2.049794491787783,-0.04650834828317145,-1.0481514200354771,1,1
31,7,Vinny Guadagnino,31.5,0.11309158,-1.9461345311993636,0.0941205263610394,-0.9260070024191621,1,1
31,8,Vinny Guadagnino,29.0,0.07372332,-1.9296979497359656,-1.6004654023024816,-1.7650816760192236,1,1
3,1,Vivica A. Fox,22.0,0.094464175,0.6534722650110989,0.3232779297017617,0.4883750973564303,0,0
3,2,Vivica A. Fox,24.0,0.105260886,0.34412360080584264,0.43253690303877823,0.3883302519223104,0,0
3,3,Vivica A. Fox,27.0,0.11904452,1.4605934866804429,0.6792568490770781,1.0699251678787605,0,0
3,4,Vivica A. Fox,24.0,0.09742152,-0.2451825928095098,-2.290134707804003,-1.2676586503067564,0,1
22,1,Von Miller,21.0,0.08497341,0.378062683865246,0.24032758034070276,0.3091951321029744,0,0
22,2,Von Miller,20.0,0.08592014,0.10605396627557645,0.2644520988223826,0.1852530325489795,0,0
22,3,Von Miller,20.0,0.093470424,-0.7476591451270229,0.31592586992303967,-0.21586663760199162,0,0
22,4,Von Miller,32.0,0.10360599,0.023799032721193925,0.34417290792599337,0.18398597032359365,0,0
22,5,Von Miller,29.0,0.10989169,-0.471404520791032,-0.11799791071349625,-0.29470121575226416,0,0
22,6,Von Miller,24.0,0.11545971,-0.5012963464847527,0.3462653002343674,-0.07751552312519266,0,0
22,7,Von Miller,26.0,0.10301139,-0.7783117824941562,-1.5048229433155573,-1.1415673629048568,0,1
22,1,Wanya Morris,23.0,0.09318554,0.9829629780496395,1.4436898294749967,1.2133264037623182,0,0
22,2,Wanya Morris,24.0,0.094338745,1.3787015615824982,1.1250952629264668,1.2518984122544825,0,0
22,3,Wanya Morris,24.0,0.102924794,1.1874586422605642,1.4820682679223756,1.33476345509147,0,0
22,4,Wanya Morris,35.0,0.1144449,0.7377700143570015,1.3786903600695457,1.0582301872132736,0,0
22,5,Wanya Morris,30.0,0.1257751,-0.188561808316413,1.4189689836799353,0.6152035876817612,0,0
22,6,Wanya Morris,29.0,0.12403491,1.549461434589237,1.0290821583147665,1.2892717964520017,0,0
22,7,Wanya Morris,27.5,0.14197095,0.7783117824941562,1.1614316805029776,0.969871731498567,0,0
22,8,Wanya Morris,25.0,0.19126694,-1.6316377931102253,1.339253881004661,-0.14619195605278212,0,0
22,9,Wanya Morris,30.0,0.15966497,1.253831337643072,-1.5059594127258575,-0.12606403754139273,0,1
7,1,Warren Sapp,21.5,0.07675693,0.6673410893648438,-0.01609241563255553,0.32562433686614417,0,0
7,2,Warren Sapp,24.0,0.0905547,1.2688838319687492,-0.03504381660351237,0.6169200076826185,0,0
7,3,Warren Sapp,25.0,0.10435609,0.8570781724858579,-0.9876347653082994,-0.06527829641122074,0,0
7,4,Warren Sapp,22.0,0.10877412,-0.21339479988816054,-0.19637880097821744,-0.204886800433189,0,0
7,5,Warren Sapp,25.0,0.12181069,0.1898364856094154,-0.30209753625804486,-0.05613052532431473,0,0
7,6,Warren Sapp,25.0,0.13990937,0.5333386009010834,-0.23132625155342143,0.15100617467383098,0,0
7,7,Warren Sapp,21.0,0.16596997,-1.1123730207865243,-0.04433942049850777,-0.578356220642516,1,1
7,8,Warren Sapp,27.0,0.21095003,0.9045340337332909,0.4853076812277495,0.6949208574805201,0,0
7,9,Warren Sapp,24.5,0.25672913,-0.26499947000159,0.2214255457358774,-0.021786962132856316,0,0
7,10,Warren Sapp,27.5,0.3087483,-0.577350269189625,-0.34740793142570836,-0.46237910030766666,1,1
31,1,Wayne Brady,29.0,0.059693888,1.14265693520953,-0.2152611620759649,0.4636978865667825,0,0
31,2,Wayne Brady,32.0,0.06559326,1.3680363890346787,-0.07553784696184446,0.6462492710364172,0,0
31,3,Wayne Brady,33.0,0.07297514,1.231017543587167,0.10446124778622422,0.6677393956866956,0,0
31,4,Wayne Brady,36.0,0.07921995,1.2485394618378902,0.13816119205874985,0.69335032694832,0,0
31,5,Wayne Brady,41.0,0.08603353,1.0665854514908881,0.1679473867018226,0.6172664190963554,0,0
31,6,Wayne Brady,34.0,0.104625136,-0.157676499368291,0.23062955963155168,0.03647653013163034,0,0
31,7,Wayne Brady,38.0,0.11595959,0.7645528515426085,0.2304206128038408,0.4974867321732247,0,0
31,8,Wayne Brady,45.0,0.1387266,1.0825134839982247,0.42843946728819904,0.7554764756432119,0,0
31,9,Wayne Brady,36.5,0.19188434,-0.05597170785495483,0.6417027723319298,0.2928655322384875,0,0
31,10,Wayne Brady,38.0,0.26874876,-0.8660254037844387,0.4602997768400002,-0.20286281347221927,1,1
5,1,Wayne Newton,19.0,0.0929503,-0.8227006783783963,0.8551116282798346,0.016205474950719112,0,0
5,2,Wayne Newton,15.0,0.101425424,-1.9608358791284255,0.8910325486735462,-0.5349016652274396,0,0
5,3,Wayne Newton,18.0,0.076738134,-1.798089801701939,-1.9822625224302741,-1.8901761620661066,1,1
12,1,Wendy Williams,14.0,0.085559465,-1.4168894655461859,-0.6263059235111008,-1.0215976945286434,0,1
12,2,Wendy Williams,17.0,0.08717359,-1.0541621925104283,-0.38663247730297606,-0.7203973349067022,0,1
12,3,Wendy Williams,15.0,0.077220336,-2.1966180573901224,-2.491174814428088,-2.3438964359091052,1,1
34,1,Whitney Leavitt,15.0,0.071040906,1.571118549330918,-0.09907612589311979,0.7360212117188991,0,0
34,2,Whitney Leavitt,22.0,0.078764,0.9253456851373661,0.37155546953192703,0.6484505773346466,0,0
34,3,Whitney Leavitt,24.0,0.08594661,1.2250346215367367,0.1542368337617729,0.6896357276492548,0,0
34,4,Whitney Leavitt,25.0,0.09423808,1.2472761616031371,0.1807710601252477,0.7140236108641924,0,0
34,5,Whitney Leavitt,33.0,0.103062645,0.465370309963478,0.1876939284666489,0.3265321192150634,0,0
34,6,Whitney Leavitt,39.0,0.10421988,1.2009611535381535,0.22849164995466728,0.7147264017464103,0,0
34,7,Whitney Leavitt,42.0,0.11305708,1.074866110423599,0.11592191640873653,0.5953940134161678,0,0
34,8,Whitney Leavitt,39.5,0.132848,1.0731281698183073,0.34814812479156165,0.7106381473049345,0,0
34,9,Whitney Leavitt,42.0,0.15041122,0.7209016910233331,0.3711105218350161,0.5460061064291746,0,0
34,10,Whitney Leavitt,29.0,0.102622844,0.4879500364742649,-1.9462949416810174,-0.7291724526033763,0,1
3,1,Willa Ford,22.0,0.10033518,0.6534722650110989,0.857151085715102,0.7553116753631004,0,0
3,2,Willa Ford,23.0,0.10866071,0.0,0.7120618106260417,0.35603090531302084,0,0
3,3,Willa Ford,22.0,0.12082582,-0.3651483716701107,0.8317715643576739,0.23331159634378157,0,0
3,4,Willa Ford,28.0,0.13393003,1.0624579021745424,0.7415563249758744,0.9020071135752084,0,0
3,5,Willa Ford,27.0,0.12204981,0.7807200583588263,-1.765125937149378,-0.4922029393952758,0,1
14,1,William Levy,24.0,0.083505385,0.696630546019236,0.04110225028916189,0.36886639815419897,0,0
14,2,William Levy,25.0,0.08549004,0.8888530760099984,0.2918696525242004,0.5903613642670994,0,0
14,3,William Levy,28.0,0.09423626,1.4070529413628974,0.38927461196372326,0.8981637766633104,0,0
14,4,William Levy,22.0,0.10084664,-0.5509925719746662,0.09116251500282929,-0.22991502848591847,0,0
14,5,William Levy,29.0,0.115638755,1.1463572171057603,0.46900058952863255,0.8076789033171965,0,0
14,6,William Levy,36.0,0.12964806,0.7364679321404365,0.399923076401471,0.5681955042709538,0,0
14,7,William Levy,26.5,0.15196094,0.18752289237539752,0.7034304086964753,0.44547665053593644,0,0
14,8,William Levy,28.5,0.18074638,1.1531640100361062,0.700754947771705,0.9269594789039056,0,0
14,9,William Levy,29.0,0.2602711,0.3872983346207417,0.31546493093234645,0.3513816327765441,0,0
14,10,William Levy,29.666600000000003,0.351318,-0.5773502691896196,0.42432587881761746,-0.07651219518600108,0,1
20,1,Willow Shields,25.0,0.08654364,-0.46800272293285466,0.41178673680515815,-0.028107993063848258,0,0
20,2,Willow Shields,32.0,0.08921003,0.8739541760330682,0.7597562366732653,0.8168552063531668,0,0
20,3,Willow Shields,32.0,0.09704646,0.7687061147858076,0.5462467577034155,0.6574764362446115,0,0
20,4,Willow Shields,39.0,0.10752264,1.7202162564258006,0.7695896861665565,1.2449029712961786,0,0
20,5,Willow Shields,34.0,0.121536,0.4413498079192764,0.9886500923085683,0.7149999501139224,0,0
20,6,Willow Shields,36.5,0.1307505,0.724568837309472,0.4285551199129046,0.5765619786111883,0,0
20,7,Willow Shields,39.0,0.120128386,0.7030610517854438,-1.8160349702045435,-0.5564869592095498,0,0
16,1,Wynonna Judd,18.0,0.09134946,-0.3687968558247977,1.2101489587708005,0.4206760514730014,0,0
16,2,Wynonna Judd,18.0,0.08990544,-0.6346968250989853,1.1620665751328472,0.26368487501693094,0,0
16,3,Wynonna Judd,15.0,0.07260214,-1.6855119533416594,-2.1807581056369627,-1.933135029489311,1,1
32,1,Xochitl Gomez,18.0,0.076879166,0.42823542583175445,0.356022249371295,0.3921288376015247,0,0
32,2,Xochitl Gomez,24.0,0.08273121,1.5551687597111288,0.3683087317305146,0.9617387457208217,0,0
32,3,Xochitl Gomez,32.0,0.08891993,1.0437440692543807,0.3109012151607048,0.6773226422075427,0,0
32,4,Xochitl Gomez,27.0,0.10051465,1.7707329211855298,0.5236250196628018,1.1471789704241657,0,0
32,5,Xochitl Gomez,28.0,0.107856706,1.2649110640673518,0.42370907871532143,0.8443100713913366,0,0
32,6,Xochitl Gomez,42.0,0.11830869,1.3358916983337579,0.3378602936135822,0.83687599597367,0,0
32,7,Xochitl Gomez,37.0,0.13416703,0.8910563851303022,0.40045423490266085,0.6457553100164815,0,0
32,8,Xochitl Gomez,40.0,0.15454364,0.8135876962364361,0.45605776083932287,0.6348227285378795,0,0
32,9,Xochitl Gomez,41.0,0.1845702,0.827288633246102,0.5757905500484897,0.7015395916472958,0,0
32,10,Xochitl Gomez,30.0,0.21240191,0.848528137423857,0.4166416956411478,0.6325849165325024,0,0
32,11,Xochitl Gomez,30.0,0.22844733,0.6102571532587283,0.8605101276357868,0.7353836404472576,0,0
16,1,Zendaya,24.0,0.087714106,1.6737703456663917,0.6613400779701105,1.167555211818251,0,0
16,2,Zendaya,26.0,0.08835544,1.541406575240394,0.8879987665798096,1.2147026709101019,0,0
16,3,Zendaya,25.9998,0.09845347,1.2279795270102785,0.89870002152325,1.0633397742667643,0,0
16,4,Zendaya,26.0,0.10871459,1.0887450820364413,0.916153689696174,1.0024493858663077,0,0
16,5,Zendaya,29.0,0.12051926,1.4701941447786164,0.8954792947507726,1.1828367197646945,0,0
16,6,Zendaya,25.5,0.13592023,0.8083071992507108,0.9766248280321129,0.8924660136414119,0,0
16,7,Zendaya,30.0,0.1516454,0.7493075430155056,0.6837211823108071,0.7165143626631564,0,0
16,8,Zendaya,29.0,0.17185122,1.036939477979681,0.30401450696545573,0.6704769924725684,0,0
16,9,Zendaya,27.5,0.2086256,-0.407555756817707,0.3137659887640287,-0.04689488402683914,0,1
16,10,Zendaya,30.0,0.2573124,0.783339956828417,0.20507854748535795,0.49420925215688744,0,0
