Season,Week,Name,industry,Judge_Score,vote_share,Fan_Share,uncertainty,Is_Eliminated,eliminated_week,Rank_Judge,Rank_Fan,Rank_Sum,Final_Place_RankMethod,Eliminated_By_Rank,Pct_Judge,Pct_Fan,Pct_Total,Final_Place_PctMethod,Eliminated_By_Pct
1,1,Evander Holyfield,Athlete,18.0,0.1763,0.17442614,0.05,0,3,4.0,4.0,8.0,4.0,0,16.51376146788991,17.442614523278436,33.95637599116834,3.0,0
1,1,Joey McIntyre,Singer/Rapper,20.0,0.1871,0.18234164,0.05,0,99,1.0,1.0,2.0,1.0,0,18.34862385321101,18.234164547024935,36.58278840023594,1.0,0
1,1,John O'Hurley,Actor/Actress,20.0,0.1787,0.17836984,0.05,0,99,1.0,2.0,3.0,2.0,0,18.34862385321101,17.836984535109536,36.185608388320546,2.0,0
1,1,Kelly Monaco,Actor/Actress,13.0,0.1774,0.17771636,0.05,0,99,6.0,3.0,9.0,5.0,1,11.926605504587156,17.771636533149092,29.69824203773625,6.0,1
1,1,Rachel Hunter,Model,20.0,0.1043,0.12299475,0.05,0,4,1.0,6.0,7.0,3.0,0,18.34862385321101,12.29947536898426,30.64809922219527,5.0,0
1,1,Trista Sutter,TV Personality,18.0,0.1763,0.16415124,0.05,0,2,4.0,5.0,9.0,5.0,1,16.51376146788991,16.415124492453735,32.92888596034365,4.0,0
1,2,Evander Holyfield,Athlete,14.0,0.1724,0.17316692,0.05,0,3,6.0,4.0,10.0,5.0,1,11.570247933884298,17.316691134165445,28.88693906804974,5.0,0
1,2,Joey McIntyre,Singer/Rapper,21.0,0.1875,0.1890674,0.05,0,99,3.0,3.0,6.0,2.0,0,17.355371900826448,18.90673905466305,36.2621109554895,2.0,0
1,2,John O'Hurley,Actor/Actress,26.0,0.1819,0.19276886,0.05,0,99,1.0,1.0,2.0,1.0,0,21.487603305785125,19.27688503615575,40.764488341940876,1.0,0
1,2,Kelly Monaco,Actor/Actress,17.0,0.1848,0.19185993,0.05,0,99,5.0,2.0,7.0,3.0,0,14.049586776859504,19.185992040700402,33.235578817559905,4.0,0
1,2,Rachel Hunter,Model,24.0,0.1724,0.14959681,0.05,0,4,2.0,5.0,7.0,3.0,0,19.834710743801654,14.959680252015989,34.79439099581764,3.0,0
1,2,Trista Sutter,TV Personality,19.0,0.1011,0.10354013,0.08,1,2,4.0,6.0,10.0,5.0,1,15.702479338842975,10.354012482299376,26.05649182114235,6.0,1
1,3,Evander Holyfield,Athlete,13.0,0.1359,0.13577077,0.08,1,3,5.0,5.0,10.0,5.0,1,12.264150943396226,13.577076049604678,25.8412269930009,5.0,1
1,3,Joey McIntyre,Singer/Rapper,22.0,0.2207,0.21911637,0.05,0,99,3.0,2.0,5.0,2.0,0,20.754716981132077,21.911635466185515,42.66635244731759,3.0,0
1,3,John O'Hurley,Actor/Actress,24.0,0.2145,0.21934286,0.05,0,99,2.0,1.0,3.0,1.0,0,22.641509433962266,21.934284464600086,44.57579389856235,2.0,0
1,3,Kelly Monaco,Actor/Actress,21.0,0.2145,0.21593687,0.05,0,99,4.0,3.0,7.0,4.0,0,19.81132075471698,21.593685488442016,41.405006243158994,4.0,0
1,3,Rachel Hunter,Model,26.0,0.2145,0.2098332,0.05,0,4,1.0,4.0,5.0,2.0,0,24.528301886792452,20.9833185311677,45.51162041796015,1.0,0
1,4,Joey McIntyre,Singer/Rapper,20.0,0.2891,0.26172903,0.05,0,99,4.0,2.0,6.0,3.0,1,21.73913043478261,26.17290273827097,47.91203317305358,4.0,1
1,4,John O'Hurley,Actor/Actress,21.0,0.2662,0.27180502,0.05,0,99,3.0,1.0,4.0,1.0,0,22.82608695652174,27.180501728194983,50.00658868471672,2.0,0
1,4,Kelly Monaco,Actor/Actress,26.0,0.2662,0.25459194,0.05,0,99,1.0,3.0,4.0,1.0,0,28.26086956521739,25.459193745408065,53.720063310625456,1.0,0
1,4,Rachel Hunter,Model,25.0,0.1786,0.21187402,0.08,1,4,2.0,4.0,6.0,3.0,1,27.173913043478258,21.187401788125985,48.36131483160425,3.0,0
1,5,Joey McIntyre,Singer/Rapper,22.5,0.3702,0.29736143,0.05,0,99,3.0,3.0,6.0,3.0,1,30.82191780821918,29.736143297361433,60.55806110558061,3.0,1
1,5,John O'Hurley,Actor/Actress,27.0,0.3675,0.40489396,0.05,0,99,1.0,1.0,2.0,1.0,0,36.986301369863014,40.48939640489397,77.47569777475698,1.0,0
1,5,Kelly Monaco,Actor/Actress,23.5,0.2623,0.2977446,0.05,0,99,2.0,2.0,4.0,2.0,0,32.19178082191781,29.77446029774461,61.96624111966242,2.0,0
1,6,John O'Hurley,Actor/Actress,27.0,,0.5120813,0.05,0,99,2.0,1.0,3.0,1.0,1,49.54128440366973,51.20812846375614,100.74941286742586,1.0,0
1,6,Kelly Monaco,Actor/Actress,27.5,,0.48791873,0.05,0,99,1.0,2.0,3.0,1.0,1,50.45871559633027,48.79187153624385,99.25058713257413,2.0,1
2,1,Drew Lachey,Singer/Rapper,24.0,0.1114,0.112595454,0.05,0,99,1.0,1.0,2.0,1.0,0,12.307692307692308,11.259544949618203,23.56723725731051,1.0,0
2,1,George Hamilton,Actor/Actress,18.0,0.1061,0.10675644,0.05,0,6,8.0,4.0,12.0,4.0,0,9.230769230769232,10.675643572974257,19.90641280374349,8.0,0
2,1,Giselle Fernandez,News Anchor,23.0,0.1033,0.09918448,0.05,0,3,2.0,9.0,11.0,3.0,0,11.794871794871794,9.918447603262097,21.71331939813389,3.0,0
2,1,Jerry Rice,Athlete,21.0,0.1033,0.10427393,0.05,0,99,5.0,7.0,12.0,4.0,0,10.76923076923077,10.427392582904298,21.19662335213507,5.0,0
2,1,Kenny Mayne,Sports Broadcaster,13.0,0.044,0.045072697,0.08,1,1,9.0,10.0,19.0,10.0,1,6.666666666666667,4.50726951970922,11.173936186375887,10.0,1
2,1,Lisa Rinna,Actor/Actress,19.0,0.105,0.105816595,0.05,0,7,7.0,5.0,12.0,4.0,0,9.743589743589745,10.581659076733638,20.32524882032338,7.0,0
2,1,Master P,Singer/Rapper,12.0,0.1116,0.1105063,0.05,0,4,10.0,2.0,12.0,4.0,0,6.153846153846154,11.050629557974819,17.204475711820972,9.0,0
2,1,Stacy Keibler,Athlete,22.0,0.1033,0.103026904,0.05,0,99,4.0,8.0,12.0,4.0,0,11.282051282051283,10.302689987892402,21.584741269943684,4.0,0
2,1,Tatum O'Neal,Actor/Actress,23.0,0.1051,0.10755773,0.05,0,2,2.0,3.0,5.0,2.0,0,11.794871794871794,10.755772569769098,22.550644364640892,2.0,0
2,1,Tia Carrere,Actor/Actress,20.0,0.1069,0.10520951,0.05,0,5,6.0,6.0,12.0,4.0,0,10.256410256410255,10.520950579161978,20.77736083557223,6.0,0
2,2,Drew Lachey,Singer/Rapper,27.0,0.1176,0.12099385,0.05,0,99,2.0,2.0,4.0,2.0,0,13.5,12.099384830608612,25.599384830608614,2.0,0
2,2,George Hamilton,Actor/Actress,22.0,0.1176,0.11673173,0.05,0,6,5.0,4.0,9.0,3.0,0,11.0,11.673172836575581,22.67317283657558,5.0,0
2,2,Giselle Fernandez,News Anchor,24.0,0.1176,0.11093475,0.05,0,3,3.0,8.0,11.0,5.0,0,12.0,11.093474844691352,23.09347484469135,4.0,0
2,2,Jerry Rice,Athlete,23.0,0.1176,0.116391785,0.05,0,99,4.0,6.0,10.0,4.0,0,11.5,11.639178337051503,23.139178337051504,3.0,0
2,2,Lisa Rinna,Actor/Actress,20.0,0.1176,0.116645515,0.05,0,7,7.0,5.0,12.0,6.0,0,10.0,11.664551336696281,21.66455133669628,7.0,0
2,2,Master P,Singer/Rapper,16.0,0.1214,0.12096775,0.05,0,4,9.0,3.0,12.0,6.0,0,8.0,12.096774830645153,20.096774830645153,8.0,0
2,2,Stacy Keibler,Athlete,29.0,0.1176,0.122570224,0.05,0,99,1.0,1.0,2.0,1.0,0,14.499999999999998,12.257022228401688,26.757022228401688,1.0,0
2,2,Tatum O'Neal,Actor/Actress,17.0,0.0557,0.05977804,0.08,1,2,8.0,9.0,17.0,9.0,1,8.5,5.977803916310745,14.477803916310744,9.0,1
2,2,Tia Carrere,Actor/Actress,22.0,0.1176,0.11498637,0.05,0,5,5.0,7.0,12.0,6.0,0,11.0,11.498636839019085,22.498636839019085,6.0,0
2,3,Drew Lachey,Singer/Rapper,27.0,0.1389,0.13636349,0.05,0,99,1.0,3.0,4.0,2.0,0,14.835164835164836,13.636348590909542,28.471513426074377,2.0,0
2,3,George Hamilton,Actor/Actress,22.0,0.1309,0.12851608,0.05,0,6,5.0,6.0,11.0,6.0,0,12.087912087912088,12.85160761445177,24.93951970236386,5.0,0
2,3,Giselle Fernandez,News Anchor,22.0,0.0668,0.0688406,0.08,1,3,5.0,8.0,13.0,7.0,0,12.087912087912088,6.884059793478206,18.971971881390296,8.0,1
2,3,Jerry Rice,Athlete,19.0,0.1309,0.12709351,0.05,0,99,7.0,7.0,14.0,8.0,1,10.43956043956044,12.709350618719482,23.14891105827992,6.0,0
2,3,Lisa Rinna,Actor/Actress,25.0,0.1309,0.13113812,0.05,0,7,4.0,4.0,8.0,3.0,0,13.736263736263737,13.113811606585651,26.850075342849387,4.0,0
2,3,Master P,Singer/Rapper,14.0,0.1398,0.13689025,0.05,0,4,8.0,2.0,10.0,5.0,0,7.6923076923076925,13.68902458932926,21.381332281636954,7.0,0
2,3,Stacy Keibler,Athlete,27.0,0.1309,0.14076754,0.05,0,99,1.0,1.0,2.0,1.0,0,14.835164835164836,14.076753577697392,28.911918412862228,1.0,0
2,3,Tia Carrere,Actor/Actress,26.0,0.1309,0.13039044,0.05,0,5,3.0,5.0,8.0,3.0,0,14.285714285714285,13.03904360882869,27.324757894542977,3.0,0
2,4,Drew Lachey,Singer/Rapper,28.0,0.1526,0.15378807,0.05,0,99,1.0,2.0,3.0,1.0,0,17.72151898734177,15.378806692423867,33.10032567976564,1.0,0
2,4,George Hamilton,Actor/Actress,21.0,0.1526,0.14926226,0.05,0,6,6.0,5.0,11.0,5.0,0,13.291139240506327,14.926225701475484,28.217364941981813,6.0,0
2,4,Jerry Rice,Athlete,24.0,0.1526,0.14669955,0.05,0,99,5.0,6.0,11.0,5.0,0,15.18987341772152,14.669954706600905,29.859828124322426,5.0,0
2,4,Lisa Rinna,Actor/Actress,26.0,0.1526,0.15394038,0.05,0,7,2.0,1.0,3.0,1.0,0,16.455696202531644,15.394037692119245,31.84973389465089,2.0,0
2,4,Master P,Singer/Rapper,8.0,0.0847,0.0947312,0.08,1,4,7.0,7.0,14.0,7.0,1,5.063291139240507,9.473119810537604,14.53641094977811,7.0,1
2,4,Stacy Keibler,Athlete,26.0,0.1526,0.1511217,0.05,0,99,2.0,3.0,5.0,3.0,0,16.455696202531644,15.112169697756606,31.56786590028825,3.0,0
2,4,Tia Carrere,Actor/Actress,25.0,0.1526,0.15045686,0.05,0,5,4.0,4.0,8.0,4.0,0,15.822784810126583,15.045685699086283,30.868470509212866,4.0,0
2,5,Drew Lachey,Singer/Rapper,27.0,0.1787,0.1834066,0.05,0,99,2.0,1.0,3.0,1.0,0,17.880794701986755,18.340660550219816,36.22145525220657,2.0,0
2,5,George Hamilton,Actor/Actress,24.0,0.1787,0.17829086,0.05,0,6,4.0,3.0,7.0,4.0,0,15.894039735099339,17.829086534872594,33.723126269971935,4.0,0
2,5,Jerry Rice,Athlete,23.0,0.1787,0.17455123,0.05,0,99,5.0,5.0,10.0,5.0,0,15.2317880794702,17.455123523653704,32.6869116031239,5.0,0
2,5,Lisa Rinna,Actor/Actress,25.0,0.1787,0.17878135,0.05,0,7,3.0,2.0,5.0,2.0,0,16.55629139072848,17.878135536344065,34.43442692707254,3.0,0
2,5,Stacy Keibler,Athlete,30.0,0.1787,0.17552991,0.05,0,99,1.0,4.0,5.0,2.0,0,19.867549668874172,17.552991526589746,37.42054119546392,1.0,0
2,5,Tia Carrere,Actor/Actress,22.0,0.1063,0.10944002,0.08,1,5,6.0,6.0,12.0,6.0,1,14.56953642384106,10.94400232832007,25.51353875216113,6.0,1
2,6,Drew Lachey,Singer/Rapper,30.0,0.2158,0.22178148,0.05,0,99,1.0,2.0,3.0,2.0,0,22.55639097744361,22.178146891092656,44.734537868536265,2.0,0
2,6,George Hamilton,Actor/Actress,23.0,0.1369,0.14319623,0.08,1,6,4.0,5.0,9.0,5.0,1,17.293233082706767,14.319622284018887,31.612855366725654,5.0,1
2,6,Jerry Rice,Athlete,23.0,0.2158,0.19465761,0.05,0,99,4.0,4.0,8.0,4.0,0,17.293233082706767,19.465760026712,36.75899310941877,4.0,0
2,6,Lisa Rinna,Actor/Actress,27.0,0.2158,0.21712346,0.05,0,7,3.0,3.0,6.0,3.0,0,20.30075187969925,21.712344914382754,42.013096794082,3.0,0
2,6,Stacy Keibler,Athlete,30.0,0.2158,0.22324127,0.05,0,99,1.0,1.0,2.0,1.0,0,22.55639097744361,22.32412588379371,44.88051686123732,1.0,0
2,7,Drew Lachey,Singer/Rapper,27.5,0.2742,0.29572818,0.05,0,99,1.0,1.0,2.0,1.0,0,26.96078431372549,29.572818591456375,56.533602905181866,1.0,0
2,7,Jerry Rice,Athlete,20.5,0.2714,0.22139157,0.05,0,99,4.0,3.0,7.0,3.0,1,20.098039215686274,22.13915744278315,42.23719665846943,4.0,1
2,7,Lisa Rinna,Actor/Actress,26.5,0.1829,0.19678247,0.08,1,7,3.0,4.0,7.0,3.0,1,25.98039215686275,19.678247393564945,45.658639550427694,3.0,0
2,7,Stacy Keibler,Athlete,27.5,0.2714,0.28609776,0.05,0,99,1.0,2.0,3.0,2.0,0,26.96078431372549,28.60977657219553,55.57056088592102,2.0,0
2,8,Drew Lachey,Singer/Rapper,28.9998,0.3685,0.3612346,0.05,0,99,1.0,2.0,3.0,1.0,0,34.38729131809769,36.12346072246921,70.5107520405669,1.0,0
2,8,Jerry Rice,Athlete,26.666600000000003,0.3685,0.36385998,0.05,0,99,3.0,1.0,4.0,2.0,0,31.620636785880723,36.38599872771997,68.0066355136007,2.0,0
2,8,Stacy Keibler,Athlete,28.6665,0.2631,0.2749054,0.05,0,99,2.0,3.0,5.0,3.0,1,33.9920718960216,27.49054054981081,61.48261244583241,3.0,1
3,1,Emmitt Smith,Athlete,24.0,0.0898,0.09144894,0.05,0,99,2.0,8.0,10.0,5.0,0,11.320754716981133,9.144894448099828,20.46564916508096,2.0,0
3,1,Harry Hamlin,Actor/Actress,17.0,0.0945,0.094543025,0.05,0,3,8.0,5.0,13.0,7.0,0,8.018867924528301,9.454302963260846,17.473170887789145,7.0,0
3,1,Jerry Springer,TV Personality,16.0,0.0849,0.086169064,0.05,0,7,9.0,9.0,18.0,10.0,0,7.547169811320755,8.616906822228435,16.16407663354919,10.0,0
3,1,Joey Lawrence,Actor/Actress,21.0,0.0959,0.095340855,0.05,0,99,5.0,4.0,9.0,3.0,0,9.90566037735849,9.534085967170212,19.4397463445287,5.0,0
3,1,Mario Lopez,Actor/Actress,26.0,0.095,0.099615976,0.05,0,99,1.0,3.0,4.0,1.0,0,12.264150943396226,9.961598088118304,22.225749031514532,1.0,0
3,1,Monique Coleman,Actor/Actress,19.0,0.0952,0.09415629,0.05,0,8,6.0,7.0,13.0,7.0,0,8.962264150943396,9.415629461365842,18.377893612309236,6.0,0
3,1,Sara Evans,Singer/Rapper,15.0,0.0996,0.10019798,0.05,0,98,10.0,2.0,12.0,6.0,0,7.0754716981132075,10.019798490970127,17.095270189083333,8.0,0
3,1,Shanna Moakler,Model,18.0,0.0822,0.08064475,0.05,0,2,7.0,10.0,17.0,9.0,0,8.49056603773585,8.064475395159294,16.555041432895145,9.0,0
3,1,Tucker Carlson,TV Personality,12.0,0.0684,0.063083716,0.08,1,1,11.0,11.0,22.0,11.0,1,5.660377358490567,6.308371909110224,11.96874926760079,11.0,1
3,1,Vivica A. Fox,Actor/Actress,22.0,0.0943,0.094464175,0.05,0,4,3.0,6.0,9.0,3.0,0,10.377358490566039,9.446417962874479,19.823776453440516,4.0,0
3,1,Willa Ford,Singer/Rapper,22.0,0.1002,0.10033518,0.05,0,5,3.0,1.0,4.0,1.0,0,10.377358490566039,10.033518491642406,20.410876982208443,3.0,0
3,2,Emmitt Smith,Athlete,24.0,0.0945,0.09716717,0.05,0,99,3.0,8.0,11.0,7.0,0,10.434782608695652,9.716717233201214,20.151499841896864,5.0,0
3,2,Harry Hamlin,Actor/Actress,21.0,0.1034,0.102974534,0.05,0,3,7.0,7.0,14.0,8.0,0,9.130434782608695,10.297453647138889,19.427888429747583,8.0,0
3,2,Jerry Springer,TV Personality,19.0,0.0927,0.09388756,0.05,0,7,10.0,9.0,19.0,10.0,1,8.26086956521739,9.38875622533015,17.64962579054754,9.0,0
3,2,Joey Lawrence,Actor/Actress,29.0,0.1049,0.104516186,0.05,0,99,1.0,6.0,7.0,1.0,0,12.608695652173912,10.451618850838853,23.060314503012766,1.0,0
3,2,Mario Lopez,Actor/Actress,21.0,0.104,0.10538547,0.05,0,99,7.0,3.0,10.0,6.0,0,9.130434782608695,10.538547252925135,19.66898203553383,7.0,0
3,2,Monique Coleman,Actor/Actress,26.0,0.1056,0.10517376,0.05,0,8,2.0,5.0,7.0,1.0,0,11.304347826086957,10.517376252417032,21.82172407850399,2.0,0
3,2,Sara Evans,Singer/Rapper,21.0,0.1079,0.10889795,0.05,0,98,7.0,1.0,8.0,5.0,0,9.130434782608695,10.889795261355086,20.02023004396378,6.0,0
3,2,Shanna Moakler,Model,22.0,0.0722,0.06807575,0.08,1,2,6.0,10.0,16.0,9.0,0,9.565217391304348,6.807575163381804,16.37279255468615,10.0,1
3,2,Vivica A. Fox,Actor/Actress,24.0,0.1055,0.105260886,0.05,0,4,3.0,4.0,7.0,1.0,0,10.434782608695652,10.526088852626133,20.960871461321787,3.0,0
3,2,Willa Ford,Singer/Rapper,23.0,0.1094,0.10866071,0.05,0,5,5.0,2.0,7.0,1.0,0,10.0,10.866071260785711,20.86607126078571,4.0,0
3,3,Emmitt Smith,Athlete,19.0,0.1072,0.10823403,0.05,0,99,9.0,7.0,16.0,8.0,1,9.178743961352657,10.823402123304426,20.002146084657085,8.0,0
3,3,Harry Hamlin,Actor/Actress,22.0,0.0892,0.083076596,0.08,1,3,4.0,9.0,13.0,7.0,0,10.628019323671497,8.307658927079627,18.935678250751124,9.0,1
3,3,Jerry Springer,TV Personality,21.0,0.1072,0.10645837,0.05,0,7,8.0,8.0,16.0,8.0,1,10.144927536231885,10.645836137687272,20.79076367391916,7.0,0
3,3,Joey Lawrence,Actor/Actress,22.0,0.1152,0.11202896,0.05,0,99,4.0,6.0,10.0,6.0,0,10.628019323671497,11.202895092565496,21.830914416236993,6.0,0
3,3,Mario Lopez,Actor/Actress,22.0,0.1094,0.113116965,0.05,0,99,4.0,5.0,9.0,5.0,0,10.628019323671497,11.311695583752657,21.939714907424154,5.0,0
3,3,Monique Coleman,Actor/Actress,27.0,0.1201,0.11795088,0.05,0,8,1.0,4.0,5.0,2.0,0,13.043478260869565,11.795087044597949,24.83856530546751,2.0,0
3,3,Sara Evans,Singer/Rapper,25.0,0.1214,0.11926394,0.05,0,98,3.0,2.0,5.0,2.0,0,12.077294685990339,11.926393033962164,24.003687719952502,3.0,0
3,3,Vivica A. Fox,Actor/Actress,27.0,0.1122,0.11904452,0.05,0,4,1.0,3.0,4.0,1.0,0,13.043478260869565,11.904451035739466,24.947929296609033,1.0,0
3,3,Willa Ford,Singer/Rapper,22.0,0.118,0.12082582,0.05,0,5,4.0,1.0,5.0,2.0,0,10.628019323671497,12.082581021310936,22.71060034498243,4.0,0
3,4,Emmitt Smith,Athlete,24.0,0.1248,0.12625152,0.05,0,99,4.0,6.0,10.0,6.0,0,12.121212121212121,12.625152820634936,24.746364941847055,5.0,0
3,4,Jerry Springer,TV Personality,22.0,0.1193,0.120975815,0.05,0,7,7.0,7.0,14.0,8.0,1,11.11111111111111,12.097582286342849,23.20869339745396,7.0,0
3,4,Joey Lawrence,Actor/Actress,27.0,0.1281,0.12759769,0.05,0,99,3.0,5.0,8.0,4.0,0,13.636363636363635,12.75976982938504,26.396133465748676,3.0,0
3,4,Mario Lopez,Actor/Actress,29.0,0.1225,0.12819488,0.05,0,99,1.0,4.0,5.0,2.0,0,14.646464646464647,12.819488833266776,27.465953479731425,2.0,0
3,4,Monique Coleman,Actor/Actress,24.0,0.1306,0.12981763,0.05,0,8,4.0,3.0,7.0,3.0,0,12.121212121212121,12.981763843814651,25.102975965026772,4.0,0
3,4,Sara Evans,Singer/Rapper,20.0,0.1382,0.13581085,0.05,0,98,8.0,1.0,9.0,5.0,0,10.1010101010101,13.581085882770585,23.682095983780684,6.0,0
3,4,Vivica A. Fox,Actor/Actress,24.0,0.0994,0.09742152,0.08,1,4,4.0,8.0,12.0,7.0,0,12.121212121212121,9.742152633239922,21.863364754452043,8.0,1
3,4,Willa Ford,Singer/Rapper,28.0,0.1372,0.13393003,0.05,0,5,2.0,2.0,4.0,1.0,0,14.14141414141414,13.393003870545254,27.534418011959396,1.0,0
3,5,Emmitt Smith,Athlete,27.0,0.1414,0.13754667,0.05,0,99,1.0,5.0,6.0,3.0,0,14.917127071823206,13.754667550186703,28.67179462200991,3.0,0
3,5,Jerry Springer,TV Personality,24.0,0.1414,0.13703834,0.05,0,7,6.0,6.0,12.0,7.0,1,13.259668508287293,13.703834548153381,26.963503056440672,7.0,1
3,5,Joey Lawrence,Actor/Actress,25.0,0.1501,0.14668562,0.05,0,99,5.0,4.0,9.0,5.0,0,13.812154696132598,14.668562586742501,28.480717282875098,4.0,0
3,5,Mario Lopez,Actor/Actress,27.0,0.1414,0.15857759,0.05,0,99,1.0,1.0,2.0,1.0,0,14.917127071823206,15.857759634310383,30.77488670613359,1.0,0
3,5,Monique Coleman,Actor/Actress,27.0,0.1509,0.1493843,0.05,0,8,1.0,2.0,3.0,2.0,0,14.917127071823206,14.938430597537222,29.85555766936043,2.0,0
3,5,Sara Evans,Singer/Rapper,24.0,0.1571,0.14871763,0.05,0,98,6.0,3.0,9.0,5.0,0,13.259668508287293,14.871763594870544,28.131432103157834,5.0,0
3,5,Willa Ford,Singer/Rapper,27.0,0.1177,0.12204981,0.08,1,5,1.0,7.0,8.0,4.0,0,14.917127071823206,12.204981488199259,27.122108560022465,6.0,0
3,6,Emmitt Smith,Athlete,25.0,0.1641,0.18177038,0.05,0,99,2.0,5.0,7.0,4.0,0,21.1864406779661,18.177038363540767,39.363479041506864,4.0,0
3,6,Jerry Springer,TV Personality,18.0,0.1971,0.19077551,0.05,0,7,5.0,4.0,9.0,5.0,1,15.254237288135593,19.07755138155103,34.331788669686624,5.0,1
3,6,Joey Lawrence,Actor/Actress,24.0,0.2063,0.20805416,0.05,0,99,3.0,2.0,5.0,2.0,0,20.33898305084746,20.805416416108326,41.14439946695579,2.0,0
3,6,Mario Lopez,Actor/Actress,28.0,0.212,0.20629783,0.05,0,99,1.0,3.0,4.0,1.0,0,23.728813559322035,20.629783412595668,44.358596971917706,1.0,0
3,6,Monique Coleman,Actor/Actress,23.0,0.2205,0.2131021,0.05,0,8,4.0,1.0,5.0,2.0,0,19.491525423728813,21.310210426204208,40.801735849933024,3.0,0
3,7,Emmitt Smith,Athlete,28.5,0.1904,0.19214925,0.05,0,99,1.0,4.0,5.0,3.0,0,21.11111111111111,19.21492384710457,40.32603495821568,4.0,0
3,7,Jerry Springer,TV Personality,23.0,0.1586,0.15989229,0.08,1,7,5.0,5.0,10.0,5.0,1,17.037037037037038,15.989228040646317,33.026265077683355,5.0,1
3,7,Joey Lawrence,Actor/Actress,28.5,0.2136,0.21389464,0.05,0,99,1.0,3.0,4.0,1.0,0,21.11111111111111,21.389462716632234,42.500573827743345,2.0,0
3,7,Mario Lopez,Actor/Actress,28.0,0.2146,0.21761274,0.05,0,99,3.0,1.0,4.0,1.0,0,20.74074074074074,21.761272694323637,42.50201343506438,1.0,0
3,7,Monique Coleman,Actor/Actress,27.0,0.2228,0.21645114,0.05,0,8,4.0,2.0,6.0,4.0,0,20.0,21.645112701293236,41.645112701293236,3.0,0
3,8,Emmitt Smith,Athlete,27.0,0.2525,0.248949,0.05,0,99,2.0,3.0,5.0,3.0,0,24.770642201834864,24.894901742643118,49.66554394447798,3.0,0
3,8,Joey Lawrence,Actor/Actress,27.0,0.265,0.26596433,0.05,0,99,2.0,2.0,4.0,2.0,0,24.770642201834864,26.59643486175044,51.3670770635853,2.0,0
3,8,Mario Lopez,Actor/Actress,28.5,0.2722,0.27637264,0.05,0,99,1.0,1.0,2.0,1.0,0,26.146788990825687,27.637265934608614,53.784054925434305,1.0,0
3,8,Monique Coleman,Actor/Actress,26.5,0.2103,0.20871396,0.08,1,8,4.0,4.0,8.0,4.0,1,24.31192660550459,20.87139746099782,45.18332406650241,4.0,1
3,9,Emmitt Smith,Athlete,29.5,0.2904,0.29596734,0.05,0,99,1.0,3.0,4.0,3.0,1,33.33333333333333,29.596733112098008,62.930066445431336,3.0,1
3,9,Joey Lawrence,Actor/Actress,29.5,0.3592,0.35623285,0.05,0,99,1.0,1.0,2.0,1.0,0,33.33333333333333,35.62328393130148,68.95661726463482,1.0,0
3,9,Mario Lopez,Actor/Actress,29.5,0.3504,0.34779984,0.05,0,99,1.0,2.0,3.0,2.0,0,33.33333333333333,34.77998295660051,68.11331628993383,2.0,0
3,10,Emmitt Smith,Athlete,29.666600000000003,,0.46290043,0.05,0,99,1.0,2.0,3.0,2.0,1,50.0,46.29004161129875,96.29004161129875,2.0,1
3,10,Mario Lopez,Actor/Actress,29.666600000000003,,0.5370996,0.05,0,99,1.0,1.0,2.0,1.0,0,50.0,53.70995838870125,103.70995838870125,1.0,0
4,1,Apolo Anton Ohno,Athlete,21.0,0.0922,0.091095656,0.05,0,99,3.0,6.0,9.0,4.0,0,10.194174757281553,9.10956568198609,19.303740439267642,4.0,0
4,1,Billy Ray Cyrus,Singer/Rapper,13.0,0.1059,0.10387297,0.05,0,8,11.0,1.0,12.0,6.0,0,6.310679611650485,10.387297093485673,16.697976705136156,10.0,0
4,1,Clyde Drexler,Athlete,16.0,0.0932,0.09036096,0.05,0,5,9.0,7.0,16.0,8.0,0,7.766990291262135,9.036096081324866,16.803086372587,8.0,0
4,1,Heather Mills,Model,18.0,0.0812,0.07993699,0.05,0,6,7.0,10.0,17.0,10.0,0,8.737864077669903,7.993699071943292,16.731563149613194,9.0,0
4,1,Ian Ziering,Actor/Actress,21.0,0.0987,0.09645895,0.05,0,9,3.0,4.0,7.0,2.0,0,10.194174757281553,9.645895086813056,19.840069844094607,3.0,0
4,1,Joey Fatone,Singer/Rapper,24.0,0.1043,0.10386169,0.05,0,99,1.0,2.0,3.0,1.0,0,11.650485436893204,10.386169093475523,22.03665453036873,1.0,0
4,1,John Ratzenberger,Actor/Actress,17.0,0.0989,0.09728057,0.05,0,7,8.0,3.0,11.0,5.0,0,8.25242718446602,9.728057087552514,17.980484272018536,5.0,0
4,1,Laila Ali,Athlete,23.0,0.0933,0.09199077,0.05,0,99,2.0,5.0,7.0,2.0,0,11.165048543689322,9.199077082791693,20.364125626481012,2.0,0
4,1,Leeza Gibbons,TV Personality,15.0,0.0861,0.08700327,0.05,0,4,10.0,8.0,18.0,11.0,1,7.281553398058252,8.700327078302942,15.981880476361194,11.0,1
4,1,Paulina Porizkova,Model,19.0,0.0823,0.08115367,0.05,0,2,5.0,9.0,14.0,7.0,0,9.223300970873787,8.115367073038303,17.33866804391209,6.0,0
4,1,Shandi Finnessey,Beauty Pagent,19.0,0.064,0.076984495,0.05,0,3,5.0,11.0,16.0,8.0,0,9.223300970873787,7.698449569286046,16.921750540159834,7.0,0
4,2,Apolo Anton Ohno,Athlete,26.0,0.0971,0.09285137,0.05,0,99,2.0,5.0,7.0,2.0,0,10.612244897959183,9.285136953574316,19.8973818515335,3.0,0
4,2,Billy Ray Cyrus,Singer/Rapper,21.0,0.1054,0.1063182,0.05,0,8,6.0,1.0,7.0,2.0,0,8.571428571428571,10.631819946840901,19.203248518269472,4.0,0
4,2,Clyde Drexler,Athlete,18.0,0.0903,0.09061469,0.05,0,5,11.0,7.0,18.0,10.0,0,7.346938775510205,9.061468954692655,16.40840773020286,9.0,0
4,2,Heather Mills,Model,24.0,0.0803,0.08386447,0.05,0,6,3.0,9.0,12.0,7.0,0,9.795918367346939,8.386446958067765,18.182365325414704,7.0,0
4,2,Ian Ziering,Actor/Actress,22.0,0.0969,0.09704724,0.05,0,9,5.0,4.0,9.0,5.0,0,8.979591836734693,9.704723951476382,18.684315788211073,5.0,0
4,2,Joey Fatone,Singer/Rapper,24.0,0.1006,0.1035273,0.05,0,99,3.0,2.0,5.0,1.0,0,9.795918367346939,10.352729948236352,20.14864831558329,2.0,0
4,2,John Ratzenberger,Actor/Actress,21.0,0.101,0.09814515,0.05,0,7,6.0,3.0,9.0,5.0,0,8.571428571428571,9.814514950927427,18.385943522355998,6.0,0
4,2,Laila Ali,Athlete,27.0,0.0958,0.09199459,0.05,0,99,1.0,6.0,7.0,2.0,0,11.020408163265307,9.199458954002706,20.219867117268013,1.0,0
4,2,Leeza Gibbons,TV Personality,21.0,0.0855,0.08808288,0.05,0,4,6.0,8.0,14.0,8.0,0,8.571428571428571,8.80828795595856,17.37971652738713,8.0,0
4,2,Paulina Porizkova,Model,21.0,0.0668,0.066082545,0.08,1,2,6.0,11.0,17.0,9.0,0,8.571428571428571,6.608254466958728,15.1796830383873,11.0,1
4,2,Shandi Finnessey,Beauty Pagent,20.0,0.0803,0.08147157,0.05,0,3,10.0,10.0,20.0,11.0,1,8.16326530612245,8.147156959264215,16.310422265386663,10.0,0
4,3,Apolo Anton Ohno,Athlete,23.0,0.1007,0.1011575,0.05,0,99,5.0,5.0,10.0,5.0,0,10.550458715596331,10.115751112732623,20.666209828328952,4.0,0
4,3,Billy Ray Cyrus,Singer/Rapper,21.0,0.1203,0.114239626,0.05,0,8,6.0,1.0,7.0,3.0,0,9.63302752293578,11.423963856636025,21.056991379571805,3.0,0
4,3,Clyde Drexler,Athlete,16.0,0.1001,0.099704124,0.05,0,5,10.0,7.0,17.0,10.0,1,7.339449541284404,9.970413496745484,17.30986303802989,9.0,0
4,3,Heather Mills,Model,24.0,0.0872,0.090773046,0.05,0,6,1.0,9.0,10.0,5.0,0,11.009174311926607,9.077305598503616,20.08647991043022,6.0,0
4,3,Ian Ziering,Actor/Actress,24.0,0.1064,0.10562024,0.05,0,9,1.0,4.0,5.0,2.0,0,11.009174311926607,10.562025161822767,21.571199473749374,2.0,0
4,3,Joey Fatone,Singer/Rapper,24.0,0.1128,0.11314308,0.05,0,99,1.0,2.0,3.0,1.0,0,11.009174311926607,11.314309244574016,22.323483556500623,1.0,0
4,3,John Ratzenberger,Actor/Actress,20.0,0.106,0.10725934,0.05,0,7,9.0,3.0,12.0,7.0,0,9.174311926605505,10.725935179852868,19.900247106458373,7.0,0
4,3,Laila Ali,Athlete,21.0,0.103,0.1005917,0.05,0,99,6.0,6.0,12.0,7.0,0,9.63302752293578,10.059171106508822,19.692198629444604,8.0,0
4,3,Leeza Gibbons,TV Personality,24.0,0.0908,0.096489154,0.05,0,4,1.0,8.0,9.0,4.0,0,11.009174311926607,9.64891646138081,20.658090773307418,5.0,0
4,3,Shandi Finnessey,Beauty Pagent,21.0,0.0726,0.07102208,0.08,1,3,6.0,10.0,16.0,9.0,0,9.63302752293578,7.102208781242966,16.73523630417875,10.0,1
4,4,Apolo Anton Ohno,Athlete,26.0,0.1089,0.11222927,0.05,0,99,2.0,5.0,7.0,3.0,0,13.684210526315791,11.222926326624423,24.907136852940212,2.0,0
4,4,Billy Ray Cyrus,Singer/Rapper,21.0,0.1289,0.12426541,0.05,0,8,5.0,1.0,6.0,2.0,0,11.052631578947368,12.426540254407588,23.479171833354954,4.0,0
4,4,Clyde Drexler,Athlete,15.0,0.1099,0.11015882,0.05,0,5,9.0,6.0,15.0,8.0,0,7.894736842105263,11.015881339047121,18.910618181152383,8.0,0
4,4,Heather Mills,Model,23.0,0.0999,0.10472464,0.05,0,6,4.0,8.0,12.0,6.0,0,12.105263157894736,10.4724633716522,22.577726529546936,5.0,0
4,4,Ian Ziering,Actor/Actress,24.0,0.1164,0.11450136,0.05,0,9,3.0,4.0,7.0,3.0,0,12.631578947368421,11.450135312991883,24.081714260360304,3.0,0
4,4,Joey Fatone,Singer/Rapper,28.0,0.1224,0.12374513,0.05,0,99,1.0,2.0,3.0,1.0,0,14.736842105263156,12.374512257529267,27.111354362792422,1.0,0
4,4,John Ratzenberger,Actor/Actress,16.0,0.117,0.11717949,0.05,0,7,7.0,3.0,10.0,5.0,0,8.421052631578947,11.717948296923103,20.13900092850205,7.0,0
4,4,Laila Ali,Athlete,21.0,0.1135,0.10964984,0.05,0,99,5.0,7.0,12.0,6.0,0,11.052631578947368,10.964983342101,22.01761492104837,6.0,0
4,4,Leeza Gibbons,TV Personality,16.0,0.0831,0.0835461,0.08,1,4,7.0,9.0,16.0,9.0,1,8.421052631578947,8.35460949872343,16.77566213030238,9.0,1
4,5,Apolo Anton Ohno,Athlete,30.0,0.1244,0.12565836,0.05,0,99,1.0,5.0,6.0,2.0,0,17.045454545454543,12.565835949736655,29.6112904951912,1.0,0
4,5,Billy Ray Cyrus,Singer/Rapper,17.0,0.136,0.1385943,0.05,0,8,7.0,2.0,9.0,5.0,0,9.659090909090908,13.859429944562281,23.51852085365319,5.0,0
4,5,Clyde Drexler,Athlete,13.0,0.0983,0.09642202,0.08,1,5,8.0,8.0,16.0,8.0,1,7.386363636363637,9.642201961431192,17.02856559779483,8.0,1
4,5,Heather Mills,Model,21.0,0.118,0.115514904,0.05,0,6,5.0,7.0,12.0,7.0,0,11.931818181818182,11.55149035379404,23.483308535612224,6.0,0
4,5,Ian Ziering,Actor/Actress,24.0,0.132,0.12831584,0.05,0,9,4.0,4.0,8.0,3.0,0,13.636363636363635,12.831583948673664,26.4679475850373,4.0,0
4,5,Joey Fatone,Singer/Rapper,25.0,0.1399,0.13874048,0.05,0,99,3.0,1.0,4.0,1.0,0,14.204545454545455,13.87404794450381,28.078593399049264,3.0,0
4,5,John Ratzenberger,Actor/Actress,18.0,0.1296,0.13183422,0.05,0,7,6.0,3.0,9.0,5.0,0,10.227272727272728,13.183421947266313,23.41069467453904,7.0,0
4,5,Laila Ali,Athlete,28.0,0.1217,0.12491988,0.05,0,99,2.0,6.0,8.0,3.0,0,15.909090909090908,12.49198795003205,28.401078859122958,2.0,0
4,6,Apolo Anton Ohno,Athlete,28.0,0.1436,0.14556554,0.05,0,99,1.0,5.0,6.0,2.0,0,16.470588235294116,14.556554582262182,31.027142817556296,2.0,0
4,6,Billy Ray Cyrus,Singer/Rapper,21.0,0.1568,0.15527962,0.05,0,8,6.0,1.0,7.0,3.0,0,12.352941176470589,15.527962621118505,27.88090379758909,5.0,0
4,6,Heather Mills,Model,23.0,0.1028,0.10314752,0.08,1,6,5.0,7.0,12.0,7.0,1,13.529411764705882,10.314752412590098,23.84416417729598,7.0,1
4,6,Ian Ziering,Actor/Actress,24.0,0.1443,0.14743382,0.05,0,9,4.0,4.0,8.0,5.0,0,14.117647058823529,14.743382589735301,28.86102964855883,4.0,0
4,6,Joey Fatone,Singer/Rapper,27.0,0.1577,0.15378927,0.05,0,99,3.0,2.0,5.0,1.0,0,15.88235294117647,15.378927615157103,31.261280556333574,1.0,0
4,6,John Ratzenberger,Actor/Actress,19.0,0.1499,0.15154159,0.05,0,7,7.0,3.0,10.0,6.0,0,11.176470588235295,15.154159606166385,26.330630194401678,6.0,0
4,6,Laila Ali,Athlete,28.0,0.1448,0.1432426,0.05,0,99,1.0,6.0,7.0,3.0,0,16.470588235294116,14.324260572970424,30.79484880826454,3.0,0
4,7,Apolo Anton Ohno,Athlete,27.0,0.1634,0.16557354,0.05,0,99,3.0,5.0,8.0,4.0,0,17.475728155339805,16.557354331147085,34.03308248648689,4.0,0
4,7,Billy Ray Cyrus,Singer/Rapper,19.0,0.1786,0.17752141,0.05,0,8,6.0,2.0,8.0,4.0,0,12.297734627831716,17.752141355042827,30.049875982874543,5.0,0
4,7,Ian Ziering,Actor/Actress,27.0,0.181,0.1737521,0.05,0,9,3.0,3.0,6.0,3.0,0,17.475728155339805,17.375210347504208,34.850938502844016,3.0,0
4,7,Joey Fatone,Singer/Rapper,29.5,0.1776,0.17973687,0.05,0,99,1.0,1.0,2.0,1.0,0,19.093851132686083,17.973687359473747,37.06753849215983,1.0,0
4,7,John Ratzenberger,Actor/Actress,22.5,0.1361,0.1365989,0.08,1,7,5.0,6.0,11.0,6.0,1,14.563106796116504,13.659890273197806,28.22299706931431,6.0,1
4,7,Laila Ali,Athlete,29.5,0.1634,0.16681716,0.05,0,99,1.0,4.0,5.0,2.0,0,19.093851132686083,16.681716333634327,35.77556746632041,2.0,0
4,8,Apolo Anton Ohno,Athlete,29.0,0.2022,0.19235054,0.05,0,99,1.0,4.0,5.0,2.0,0,23.107569721115535,19.235053038247347,42.34262275936288,2.0,0
4,8,Billy Ray Cyrus,Singer/Rapper,19.0,0.1684,0.17255566,0.08,1,8,5.0,5.0,10.0,5.0,1,15.139442231075698,17.255565137221744,32.39500736829744,5.0,1
4,8,Ian Ziering,Actor/Actress,23.5,0.2073,0.2088589,0.05,0,9,4.0,2.0,6.0,3.0,0,18.725099601593627,20.885888955705553,39.61098855729918,4.0,0
4,8,Joey Fatone,Singer/Rapper,27.5,0.22,0.22003591,0.05,0,99,2.0,1.0,3.0,1.0,0,21.91235059760956,22.003589899820508,43.91594049743007,1.0,0
4,8,Laila Ali,Athlete,26.5,0.2022,0.20619904,0.05,0,99,3.0,3.0,6.0,3.0,0,21.115537848605577,20.61990296900485,41.735440817610424,3.0,0
4,9,Apolo Anton Ohno,Athlete,29.5,0.253,0.24961968,0.05,0,99,3.0,3.0,6.0,3.0,0,24.894514767932492,24.96196700152132,49.85648176945381,3.0,0
4,9,Ian Ziering,Actor/Actress,29.0,0.2107,0.21325126,0.08,1,9,4.0,4.0,8.0,4.0,1,24.47257383966245,21.325125146994996,45.797698986657444,4.0,1
4,9,Joey Fatone,Singer/Rapper,30.0,0.2781,0.28104,0.05,0,99,1.0,1.0,2.0,1.0,0,25.31645569620253,28.10399887584005,53.42045457204258,1.0,0
4,9,Laila Ali,Athlete,30.0,0.2582,0.2560891,0.05,0,99,1.0,2.0,3.0,2.0,0,25.31645569620253,25.60890897564364,50.92536467184617,2.0,0
4,10,Apolo Anton Ohno,Athlete,29.3332,0.3442,0.33575332,0.05,0,99,1.0,2.0,3.0,1.0,0,33.976850076853665,33.5753299854802,67.55218006233386,2.0,0
4,10,Joey Fatone,Singer/Rapper,28.6665,0.3697,0.365771,0.05,0,99,2.0,1.0,3.0,1.0,0,33.204606818489815,36.57709780537413,69.78170462386394,1.0,0
4,10,Laila Ali,Athlete,28.333200000000005,0.2861,0.29847574,0.05,0,99,3.0,3.0,6.0,3.0,1,32.81854310465651,29.84757220914566,62.66611531380217,3.0,1
5,1,Albert Reed,Model,21.0,0.0718,0.07351877,0.05,0,2,5.0,10.0,15.0,10.0,0,8.171206225680933,7.351877147037543,15.523083372718476,10.0,0
5,1,Cameron Mathison,Actor/Actress,21.0,0.0878,0.08712185,0.05,0,8,5.0,7.0,12.0,6.0,0,8.171206225680933,8.712185174243704,16.883391399924637,6.0,0
5,1,Floyd Mayweather Jr. ,Athlete,18.0,0.0857,0.08166445,0.05,0,4,11.0,8.0,19.0,11.0,0,7.003891050583658,8.166445163328904,15.170336213912561,11.0,0
5,1,Helio Castroneves,Racing Driver,25.0,0.0717,0.070739955,0.05,0,99,2.0,11.0,13.0,7.0,0,9.72762645914397,7.073995641479913,16.80162210062388,7.0,0
5,1,Jane Seymour,Actor/Actress,24.0,0.0887,0.08882512,0.05,0,7,3.0,5.0,8.0,4.0,0,9.33852140077821,8.882512177650243,18.221033578428454,3.0,0
5,1,Jennie Garth,Actor/Actress,21.0,0.0879,0.08712663,0.05,0,9,5.0,6.0,11.0,5.0,0,8.171206225680933,8.712663174253263,16.8838693999342,5.0,0
5,1,Josie Maran,Model,16.0,0.0597,0.05811505,0.08,1,1,12.0,12.0,24.0,12.0,1,6.22568093385214,5.811505116230102,12.037186050082243,12.0,1
5,1,Marie Osmond,Singer/Rapper,21.0,0.0926,0.094285145,0.05,0,99,5.0,2.0,7.0,3.0,0,8.171206225680933,9.428514688570294,17.59972091425123,4.0,0
5,1,Mark Cuban,TV Personality,21.0,0.0786,0.07918178,0.05,0,5,5.0,9.0,14.0,9.0,0,8.171206225680933,7.918178158363563,16.089384384044497,9.0,0
5,1,Mel B,Singer/Rapper,24.0,0.0928,0.09578232,0.05,0,99,3.0,1.0,4.0,1.0,0,9.33852140077821,9.578232191564645,18.916753592342857,2.0,0
5,1,Sabrina Bryan,Actor/Actress,26.0,0.0885,0.09068861,0.05,0,6,1.0,4.0,5.0,2.0,0,10.116731517509727,9.068861181377224,19.18559269888695,1.0,0
5,1,Wayne Newton,Singer/Rapper,19.0,0.0943,0.0929503,0.05,0,3,10.0,3.0,13.0,7.0,0,7.392996108949417,9.295030185900604,16.68802629485002,8.0,0
5,2,Albert Reed,Model,21.0,0.0617,0.06300477,0.08,1,2,5.0,11.0,16.0,10.0,0,8.823529411764707,6.3004763384499824,15.124005750214689,11.0,1
5,2,Cameron Mathison,Actor/Actress,21.0,0.0925,0.093482286,0.05,0,8,5.0,6.0,11.0,6.0,0,8.823529411764707,9.348227618436097,18.1717570302008,7.0,0
5,2,Floyd Mayweather Jr. ,Athlete,21.0,0.0909,0.08863778,0.05,0,4,5.0,8.0,13.0,8.0,0,8.823529411764707,8.863777069303405,17.687306481068113,8.0,0
5,2,Helio Castroneves,Racing Driver,27.0,0.0771,0.07933714,0.05,0,99,1.0,10.0,11.0,6.0,0,11.344537815126051,7.933713166960116,19.278250982086167,4.0,0
5,2,Jane Seymour,Actor/Actress,21.0,0.0997,0.09660832,0.05,0,7,5.0,4.0,9.0,3.0,0,8.823529411764707,9.660830985612744,18.48436039737745,5.0,0
5,2,Jennie Garth,Actor/Actress,21.0,0.0938,0.093613654,0.05,0,9,5.0,5.0,10.0,5.0,0,8.823529411764707,9.361364417056734,18.18489382882144,6.0,0
5,2,Marie Osmond,Singer/Rapper,24.0,0.1047,0.102005385,0.05,0,99,3.0,2.0,5.0,1.0,0,10.084033613445378,10.200537428943568,20.284571042388947,1.0,0
5,2,Mark Cuban,TV Personality,18.0,0.0805,0.08516921,0.05,0,5,10.0,9.0,19.0,11.0,1,7.563025210084033,8.516920105723386,16.07994531580742,10.0,0
5,2,Mel B,Singer/Rapper,23.0,0.1036,0.103417106,0.05,0,99,4.0,1.0,5.0,1.0,0,9.663865546218489,10.341709514120497,20.005575060338984,3.0,0
5,2,Sabrina Bryan,Actor/Actress,26.0,0.0939,0.09329903,0.05,0,6,2.0,7.0,9.0,3.0,0,10.92436974789916,9.329902020360286,20.254271768259446,2.0,0
5,2,Wayne Newton,Singer/Rapper,15.0,0.1014,0.101425424,0.05,0,3,11.0,3.0,14.0,9.0,0,6.302521008403361,10.142541335033158,16.44506234343652,9.0,0
5,3,Cameron Mathison,Actor/Actress,23.0,0.1094,0.10275022,0.05,0,8,7.0,6.0,13.0,6.0,0,9.623430962343097,10.275021547899051,19.898452510242148,6.0,0
5,3,Floyd Mayweather Jr. ,Athlete,21.0,0.1011,0.097267784,0.05,0,4,8.0,7.0,15.0,7.0,0,8.786610878661087,9.726777972021768,18.513388850682855,8.0,0
5,3,Helio Castroneves,Racing Driver,24.0,0.0896,0.08680243,0.05,0,99,6.0,9.0,15.0,7.0,0,10.0418410041841,8.680242618069324,18.72208362225342,7.0,0
5,3,Jane Seymour,Actor/Actress,27.0,0.1091,0.10643588,0.05,0,7,1.0,3.0,4.0,2.0,0,11.297071129707113,10.643587531682147,21.94065866138926,3.0,0
5,3,Jennie Garth,Actor/Actress,26.0,0.1053,0.10501983,0.05,0,9,4.0,4.0,8.0,5.0,0,10.87866108786611,10.501982537912767,21.380643625778877,5.0,0
5,3,Marie Osmond,Singer/Rapper,26.0,0.1078,0.11524424,0.05,0,99,4.0,1.0,5.0,3.0,0,10.87866108786611,11.524423492925365,22.403084580791475,2.0,0
5,3,Mark Cuban,TV Personality,20.0,0.091,0.094036676,0.05,0,5,9.0,8.0,17.0,9.0,0,8.368200836820083,9.403667186238643,17.771868023058726,9.0,0
5,3,Mel B,Singer/Rapper,27.0,0.1105,0.11291141,0.05,0,99,1.0,2.0,3.0,1.0,0,11.297071129707113,11.291140503189817,22.58821163289693,1.0,0
5,3,Sabrina Bryan,Actor/Actress,27.0,0.1018,0.10279344,0.05,0,6,1.0,5.0,6.0,4.0,0,11.297071129707113,10.279343547708883,21.576414677415997,4.0,0
5,3,Wayne Newton,Singer/Rapper,18.0,0.0746,0.076738134,0.08,1,3,10.0,10.0,20.0,10.0,1,7.531380753138076,7.673813062352225,15.2051938154903,10.0,1
5,4,Cameron Mathison,Actor/Actress,27.0,0.1113,0.112678,0.05,0,8,2.0,6.0,8.0,5.0,0,11.538461538461538,11.267799943661002,22.80626148212254,6.0,0
5,4,Floyd Mayweather Jr. ,Athlete,23.0,0.0825,0.0829393,0.08,1,4,8.0,9.0,17.0,9.0,1,9.82905982905983,8.293929958530349,18.12298978759018,9.0,1
5,4,Helio Castroneves,Racing Driver,27.0,0.0991,0.09839782,0.05,0,99,2.0,8.0,10.0,7.0,0,11.538461538461538,9.839781950801092,21.37824348926263,7.0,0
5,4,Jane Seymour,Actor/Actress,26.0,0.1206,0.117050715,0.05,0,7,5.0,4.0,9.0,6.0,0,11.11111111111111,11.705071441474644,22.816182552585754,5.0,0
5,4,Jennie Garth,Actor/Actress,27.0,0.1141,0.11328374,0.05,0,9,2.0,5.0,7.0,3.0,0,11.538461538461538,11.32837394335813,22.86683548181967,4.0,0
5,4,Marie Osmond,Singer/Rapper,26.0,0.1215,0.1283124,0.05,0,99,5.0,1.0,6.0,2.0,0,11.11111111111111,12.831239935843799,23.94235104695491,2.0,0
5,4,Mark Cuban,TV Personality,22.0,0.1042,0.10439179,0.05,0,5,9.0,7.0,16.0,8.0,0,9.401709401709402,10.439178947804105,19.840888349513506,8.0,0
5,4,Mel B,Singer/Rapper,26.0,0.1286,0.12478024,0.05,0,99,5.0,2.0,7.0,3.0,0,11.11111111111111,12.47802393760988,23.58913504872099,3.0,0
5,4,Sabrina Bryan,Actor/Actress,30.0,0.1181,0.118166,0.05,0,6,1.0,3.0,4.0,1.0,0,12.82051282051282,11.816599940917,24.63711276142982,1.0,0
5,5,Cameron Mathison,Actor/Actress,26.0,0.1297,0.12996154,0.05,0,8,3.0,5.0,8.0,4.0,0,13.06532663316583,12.996155689500238,26.061482322666066,4.0,0
5,5,Helio Castroneves,Racing Driver,23.0,0.1077,0.1077094,0.05,0,99,6.0,7.0,13.0,7.0,0,11.557788944723619,10.770941400222382,22.328730344946003,7.0,0
5,5,Jane Seymour,Actor/Actress,26.0,0.1291,0.13207106,0.05,0,7,3.0,4.0,7.0,3.0,0,13.06532663316583,13.207107716924002,26.27243435008983,3.0,0
5,5,Jennie Garth,Actor/Actress,25.0,0.1283,0.12974484,0.05,0,9,5.0,6.0,11.0,6.0,0,12.562814070351758,12.97448568668314,25.537299757034898,5.0,0
5,5,Marie Osmond,Singer/Rapper,21.0,0.143,0.13937873,0.05,0,99,7.0,1.0,8.0,4.0,0,10.552763819095476,13.937874811923725,24.490638631019202,6.0,0
5,5,Mark Cuban,TV Personality,21.0,0.0897,0.09262965,0.08,1,5,7.0,8.0,15.0,8.0,1,10.552763819095476,9.262966204185606,19.815730023281084,8.0,1
5,5,Mel B,Singer/Rapper,29.0,0.1415,0.13434877,0.05,0,99,1.0,2.0,3.0,1.0,0,14.572864321608039,13.434878746534237,28.007743068142275,1.0,0
5,5,Sabrina Bryan,Actor/Actress,28.0,0.131,0.13415588,0.05,0,6,2.0,3.0,5.0,2.0,0,14.07035175879397,13.415589744026668,27.485941502820637,2.0,0
5,6,Cameron Mathison,Actor/Actress,25.0,0.1494,0.15042587,0.05,0,8,4.0,4.0,8.0,2.0,0,13.88888888888889,15.042585947018983,28.93147483590787,3.0,0
5,6,Helio Castroneves,Racing Driver,28.0,0.1315,0.1330237,0.05,0,99,2.0,6.0,8.0,2.0,0,15.555555555555555,13.302369068834164,28.857924624389717,4.0,0
5,6,Jane Seymour,Actor/Actress,22.0,0.1468,0.1509544,0.05,0,7,7.0,3.0,10.0,6.0,0,12.222222222222221,15.095438943319273,27.317661165541494,6.0,0
5,6,Jennie Garth,Actor/Actress,27.0,0.1458,0.14733689,0.05,0,9,3.0,5.0,8.0,2.0,0,15.0,14.733687968641842,29.733687968641842,2.0,0
5,6,Marie Osmond,Singer/Rapper,23.0,0.1601,0.15220614,0.05,0,99,6.0,2.0,8.0,2.0,0,12.777777777777777,15.220612934557092,27.998390712334867,5.0,0
5,6,Mel B,Singer/Rapper,30.0,0.1569,0.15706879,0.05,0,99,1.0,1.0,2.0,1.0,0,16.666666666666664,15.706877900518549,32.37354456718521,1.0,0
5,6,Sabrina Bryan,Actor/Actress,25.0,0.1095,0.10898428,0.08,1,6,4.0,7.0,11.0,7.0,1,13.88888888888889,10.898427237110093,24.787316125998984,7.0,1
5,7,Cameron Mathison,Actor/Actress,25.5,0.1712,0.17283331,0.05,0,8,5.0,4.0,9.0,5.0,0,16.346153846153847,17.2833299630002,33.629483809154046,4.0,0
5,7,Helio Castroneves,Racing Driver,26.0,0.1556,0.15669656,0.05,0,99,3.0,5.0,8.0,4.0,0,16.666666666666664,15.669655059820698,32.33632172648736,5.0,0
5,7,Jane Seymour,Actor/Actress,25.0,0.1296,0.13749129,0.08,1,7,6.0,6.0,12.0,6.0,1,16.025641025641026,13.749128175052308,29.774769200693335,6.0,1
5,7,Jennie Garth,Actor/Actress,26.5,0.1761,0.17370269,0.05,0,9,2.0,3.0,5.0,3.0,0,16.98717948717949,17.37026795778392,34.35744744496341,3.0,0
5,7,Marie Osmond,Singer/Rapper,26.0,0.1879,0.1805632,0.05,0,99,3.0,1.0,4.0,2.0,0,16.666666666666664,18.056318916620864,34.722985583287524,2.0,0
5,7,Mel B,Singer/Rapper,27.0,0.1795,0.17871301,0.05,0,99,1.0,2.0,3.0,1.0,0,17.307692307692307,17.871299927722003,35.17899223541431,1.0,0
5,8,Cameron Mathison,Actor/Actress,25.5,0.1603,0.16424698,0.08,1,8,3.0,5.0,8.0,5.0,1,19.39163498098859,16.424696686024266,35.81633166701286,5.0,1
5,8,Helio Castroneves,Racing Driver,28.5,0.1924,0.1915958,0.05,0,99,1.0,4.0,5.0,2.0,0,21.673003802281368,19.15957846723372,40.832582269515086,3.0,0
5,8,Jennie Garth,Actor/Actress,25.0,0.2066,0.20820652,0.05,0,9,4.0,3.0,7.0,4.0,0,19.011406844106464,20.820650334347977,39.83205717845444,4.0,0
5,8,Marie Osmond,Singer/Rapper,24.5,0.2186,0.22221453,0.05,0,99,5.0,1.0,6.0,3.0,0,18.631178707224336,22.221451222283903,40.85262992950824,2.0,0
5,8,Mel B,Singer/Rapper,28.0,0.2222,0.21373625,0.05,0,99,2.0,2.0,4.0,1.0,0,21.292775665399237,21.373623290110135,42.66639895550937,1.0,0
5,9,Helio Castroneves,Racing Driver,30.0,0.2403,0.23702194,0.05,0,99,1.0,3.0,4.0,2.0,0,25.64102564102564,23.702192814890356,49.343218455915995,3.0,0
5,9,Jennie Garth,Actor/Actress,29.0,0.2002,0.21329743,0.08,1,9,3.0,4.0,7.0,4.0,1,24.786324786324787,21.329741933512903,46.11606671983769,4.0,1
5,9,Marie Osmond,Singer/Rapper,28.0,0.2731,0.27245772,0.05,0,99,4.0,2.0,6.0,3.0,0,23.931623931623932,27.245770637711463,51.17739456933539,2.0,0
5,9,Mel B,Singer/Rapper,30.0,0.2865,0.27722296,0.05,0,99,1.0,1.0,2.0,1.0,0,25.64102564102564,27.722294613885268,53.3633202549109,1.0,0
5,10,Helio Castroneves,Racing Driver,27.999900000000004,0.2561,0.2594443,0.05,0,99,2.0,3.0,5.0,2.0,1,35.29409540280161,25.94443,61.23852540280161,3.0,1
5,10,Marie Osmond,Singer/Rapper,23.0,0.3684,0.36949947,0.05,0,99,3.0,2.0,5.0,2.0,1,28.99168190830813,36.949947,65.94162890830813,2.0,0
5,10,Mel B,Singer/Rapper,28.3332,0.3755,0.37105623,0.05,0,99,1.0,1.0,2.0,1.0,0,35.71422268889026,37.105623,72.81984568889027,1.0,0
6,1,Adam Carolla,Radio Personality,15.0,0.0706,0.07119654,0.05,0,4,11.0,11.0,22.0,11.0,1,6.172839506172839,7.1196538789658845,13.292493385138723,11.0,0
6,1,Cristian de la Fuente,Actor/Actress,21.0,0.0884,0.087411076,0.05,0,99,6.0,4.0,10.0,4.0,0,8.641975308641975,8.741107451401172,17.383082760043145,5.0,0
6,1,Jason Taylor,Athlete,22.0,0.0831,0.08189489,0.05,0,99,4.0,8.0,12.0,7.0,0,9.053497942386832,8.189488860778688,17.242986803165522,7.0,0
6,1,Kristi Yamaguchi,Athlete,27.0,0.0833,0.08048477,0.05,0,99,1.0,10.0,11.0,6.0,0,11.11111111111111,8.048476863175893,19.159587974287003,2.0,0
6,1,Mario,Singer/Rapper,24.0,0.092,0.094739325,0.05,0,8,2.0,1.0,3.0,1.0,0,9.876543209876543,9.47393233894315,19.350475548819695,1.0,0
6,1,Marissa Jaret Winokur,Actor/Actress,18.0,0.0884,0.086838014,0.05,0,9,8.0,7.0,15.0,9.0,0,7.4074074074074066,8.683801252375378,16.091208659782787,9.0,0
6,1,Marlee Matlin,Actor/Actress,22.0,0.0888,0.08762498,0.05,0,6,4.0,3.0,7.0,3.0,0,9.053497942386832,8.762497851037535,17.815995793424367,4.0,0
6,1,Monica Seles,Athlete,15.0,0.0838,0.081070006,0.05,0,2,11.0,9.0,20.0,10.0,0,6.172839506172839,8.107000462180991,14.27983996835383,10.0,0
6,1,Penn Jillette,Magician,16.0,0.0564,0.06503832,0.05,0,2,10.0,12.0,22.0,11.0,1,6.584362139917696,6.503831889434856,13.088194029352552,12.0,1
6,1,Priscilla Presley,Actor/Actress,24.0,0.0881,0.0891915,0.05,0,5,2.0,2.0,4.0,2.0,0,9.876543209876543,8.919149848374452,18.795693058250997,3.0,0
6,1,Shannon Elizabeth,Actor/Actress,21.0,0.0878,0.087411076,0.05,0,7,6.0,4.0,10.0,4.0,0,8.641975308641975,8.741107451401172,17.383082760043145,5.0,0
6,1,Steve Guttenberg,Actor/Actress,18.0,0.0894,0.08709952,0.05,0,3,8.0,6.0,14.0,8.0,0,7.4074074074074066,8.709951851930818,16.117359259338222,8.0,0
6,2,Adam Carolla,Radio Personality,19.0,0.0802,0.07843298,0.05,0,4,9.0,10.0,19.0,10.0,0,7.392996108949417,7.843297811760855,15.23629392071027,9.0,0
6,2,Cristian de la Fuente,Actor/Actress,20.0,0.0862,0.08975853,0.05,0,99,8.0,5.0,13.0,8.0,0,7.782101167315175,8.975852784579535,16.75795395189471,8.0,0
6,2,Jason Taylor,Athlete,27.0,0.0892,0.08627848,0.05,0,99,1.0,8.0,9.0,5.0,0,10.505836575875486,8.627847792931655,19.133684368807142,2.0,0
6,2,Kristi Yamaguchi,Athlete,27.0,0.0836,0.08127451,0.05,0,99,1.0,9.0,10.0,6.0,0,10.505836575875486,8.127450804941182,18.633287380816668,3.0,0
6,2,Mario,Singer/Rapper,26.0,0.093,0.09457067,0.05,0,8,3.0,1.0,4.0,1.0,0,10.116731517509727,9.4570667730304,19.573798290540125,1.0,0
6,2,Marissa Jaret Winokur,Actor/Actress,21.0,0.0838,0.08974926,0.05,0,9,6.0,6.0,12.0,7.0,0,8.171206225680933,8.974925784601782,17.146132010282713,7.0,0
6,2,Marlee Matlin,Actor/Actress,24.0,0.0876,0.09122588,0.05,0,6,4.0,3.0,7.0,2.0,0,9.33852140077821,9.122587781057895,18.461109181836107,4.0,0
6,2,Monica Seles,Athlete,15.0,0.0667,0.06418069,0.08,1,2,12.0,11.0,23.0,12.0,1,5.836575875486381,6.418068845966348,12.25464472145273,11.0,0
6,2,Penn Jillette,Magician,17.0,0.0574,0.053290714,0.08,1,2,10.0,12.0,22.0,11.0,0,6.614785992217899,5.329071272102291,11.94385726432019,12.0,1
6,2,Priscilla Presley,Actor/Actress,21.0,0.0912,0.09148255,0.05,0,5,6.0,2.0,8.0,3.0,0,8.171206225680933,9.148254780441887,17.319461006122822,6.0,0
6,2,Shannon Elizabeth,Actor/Actress,24.0,0.0893,0.09110485,0.05,0,7,4.0,4.0,8.0,3.0,0,9.33852140077821,9.110484781348367,18.449006182126578,5.0,0
6,2,Steve Guttenberg,Actor/Actress,16.0,0.0917,0.08865091,0.05,0,3,11.0,7.0,18.0,9.0,0,6.22568093385214,8.865090787237822,15.090771721089961,10.0,0
6,3,Adam Carolla,Radio Personality,21.0,0.0962,0.09348839,0.05,0,4,6.0,9.0,15.0,8.0,0,9.210526315789473,9.348839140232586,18.559365456022057,8.0,0
6,3,Cristian de la Fuente,Actor/Actress,25.0,0.1047,0.10498182,0.05,0,99,3.0,4.0,7.0,2.0,0,10.964912280701753,10.498182157472732,21.463094438174487,2.0,0
6,3,Jason Taylor,Athlete,23.0,0.0993,0.10020682,0.05,0,99,5.0,7.0,12.0,7.0,0,10.087719298245613,10.020682150310233,20.108401448555846,6.0,0
6,3,Kristi Yamaguchi,Athlete,27.0,0.0997,0.09491419,0.05,0,99,1.0,8.0,9.0,4.0,0,11.842105263157894,9.491419142371287,21.333524405529182,3.0,0
6,3,Mario,Singer/Rapper,21.0,0.113,0.11341735,0.05,0,8,6.0,1.0,7.0,2.0,0,9.210526315789473,11.341735170126027,20.5522614859155,5.0,0
6,3,Marissa Jaret Winokur,Actor/Actress,19.0,0.1012,0.101864815,0.05,0,9,10.0,6.0,16.0,9.0,1,8.333333333333332,10.186481652797225,18.519814986130555,9.0,0
6,3,Marlee Matlin,Actor/Actress,21.0,0.0998,0.10512449,0.05,0,6,6.0,3.0,9.0,4.0,0,9.210526315789473,10.512449157686737,19.72297547347621,7.0,0
6,3,Priscilla Presley,Actor/Actress,26.0,0.1059,0.10629545,0.05,0,5,2.0,2.0,4.0,1.0,0,11.403508771929824,10.629545159443179,22.033053931373004,1.0,0
6,3,Shannon Elizabeth,Actor/Actress,24.0,0.1003,0.10295832,0.05,0,7,4.0,5.0,9.0,4.0,0,10.526315789473683,10.295832154437482,20.822147943911165,4.0,0
6,3,Steve Guttenberg,Actor/Actress,21.0,0.08,0.07674834,0.08,1,3,6.0,10.0,16.0,9.0,1,9.210526315789473,7.674834115122511,16.885360430911984,10.0,1
6,4,Adam Carolla,Radio Personality,19.0,0.0793,0.07960112,0.08,1,4,9.0,9.0,18.0,9.0,1,8.444444444444445,7.960112167162355,16.4045566116068,9.0,1
6,4,Cristian de la Fuente,Actor/Actress,26.0,0.1152,0.11689165,0.05,0,99,4.0,3.0,7.0,2.0,0,11.555555555555555,11.68916524547247,23.244720801028024,4.0,0
6,4,Jason Taylor,Athlete,29.0,0.1137,0.111503,0.05,0,99,1.0,8.0,9.0,5.0,0,12.88888888888889,11.150300234156305,24.039189123045194,2.0,0
6,4,Kristi Yamaguchi,Athlete,29.0,0.1121,0.112833075,0.05,0,99,1.0,6.0,7.0,2.0,0,12.88888888888889,11.283307736949462,24.172196625838353,1.0,0
6,4,Mario,Singer/Rapper,24.0,0.123,0.120380744,0.05,0,8,5.0,1.0,6.0,1.0,0,10.666666666666668,12.038074652799567,22.704741319466237,5.0,0
6,4,Marissa Jaret Winokur,Actor/Actress,24.0,0.1148,0.11167624,0.05,0,9,5.0,7.0,12.0,8.0,0,10.666666666666668,11.167624234520108,21.834290901186776,7.0,0
6,4,Marlee Matlin,Actor/Actress,24.0,0.1146,0.11507367,0.05,0,6,5.0,5.0,10.0,6.0,0,10.666666666666668,11.507367241654713,22.17403390832138,6.0,0
6,4,Priscilla Presley,Actor/Actress,22.0,0.115,0.11689989,0.05,0,5,8.0,2.0,10.0,6.0,0,9.777777777777779,11.689989245489775,21.467767023267555,8.0,0
6,4,Shannon Elizabeth,Actor/Actress,28.0,0.1124,0.11514059,0.05,0,7,3.0,4.0,7.0,2.0,0,12.444444444444445,11.514059241795243,23.958503686239688,3.0,0
6,5,Cristian de la Fuente,Actor/Actress,23.0,0.1306,0.1288449,0.05,0,99,5.0,2.0,7.0,3.0,0,11.73469387755102,12.884490334996748,24.61918421254777,5.0,0
6,5,Jason Taylor,Athlete,27.0,0.1227,0.12677091,0.05,0,99,2.0,6.0,8.0,4.0,0,13.77551020408163,12.677091329604373,26.452601533686003,3.0,0
6,5,Kristi Yamaguchi,Athlete,29.0,0.1227,0.12678123,0.05,0,99,1.0,5.0,6.0,2.0,0,14.795918367346939,12.678123329631205,27.474041696978144,1.0,0
6,5,Mario,Singer/Rapper,27.0,0.1374,0.13373385,0.05,0,8,2.0,1.0,3.0,1.0,0,13.77551020408163,13.373385347708016,27.148895551789646,2.0,0
6,5,Marissa Jaret Winokur,Actor/Actress,24.0,0.1283,0.1262876,0.05,0,9,4.0,7.0,11.0,7.0,0,12.244897959183673,12.628760328347768,24.87365828753144,4.0,0
6,5,Marlee Matlin,Actor/Actress,22.0,0.1288,0.12853248,0.05,0,6,7.0,3.0,10.0,6.0,0,11.224489795918368,12.853248334184455,24.077738130102823,7.0,0
6,5,Priscilla Presley,Actor/Actress,21.0,0.1021,0.100538574,0.08,1,5,8.0,8.0,16.0,8.0,1,10.714285714285714,10.053857661400299,20.768143375686012,8.0,1
6,5,Shannon Elizabeth,Actor/Actress,23.0,0.1274,0.12851043,0.05,0,7,5.0,4.0,9.0,5.0,0,11.73469387755102,12.851043334127127,24.585737211678147,6.0,0
6,6,Cristian de la Fuente,Actor/Actress,27.0,0.1438,0.14921473,0.05,0,99,3.0,2.0,5.0,2.0,0,15.0,14.921473298429463,29.92147329842946,3.0,0
6,6,Jason Taylor,Athlete,24.0,0.1436,0.14229152,0.05,0,99,5.0,5.0,10.0,6.0,0,13.333333333333334,14.229152284583046,27.56248561791638,6.0,0
6,6,Kristi Yamaguchi,Athlete,30.0,0.1436,0.14192691,0.05,0,99,1.0,6.0,7.0,3.0,0,16.666666666666664,14.192691283853826,30.85935795052049,2.0,0
6,6,Mario,Singer/Rapper,28.0,0.1477,0.1546273,0.05,0,8,2.0,1.0,3.0,1.0,0,15.555555555555555,15.462730309254605,31.01828586481016,1.0,0
6,6,Marissa Jaret Winokur,Actor/Actress,26.0,0.1523,0.148824,0.05,0,9,4.0,4.0,8.0,4.0,0,14.444444444444443,14.882400297648008,29.32684474209245,4.0,0
6,6,Marlee Matlin,Actor/Actress,21.0,0.1196,0.11413055,0.08,1,6,7.0,7.0,14.0,7.0,1,11.666666666666666,11.413055228261104,23.079721894927772,7.0,1
6,6,Shannon Elizabeth,Actor/Actress,24.0,0.1495,0.14898497,0.05,0,7,5.0,3.0,8.0,4.0,0,13.333333333333334,14.898497297969945,28.23183063130328,5.0,0
6,7,Cristian de la Fuente,Actor/Actress,23.0,0.1768,0.17497757,0.05,0,99,6.0,2.0,8.0,5.0,0,14.886731391585762,17.49775525022448,32.38448664181024,5.0,0
6,7,Jason Taylor,Athlete,27.5,0.1638,0.167405,0.05,0,99,1.0,4.0,5.0,1.0,0,17.79935275080906,16.74049832595017,34.539851076759234,2.0,0
6,7,Kristi Yamaguchi,Athlete,27.0,0.1667,0.16349548,0.05,0,99,2.0,5.0,7.0,4.0,0,17.475728155339805,16.349546365045367,33.82527452038517,4.0,0
6,7,Mario,Singer/Rapper,25.5,0.1829,0.18406314,0.05,0,8,4.0,1.0,5.0,1.0,0,16.50485436893204,18.406312159368785,34.911166528300825,1.0,0
6,7,Marissa Jaret Winokur,Actor/Actress,26.0,0.1734,0.17237513,0.05,0,9,3.0,3.0,6.0,3.0,0,16.828478964401295,17.237511276248874,34.065990240650166,3.0,0
6,7,Shannon Elizabeth,Actor/Actress,25.5,0.1364,0.13768378,0.08,1,7,4.0,6.0,10.0,6.0,1,16.50485436893204,13.76837662316234,30.27323099209438,6.0,1
6,8,Cristian de la Fuente,Actor/Actress,28.5,0.2137,0.20945781,0.05,0,99,1.0,1.0,2.0,1.0,0,21.34831460674157,20.945782047289104,42.294096654030675,1.0,0
6,8,Jason Taylor,Athlete,26.0,0.2049,0.20791379,0.05,0,99,4.0,3.0,7.0,3.0,0,19.475655430711612,20.791380039569006,40.26703547028062,3.0,0
6,8,Kristi Yamaguchi,Athlete,27.5,0.2049,0.20182304,0.05,0,99,2.0,4.0,6.0,2.0,0,20.59925093632959,20.182305009115254,40.78155594544484,2.0,0
6,8,Mario,Singer/Rapper,26.5,0.1707,0.17163266,0.08,1,8,3.0,5.0,8.0,5.0,1,19.850187265917604,17.163266858163347,37.01345412408095,5.0,1
6,8,Marissa Jaret Winokur,Actor/Actress,25.0,0.2057,0.20917265,0.05,0,9,5.0,2.0,7.0,3.0,0,18.726591760299627,20.917266045863304,39.64385780616293,4.0,0
6,9,Cristian de la Fuente,Actor/Actress,28.0,0.2751,0.27247512,0.05,0,99,2.0,1.0,3.0,1.0,0,25.454545454545453,27.247513089900526,52.702058544445975,1.0,0
6,9,Jason Taylor,Athlete,27.5,0.2521,0.2518151,0.05,0,99,3.0,3.0,6.0,3.0,0,25.0,25.181511007260443,50.18151100726044,3.0,0
6,9,Kristi Yamaguchi,Athlete,28.5,0.2627,0.26408714,0.05,0,99,1.0,2.0,3.0,1.0,0,25.90909090909091,26.4087150563486,52.31780596543951,2.0,0
6,9,Marissa Jaret Winokur,Actor/Actress,26.0,0.21,0.2116226,0.08,1,9,4.0,4.0,8.0,4.0,1,23.636363636363637,21.162260846490433,44.798624482854066,4.0,1
6,10,Cristian de la Fuente,Actor/Actress,26.0,0.3738,0.35495344,0.05,0,99,3.0,1.0,4.0,1.0,1,30.76923076923077,35.495344,66.26457476923078,2.0,0
6,10,Jason Taylor,Athlete,28.5,0.3488,0.34056994,0.05,0,99,2.0,2.0,4.0,1.0,1,33.72781065088758,34.056994,67.78480465088758,1.0,0
6,10,Kristi Yamaguchi,Athlete,30.0,0.2774,0.30447662,0.05,0,99,1.0,3.0,4.0,1.0,1,35.50295857988166,30.447661999999998,65.95062057988166,3.0,1
7,1,Brooke Burke,TV Personality,24.5,0.0749,0.07506107,0.05,0,99,1.0,9.0,10.0,4.0,0,9.722222222222223,7.506106534621396,17.22832875684362,3.0,0
7,1,Cloris Leachman,Actor/Actress,16.0,0.0822,0.08357979,0.05,0,6,12.0,4.0,16.0,9.0,0,6.349206349206349,8.357978481805336,14.707184831011684,10.0,0
7,1,Cody Linley,Actor/Actress,20.5,0.0818,0.084402904,0.05,0,9,6.0,3.0,9.0,3.0,0,8.134920634920634,8.44028987670203,16.575210511622664,4.0,0
7,1,Jeffrey Ross,Comedian,12.0,0.0595,0.055082504,0.08,1,1,13.0,13.0,26.0,13.0,1,4.761904761904762,5.508250058488497,10.270154820393259,13.0,1
7,1,Kim Kardashian,TV Personality,18.5,0.0749,0.07389408,0.05,0,2,8.0,11.0,19.0,10.0,0,7.341269841269842,7.389407541856734,14.730677383126576,9.0,0
7,1,Lance Bass,Singer/Rapper,21.5,0.0875,0.09041815,0.05,0,99,3.0,1.0,4.0,1.0,0,8.531746031746032,9.041814439407506,17.573560471153538,2.0,0
7,1,Maurice Greene,Athlete,19.5,0.0767,0.07610443,0.05,0,8,7.0,8.0,15.0,8.0,0,7.738095238095238,7.610442528152565,15.348537766247803,8.0,0
7,1,Misty May-Treanor,Athlete,21.0,0.0782,0.07880886,0.05,0,98,5.0,6.0,11.0,6.0,0,8.333333333333332,7.8808855113851,16.21421884471843,5.0,0
7,1,Rocco DiSpirito,TV Personality,17.5,0.0749,0.0742716,0.05,0,4,11.0,10.0,21.0,12.0,0,6.944444444444445,7.42715953951611,14.371603983960554,11.0,0
7,1,Susan Lucci,Actor/Actress,18.5,0.0823,0.082178414,0.05,0,7,8.0,5.0,13.0,7.0,0,7.341269841269842,8.217840890493868,15.55911073176371,7.0,0
7,1,Ted McGinley,Actor/Actress,18.5,0.0623,0.05957808,0.08,1,1,8.0,12.0,20.0,11.0,0,7.341269841269842,5.957807630615928,13.29907747188577,12.0,0
7,1,Toni Braxton,Singer/Rapper,22.5,0.0873,0.08986325,0.05,0,5,2.0,2.0,4.0,1.0,0,8.928571428571429,8.986324442847888,17.91489587141932,1.0,0
7,1,Warren Sapp,Athlete,21.5,0.0775,0.07675693,0.05,0,99,3.0,7.0,10.0,4.0,0,8.531746031746032,7.675692524107065,16.207438555853095,6.0,0
7,2,Brooke Burke,TV Personality,24.0,0.0878,0.08522518,0.05,0,99,1.0,10.0,11.0,6.0,0,10.85972850678733,8.522517650576775,19.382246157364108,3.0,0
7,2,Cloris Leachman,Actor/Actress,15.0,0.0943,0.09840776,0.05,0,6,11.0,3.0,14.0,8.0,0,6.787330316742081,9.8407755965282,16.628105913270282,9.0,0
7,2,Cody Linley,Actor/Actress,21.0,0.0939,0.095809706,0.05,0,9,4.0,5.0,9.0,5.0,0,9.502262443438914,9.58097020718022,19.083232650619134,6.0,0
7,2,Kim Kardashian,TV Personality,17.0,0.0672,0.06683237,0.08,1,2,9.0,11.0,20.0,11.0,1,7.6923076923076925,6.683236725987294,14.375544418294986,11.0,1
7,2,Lance Bass,Singer/Rapper,20.0,0.0994,0.10307531,0.05,0,99,7.0,1.0,8.0,3.0,0,9.049773755656108,10.307530577391246,19.357304333047352,4.0,0
7,2,Maurice Greene,Athlete,19.0,0.0887,0.08662841,0.05,0,8,8.0,8.0,16.0,9.0,0,8.597285067873303,8.662840644823532,17.260125712696833,8.0,0
7,2,Misty May-Treanor,Athlete,21.0,0.093,0.089326195,0.05,0,98,4.0,7.0,11.0,6.0,0,9.502262443438914,8.932619133762614,18.43488157720153,7.0,0
7,2,Rocco DiSpirito,TV Personality,16.0,0.0828,0.08628847,0.05,0,4,10.0,9.0,19.0,10.0,0,7.239819004524888,8.628846646217287,15.868665650742175,10.0,0
7,2,Susan Lucci,Actor/Actress,21.0,0.0995,0.09651733,0.05,0,7,4.0,4.0,8.0,3.0,0,9.502262443438914,9.651732604278962,19.153995047717878,5.0,0
7,2,Toni Braxton,Singer/Rapper,23.0,0.1018,0.10133461,0.05,0,5,3.0,2.0,5.0,1.0,0,10.407239819004525,10.133460584528116,20.54070040353264,1.0,0
7,2,Warren Sapp,Athlete,24.0,0.0917,0.0905547,0.05,0,99,1.0,6.0,7.0,2.0,0,10.85972850678733,9.055469628725744,19.915198135513073,2.0,0
7,3,Brooke Burke,TV Personality,28.0,0.1043,0.10613448,0.05,0,99,1.0,6.0,7.0,3.0,0,14.07035175879397,10.61344794693276,24.68379970572673,1.0,0
7,3,Cloris Leachman,Actor/Actress,16.0,0.119,0.11606472,0.05,0,6,9.0,3.0,12.0,8.0,0,8.040201005025125,11.60647194196764,19.646672946992766,9.0,1
7,3,Cody Linley,Actor/Actress,21.0,0.1098,0.11106926,0.05,0,9,6.0,4.0,10.0,4.0,0,10.552763819095476,11.10692594446537,21.65968976356085,6.0,0
7,3,Lance Bass,Singer/Rapper,22.0,0.1248,0.12093534,0.05,0,99,4.0,2.0,6.0,2.0,0,11.055276381909549,12.09353393953233,23.14881032144188,3.0,0
7,3,Maurice Greene,Athlete,24.0,0.1053,0.105974175,0.05,0,8,3.0,7.0,10.0,4.0,0,12.060301507537687,10.597417447012914,22.657718954550603,5.0,0
7,3,Rocco DiSpirito,TV Personality,20.0,0.108,0.10374677,0.05,0,4,8.0,9.0,17.0,9.0,1,10.050251256281408,10.374676948126616,20.424928204408026,8.0,0
7,3,Susan Lucci,Actor/Actress,21.0,0.1208,0.11051776,0.05,0,7,6.0,5.0,11.0,7.0,0,10.552763819095476,11.051775944741122,21.6045397638366,7.0,0
7,3,Toni Braxton,Singer/Rapper,22.0,0.122,0.12120141,0.05,0,5,4.0,1.0,5.0,1.0,0,11.055276381909549,12.120140939399295,23.175417321308842,2.0,0
7,3,Warren Sapp,Athlete,25.0,0.0859,0.10435609,0.05,0,99,2.0,8.0,10.0,4.0,0,12.562814070351758,10.435608947821956,22.998423018173714,4.0,0
7,4,Brooke Burke,TV Personality,26.0,0.1069,0.11042717,0.05,0,99,1.0,6.0,7.0,2.0,0,12.807881773399016,11.04271766256306,23.850599435962074,2.0,0
7,4,Cloris Leachman,Actor/Actress,22.0,0.1197,0.11727274,0.05,0,6,5.0,3.0,8.0,5.0,0,10.83743842364532,11.727274703636482,22.564713127281802,6.0,0
7,4,Cody Linley,Actor/Actress,23.0,0.1143,0.11422581,0.05,0,9,4.0,5.0,9.0,6.0,0,11.330049261083744,11.422581685354901,22.752630946438643,5.0,0
7,4,Lance Bass,Singer/Rapper,26.0,0.1227,0.1233222,0.05,0,99,1.0,1.0,2.0,1.0,0,12.807881773399016,12.332220739933245,25.14010251333226,1.0,0
7,4,Maurice Greene,Athlete,20.0,0.111,0.10756493,0.05,0,8,8.0,8.0,16.0,8.0,0,9.852216748768473,10.756493645389618,20.60871039415809,8.0,0
7,4,Rocco DiSpirito,TV Personality,18.0,0.0867,0.08255533,0.08,1,4,9.0,9.0,18.0,9.0,1,8.866995073891626,8.25553349533201,17.122528569223636,9.0,1
7,4,Susan Lucci,Actor/Actress,24.0,0.118,0.1157751,0.05,0,7,3.0,4.0,7.0,2.0,0,11.822660098522167,11.577510694650641,23.40017079317281,3.0,0
7,4,Toni Braxton,Singer/Rapper,22.0,0.1166,0.12008254,0.05,0,5,5.0,2.0,7.0,2.0,0,10.83743842364532,12.008254720495284,22.845693144140604,4.0,0
7,4,Warren Sapp,Athlete,22.0,0.1042,0.10877412,0.05,0,99,5.0,7.0,12.0,7.0,0,10.83743842364532,10.87741265264476,21.71485107629008,7.0,0
7,5,Brooke Burke,TV Personality,29.0,0.1229,0.12080585,0.05,0,99,1.0,7.0,8.0,2.0,0,14.871794871794872,12.080585060402925,26.952379932197797,2.0,0
7,5,Cloris Leachman,Actor/Actress,21.0,0.1267,0.12873481,0.05,0,6,7.0,4.0,11.0,7.0,0,10.76923076923077,12.873481064367406,23.642711833598177,7.0,0
7,5,Cody Linley,Actor/Actress,28.0,0.1272,0.1302624,0.05,0,9,2.0,2.0,4.0,1.0,0,14.358974358974358,13.026240065131201,27.38521442410556,1.0,0
7,5,Lance Bass,Singer/Rapper,21.0,0.1421,0.13981701,0.05,0,99,7.0,1.0,8.0,2.0,0,10.76923076923077,13.981701069908503,24.750931839139273,5.0,0
7,5,Maurice Greene,Athlete,27.0,0.1229,0.12533596,0.05,0,8,3.0,5.0,8.0,2.0,0,13.846153846153847,12.533596062667979,26.379749908821825,3.0,0
7,5,Susan Lucci,Actor/Actress,22.0,0.133,0.129856,0.05,0,7,5.0,3.0,8.0,2.0,0,11.282051282051283,12.985600064927999,24.26765134697928,6.0,0
7,5,Toni Braxton,Singer/Rapper,22.0,0.1023,0.103377275,0.08,1,5,5.0,8.0,13.0,8.0,1,11.282051282051283,10.337727551688639,21.61977883373992,8.0,1
7,5,Warren Sapp,Athlete,25.0,0.1229,0.12181069,0.05,0,99,4.0,6.0,10.0,6.0,0,12.82051282051282,12.181069060905344,25.00158188141816,4.0,0
7,6,Brooke Burke,TV Personality,26.0,0.1397,0.13904898,0.05,0,99,2.0,6.0,8.0,4.0,0,16.25,13.904898625720435,30.154898625720435,2.0,0
7,6,Cloris Leachman,Actor/Actress,15.0,0.1164,0.118866205,0.08,1,6,7.0,7.0,14.0,7.0,1,9.375,11.886621034897946,21.261621034897946,7.0,1
7,6,Cody Linley,Actor/Actress,23.0,0.1491,0.15127836,0.05,0,9,4.0,3.0,7.0,3.0,0,14.374999999999998,15.12783668075265,29.502836680752647,5.0,0
7,6,Lance Bass,Singer/Rapper,27.0,0.1624,0.15766594,0.05,0,99,1.0,1.0,2.0,1.0,0,16.875,15.766594709496761,32.64159470949676,1.0,0
7,6,Maurice Greene,Athlete,21.0,0.1397,0.14127405,0.05,0,8,6.0,4.0,10.0,6.0,0,13.125,14.127405635733254,27.252405635733254,6.0,0
7,6,Susan Lucci,Actor/Actress,23.0,0.1497,0.15195705,0.05,0,7,4.0,2.0,6.0,2.0,0,14.374999999999998,15.195705683806757,29.570705683806757,4.0,0
7,6,Warren Sapp,Athlete,25.0,0.143,0.13990937,0.05,0,99,3.0,5.0,8.0,4.0,0,15.625,13.990937629592192,29.615937629592192,3.0,0
7,7,Brooke Burke,TV Personality,30.0,0.1657,0.16486083,0.05,0,99,1.0,5.0,6.0,3.0,0,20.408163265306122,16.486082505417528,36.89424577072365,1.0,0
7,7,Cody Linley,Actor/Actress,22.0,0.1759,0.17408313,0.05,0,9,5.0,2.0,7.0,4.0,0,14.965986394557824,17.408312477750627,32.37429887230845,4.0,0
7,7,Lance Bass,Singer/Rapper,25.0,0.1892,0.1878096,0.05,0,99,2.0,1.0,3.0,1.0,0,17.006802721088434,18.780959436571216,35.78776215765965,2.0,0
7,7,Maurice Greene,Athlete,25.0,0.1657,0.16758862,0.05,0,8,2.0,3.0,5.0,2.0,0,17.006802721088434,16.758861497234154,33.765664218322584,3.0,0
7,7,Susan Lucci,Actor/Actress,24.0,0.138,0.13968788,0.08,1,7,4.0,6.0,10.0,5.0,1,16.3265306122449,13.96878758093637,30.295318193181267,6.0,1
7,7,Warren Sapp,Athlete,21.0,0.1657,0.16596997,0.05,0,99,6.0,4.0,10.0,5.0,1,14.285714285714285,16.596996502090104,30.88271078780439,5.0,0
7,8,Brooke Burke,TV Personality,27.5,0.1919,0.20189099,0.05,0,99,1.0,4.0,5.0,3.0,0,21.568627450980394,20.18909960567299,41.75772705665338,2.0,0
7,8,Cody Linley,Actor/Actress,24.0,0.21,0.20861672,0.05,0,9,4.0,3.0,7.0,4.0,0,18.823529411764707,20.86167262585018,39.685202037614886,4.0,0
7,8,Lance Bass,Singer/Rapper,25.0,0.2244,0.21762976,0.05,0,99,3.0,1.0,4.0,1.0,0,19.607843137254903,21.7629766528893,41.3708197901442,3.0,0
7,8,Maurice Greene,Athlete,24.0,0.1598,0.16091247,0.08,1,8,4.0,5.0,9.0,5.0,1,18.823529411764707,16.091247482737426,34.91477689450213,5.0,1
7,8,Warren Sapp,Athlete,27.0,0.2138,0.21095003,0.05,0,99,2.0,2.0,4.0,1.0,0,21.176470588235293,21.095003632850112,42.271474221085406,1.0,0
7,9,Brooke Burke,TV Personality,24.5,0.2548,0.24532418,0.05,0,99,2.0,3.0,5.0,3.0,0,24.378109452736318,24.532416773379158,48.91052622611548,3.0,0
7,9,Cody Linley,Actor/Actress,23.0,0.2071,0.2122215,0.08,1,9,4.0,4.0,8.0,4.0,1,22.885572139303484,21.222148938892552,44.107721078196036,4.0,1
7,9,Lance Bass,Singer/Rapper,28.5,0.28,0.28572524,0.05,0,99,1.0,1.0,2.0,1.0,0,28.35820895522388,28.572522571373867,56.93073152659775,1.0,0
7,9,Warren Sapp,Athlete,24.5,0.2581,0.25672913,0.05,0,99,2.0,2.0,4.0,2.0,0,24.378109452736318,25.672911716354413,50.05102116909073,2.0,0
7,10,Brooke Burke,TV Personality,30.0,0.2581,0.27813768,0.05,0,99,1.0,3.0,4.0,2.0,1,35.294117647058826,27.813769946963895,63.10788759402272,3.0,1
7,10,Lance Bass,Singer/Rapper,27.5,0.3903,0.41311395,0.05,0,99,2.0,1.0,3.0,1.0,0,32.35294117647059,41.31139789179785,73.66433906826845,1.0,0
7,10,Warren Sapp,Athlete,27.5,0.3515,0.3087483,0.05,0,99,2.0,2.0,4.0,2.0,1,32.35294117647059,30.874832161238245,63.22777333770883,2.0,0
8,1,Belinda Carlisle,Singer/Rapper,17.0,0.087,0.086429216,0.05,0,2,9.0,2.0,11.0,5.0,0,6.995884773662551,8.642921375284045,15.638806148946596,7.0,0
8,1,Chuck Wicks,Singer/Rapper,20.0,0.0858,0.0874981,0.05,0,8,5.0,1.0,6.0,2.0,0,8.23045267489712,8.749809772504946,16.980262447402065,4.0,0
8,1,David Alan Grier,Actor/Actress,19.0,0.0806,0.08011693,0.05,0,5,6.0,5.0,11.0,5.0,0,7.818930041152264,8.011692791695989,15.830622832848253,6.0,0
8,1,Denise Richards,Actor/Actress,18.0,0.0799,0.0800739,0.05,0,3,7.0,6.0,13.0,8.0,0,7.4074074074074066,8.007389791807865,15.414797199215272,8.0,0
8,1,Gilles Marini,Actor/Actress,24.0,0.0805,0.08023467,0.05,0,99,1.0,4.0,5.0,1.0,0,9.876543209876543,8.023466791389863,17.900010001266406,1.0,0
8,1,Holly Madison,TV Personality,18.0,0.0726,0.07187993,0.05,0,4,7.0,11.0,18.0,9.0,0,7.4074074074074066,7.187992813112187,14.595400220519593,9.0,0
8,1,Lawrence Taylor,Athlete,16.0,0.0757,0.075639464,0.05,0,7,11.0,8.0,19.0,10.0,0,6.584362139917696,7.5639462033374,14.148308343255096,10.0,0
8,1,Lil' Kim,Singer/Rapper,21.0,0.0849,0.085997276,0.05,0,9,4.0,3.0,7.0,3.0,0,8.641975308641975,8.599727376407088,17.241702685049063,2.0,0
8,1,Melissa Rycroft,TV Personality,23.0,0.0712,0.071915045,0.05,0,99,2.0,10.0,12.0,7.0,0,9.465020576131687,7.191504313020888,16.656524889152575,5.0,0
8,1,Shawn Johnson,Athlete,23.0,0.0775,0.07603503,0.05,0,99,2.0,7.0,9.0,4.0,0,9.465020576131687,7.603502802308928,17.068523378440617,3.0,0
8,1,Steve Wozniak,Entrepreneur,13.0,0.0526,0.058268335,0.05,0,4,13.0,13.0,26.0,13.0,1,5.349794238683128,5.826833348502333,11.176627587185461,13.0,1
8,1,Steve-O,TV Personality,17.0,0.0735,0.07095955,0.05,0,6,9.0,12.0,21.0,11.0,0,6.995884773662551,7.095954815505174,14.091839589167726,11.0,0
8,1,Ty Murray,Athlete,14.0,0.0782,0.07495258,0.05,0,10,12.0,9.0,21.0,11.0,0,5.761316872427984,7.495257805123298,13.256574677551281,12.0,0
8,2,Belinda Carlisle,Singer/Rapper,18.0,0.0606,0.06266041,0.08,1,2,9.0,13.0,22.0,11.0,0,6.7924528301886795,6.266040580175279,13.058493410363958,12.0,0
8,2,Chuck Wicks,Singer/Rapper,20.0,0.0861,0.087877914,0.05,0,8,6.0,1.0,7.0,3.0,0,7.547169811320755,8.787790811218015,16.33496062253877,5.0,0
8,2,David Alan Grier,Actor/Actress,17.0,0.0788,0.081164405,0.05,0,5,11.0,4.0,15.0,9.0,0,6.415094339622642,8.116439956198521,14.531534295821164,9.0,0
8,2,Denise Richards,Actor/Actress,21.0,0.0854,0.08133761,0.05,0,3,5.0,3.0,8.0,4.0,0,7.9245283018867925,8.133760455038049,16.058288756924842,6.0,0
8,2,Gilles Marini,Actor/Actress,27.0,0.0816,0.080850214,0.05,0,99,1.0,5.0,6.0,1.0,0,10.18867924528302,8.0850208583036,18.27370010358662,1.0,0
8,2,Holly Madison,TV Personality,18.0,0.0728,0.073513106,0.05,0,4,9.0,9.0,18.0,10.0,0,6.7924528301886795,7.351310107462221,14.143762937650902,10.0,0
8,2,Lawrence Taylor,Athlete,20.0,0.0728,0.07675182,0.05,0,7,6.0,7.0,13.0,7.0,0,7.547169811320755,7.675181485762838,15.222351297083593,7.0,0
8,2,Lil' Kim,Singer/Rapper,23.0,0.0854,0.087877564,0.05,0,9,4.0,2.0,6.0,1.0,0,8.679245283018867,8.787755811220359,17.467001094239226,2.0,0
8,2,Melissa Rycroft,TV Personality,26.0,0.0728,0.07313231,0.05,0,99,2.0,10.0,12.0,6.0,0,9.811320754716983,7.313230510013555,17.12455126473054,3.0,0
8,2,Shawn Johnson,Athlete,24.0,0.0778,0.07701057,0.05,0,99,3.0,6.0,9.0,5.0,0,9.056603773584905,7.701056484029214,16.75766025761412,4.0,0
8,2,Steve Wozniak,Entrepreneur,17.0,0.0728,0.06870489,0.05,0,4,11.0,12.0,23.0,12.0,0,6.415094339622642,6.870488539677266,13.285582879299909,11.0,0
8,2,Steve-O,TV Personality,14.0,0.0728,0.072794184,0.05,0,6,13.0,11.0,24.0,13.0,1,5.283018867924529,7.279417912278999,12.562436780203527,13.0,1
8,2,Ty Murray,Athlete,20.0,0.0802,0.07632507,0.05,0,10,6.0,8.0,14.0,8.0,0,7.547169811320755,7.632506488622064,15.17967629994282,8.0,0
8,3,Chuck Wicks,Singer/Rapper,23.0,0.0961,0.09527096,0.05,0,8,6.0,2.0,8.0,3.0,0,9.05511811023622,9.5270962477045,18.58221435794072,5.0,0
8,3,David Alan Grier,Actor/Actress,24.0,0.0892,0.08955145,0.05,0,5,5.0,3.0,8.0,3.0,0,9.448818897637794,8.955145232833777,18.40396413047157,6.0,0
8,3,Denise Richards,Actor/Actress,16.0,0.0648,0.06316291,0.08,1,3,10.0,12.0,22.0,11.0,0,6.299212598425196,6.3162911642235695,12.615503762648766,11.0,0
8,3,Gilles Marini,Actor/Actress,27.0,0.0892,0.08756912,0.05,0,99,1.0,4.0,5.0,1.0,0,10.62992125984252,8.756912227679717,19.38683348752224,2.0,0
8,3,Holly Madison,TV Personality,17.0,0.0795,0.08036909,0.05,0,4,9.0,9.0,18.0,9.0,0,6.692913385826772,8.036909208959639,14.72982259478641,9.0,0
8,3,Lawrence Taylor,Athlete,20.0,0.0832,0.085465334,0.05,0,7,8.0,5.0,13.0,8.0,0,7.874015748031496,8.546533622209875,16.42054937024137,8.0,0
8,3,Lil' Kim,Singer/Rapper,25.0,0.0952,0.09714784,0.05,0,9,4.0,1.0,5.0,1.0,0,9.84251968503937,9.714784252584389,19.557303937623757,1.0,0
8,3,Melissa Rycroft,TV Personality,27.0,0.0813,0.0807208,0.05,0,99,1.0,8.0,9.0,6.0,0,10.62992125984252,8.072080209874084,18.702001469716606,4.0,0
8,3,Shawn Johnson,Athlete,27.0,0.0818,0.08264037,0.05,0,99,1.0,7.0,8.0,3.0,0,10.62992125984252,8.264037214864969,18.89395847470749,3.0,0
8,3,Steve Wozniak,Entrepreneur,10.0,0.0779,0.07482535,0.05,0,4,12.0,11.0,23.0,12.0,1,3.937007874015748,7.482535194545914,11.419543068561662,12.0,1
8,3,Steve-O,TV Personality,15.0,0.0779,0.08035108,0.05,0,6,11.0,10.0,21.0,10.0,0,5.905511811023622,8.035108208912813,13.940620019936436,10.0,0
8,3,Ty Murray,Athlete,23.0,0.0841,0.08292567,0.05,0,10,6.0,6.0,12.0,7.0,0,9.05511811023622,8.292567215606747,17.347685325842967,7.0,0
8,4,Chuck Wicks,Singer/Rapper,22.0,0.1051,0.10786555,0.05,0,8,6.0,1.0,7.0,3.0,0,9.090909090909092,10.786555355956327,19.877464446865417,4.0,0
8,4,David Alan Grier,Actor/Actress,22.0,0.0982,0.10110721,0.05,0,5,6.0,3.0,9.0,4.0,0,9.090909090909092,10.110721333653803,19.201630424562893,7.0,0
8,4,Gilles Marini,Actor/Actress,30.0,0.1033,0.098893285,0.05,0,99,1.0,4.0,5.0,1.0,0,12.396694214876034,9.88932882634785,22.286023041223885,1.0,0
8,4,Holly Madison,TV Personality,16.0,0.0729,0.071577154,0.08,1,4,9.0,10.0,19.0,10.0,0,6.6115702479338845,7.157715636204616,13.769285884138501,10.0,0
8,4,Lawrence Taylor,Athlete,19.0,0.093,0.09263364,0.05,0,7,8.0,6.0,14.0,8.0,0,7.851239669421488,9.263364305691022,17.11460397511251,8.0,0
8,4,Lil' Kim,Singer/Rapper,27.0,0.1054,0.10548485,0.05,0,9,3.0,2.0,5.0,1.0,0,11.15702479338843,10.548485348100016,21.705510141488446,2.0,0
8,4,Melissa Rycroft,TV Personality,29.0,0.0876,0.0869577,0.05,0,99,2.0,9.0,11.0,6.0,0,11.983471074380166,8.69577028696042,20.679241361340587,3.0,0
8,4,Shawn Johnson,Athlete,25.0,0.0953,0.093412384,0.05,0,99,4.0,5.0,9.0,4.0,0,10.330578512396695,9.341238708260876,19.671817220657573,5.0,0
8,4,Steve Wozniak,Entrepreneur,12.0,0.0597,0.060656194,0.08,1,4,11.0,11.0,22.0,11.0,1,4.958677685950414,6.065619600165446,11.02429728611586,11.0,1
8,4,Steve-O,TV Personality,15.0,0.0876,0.08946095,0.05,0,6,10.0,8.0,18.0,9.0,0,6.198347107438017,8.946095295221145,15.144442402659163,9.0,0
8,4,Ty Murray,Athlete,25.0,0.0919,0.09195105,0.05,0,10,4.0,7.0,11.0,6.0,0,10.330578512396695,9.195105303438474,19.52568381583517,6.0,0
8,5,Chuck Wicks,Singer/Rapper,23.0,0.1273,0.124162585,0.05,0,8,5.0,1.0,6.0,3.0,0,10.952380952380953,12.416257804689563,23.368638757070514,4.0,0
8,5,David Alan Grier,Actor/Actress,22.0,0.0893,0.08949724,0.08,1,5,6.0,9.0,15.0,8.0,0,10.476190476190476,8.949723498815484,19.42591397500596,8.0,0
8,5,Gilles Marini,Actor/Actress,29.0,0.1191,0.11970225,0.05,0,99,1.0,3.0,4.0,1.0,0,13.80952380952381,11.970224329667438,25.77974813919125,1.0,0
8,5,Lawrence Taylor,Athlete,20.0,0.1107,0.109697975,0.05,0,7,8.0,5.0,13.0,6.0,0,9.523809523809524,10.969796885691375,20.4936064095009,7.0,0
8,5,Lil' Kim,Singer/Rapper,26.0,0.1219,0.12199771,0.05,0,9,2.0,2.0,4.0,1.0,0,12.380952380952381,12.199770316812861,24.580722697765243,2.0,0
8,5,Melissa Rycroft,TV Personality,25.0,0.1073,0.108543366,0.05,0,99,4.0,6.0,10.0,5.0,0,11.904761904761903,10.854335992157186,22.759097896919087,5.0,0
8,5,Shawn Johnson,Athlete,26.0,0.1098,0.11342867,0.05,0,99,2.0,4.0,6.0,3.0,0,12.380952380952381,11.342866364799484,23.723818745751863,3.0,0
8,5,Steve-O,TV Personality,18.0,0.1073,0.10474167,0.05,0,6,9.0,8.0,17.0,9.0,1,8.571428571428571,10.474166413446682,19.04559498487525,9.0,1
8,5,Ty Murray,Athlete,21.0,0.1073,0.10822859,0.05,0,10,7.0,7.0,14.0,7.0,0,10.0,10.82285839391993,20.82285839391993,6.0,0
8,6,Chuck Wicks,Singer/Rapper,23.0,0.1401,0.14120007,0.05,0,8,5.0,1.0,6.0,2.0,0,12.365591397849462,14.120006858799933,26.485598256649396,3.0,0
8,6,Gilles Marini,Actor/Actress,26.0,0.1291,0.1295882,0.05,0,99,3.0,3.0,6.0,2.0,0,13.978494623655912,12.9588198704118,26.937314494067714,2.0,0
8,6,Lawrence Taylor,Athlete,22.0,0.133,0.12826091,0.05,0,7,6.0,4.0,10.0,6.0,0,11.827956989247312,12.826090871739094,24.654047860986406,6.0,0
8,6,Lil' Kim,Singer/Rapper,28.0,0.1384,0.13884456,0.05,0,9,1.0,2.0,3.0,1.0,0,15.053763440860216,13.884455861155443,28.93821930201566,1.0,0
8,6,Melissa Rycroft,TV Personality,27.0,0.1234,0.11889323,0.05,0,99,2.0,7.0,9.0,4.0,0,14.516129032258066,11.889322881106771,26.405451913364836,4.0,0
8,6,Shawn Johnson,Athlete,26.0,0.1199,0.119952984,0.05,0,99,3.0,6.0,9.0,4.0,0,13.978494623655912,11.995298280047017,25.97379290370293,5.0,0
8,6,Steve-O,TV Personality,16.0,0.0982,0.101540826,0.08,1,6,8.0,8.0,16.0,8.0,1,8.60215053763441,10.154082498459175,18.756233036093583,8.0,1
8,6,Ty Murray,Athlete,18.0,0.1179,0.12171923,0.05,0,10,7.0,5.0,12.0,7.0,0,9.67741935483871,12.171922878280771,21.84934223311948,7.0,0
8,7,Chuck Wicks,Singer/Rapper,27.0,0.1604,0.15923823,0.05,0,8,3.0,1.0,4.0,1.0,0,14.835164835164836,15.92382210826596,30.758986943430795,1.0,0
8,7,Gilles Marini,Actor/Actress,27.0,0.1507,0.1472036,0.05,0,99,3.0,3.0,6.0,2.0,0,14.835164835164836,14.720359175659883,29.55552401082472,4.0,0
8,7,Lawrence Taylor,Athlete,21.0,0.1157,0.116911456,0.08,1,7,7.0,7.0,14.0,7.0,1,11.538461538461538,11.69114494529588,23.22960648375742,7.0,1
8,7,Lil' Kim,Singer/Rapper,26.0,0.1565,0.15461816,0.05,0,9,5.0,2.0,7.0,4.0,0,14.285714285714285,15.461815134138348,29.747529419852633,3.0,0
8,7,Melissa Rycroft,TV Personality,29.0,0.1389,0.14098182,0.05,0,99,1.0,5.0,6.0,2.0,0,15.934065934065933,14.098181210501851,30.032247144567783,2.0,0
8,7,Shawn Johnson,Athlete,28.0,0.1389,0.13940819,0.05,0,99,2.0,6.0,8.0,5.0,0,15.384615384615385,13.940818219314174,29.32543360392956,5.0,0
8,7,Ty Murray,Athlete,24.0,0.1389,0.1416386,0.05,0,10,6.0,4.0,10.0,6.0,0,13.186813186813188,14.163859206823881,27.35067239363707,6.0,0
8,8,Chuck Wicks,Singer/Rapper,25.5,0.1369,0.14071721,0.08,1,8,5.0,6.0,11.0,5.0,1,16.346153846153847,14.07172114071721,30.417874986871055,6.0,1
8,8,Gilles Marini,Actor/Actress,27.5,0.1817,0.18029888,0.05,0,99,2.0,2.0,4.0,2.0,0,17.628205128205128,18.02988818029888,35.65809330850401,2.0,0
8,8,Lil' Kim,Singer/Rapper,28.0,0.1869,0.18582812,0.05,0,9,1.0,1.0,2.0,1.0,0,17.94871794871795,18.58281218582812,36.531530134546074,1.0,0
8,8,Melissa Rycroft,TV Personality,23.0,0.1643,0.1593434,0.05,0,99,6.0,5.0,11.0,5.0,1,14.743589743589745,15.9343401593434,30.677929902933144,5.0,0
8,8,Shawn Johnson,Athlete,26.0,0.1659,0.15963505,0.05,0,99,3.0,4.0,7.0,4.0,0,16.666666666666664,15.96350515963505,32.63017182630171,4.0,0
8,8,Ty Murray,Athlete,26.0,0.1643,0.17417733,0.05,0,10,3.0,3.0,6.0,3.0,0,16.666666666666664,17.41773317417733,34.08439984084399,3.0,0
8,9,Gilles Marini,Actor/Actress,28.0,0.206,0.21370225,0.05,0,99,2.0,1.0,3.0,1.0,0,20.973782771535582,21.37022435889327,42.34400713042885,1.0,0
8,9,Lil' Kim,Singer/Rapper,26.0,0.1715,0.16836451,0.08,1,9,4.0,5.0,9.0,5.0,1,19.475655430711612,16.836450494906487,36.3121059256181,5.0,1
8,9,Melissa Rycroft,TV Personality,28.5,0.206,0.20078197,0.05,0,99,1.0,4.0,5.0,3.0,0,21.34831460674157,20.078196397654107,41.42651100439568,3.0,0
8,9,Shawn Johnson,Athlete,28.0,0.2106,0.21222207,0.05,0,99,2.0,2.0,4.0,2.0,0,20.973782771535582,21.22220636333381,42.19598913486939,2.0,0
8,9,Ty Murray,Athlete,23.0,0.206,0.20492923,0.05,0,10,5.0,3.0,8.0,4.0,0,17.228464419475657,20.492922385212324,37.72138680468798,4.0,0
8,10,Gilles Marini,Actor/Actress,30.0,0.275,0.27089375,0.05,0,99,1.0,2.0,3.0,1.0,0,27.397260273972602,27.089375541787508,54.48663581576011,1.0,0
8,10,Melissa Rycroft,TV Personality,27.5,0.2559,0.24661937,0.05,0,99,3.0,3.0,6.0,3.0,0,25.11415525114155,24.661937493238746,49.77609274438029,3.0,0
8,10,Shawn Johnson,Athlete,28.0,0.2559,0.28284118,0.05,0,99,2.0,1.0,3.0,1.0,0,25.570776255707763,28.28411856568237,53.85489482139013,2.0,0
8,10,Ty Murray,Athlete,24.0,0.2132,0.19964568,0.08,1,10,4.0,4.0,8.0,4.0,1,21.91780821917808,19.964568399291366,41.88237661846945,4.0,1
8,11,Gilles Marini,Actor/Actress,29.0,0.3595,0.34231186,0.05,0,99,2.0,2.0,4.0,2.0,0,33.14285714285714,34.23118497306445,67.37404211592158,2.0,0
8,11,Melissa Rycroft,TV Personality,28.5,0.2827,0.29306477,0.05,0,99,3.0,3.0,6.0,3.0,1,32.57142857142858,29.306476120805712,61.87790469223429,3.0,1
8,11,Shawn Johnson,Athlete,30.0,0.3578,0.3646234,0.05,0,99,1.0,1.0,2.0,1.0,0,34.285714285714285,36.46233890612983,70.74805319184412,1.0,0
9,1,Aaron Carter,Singer/Rapper,31.9999,0.0698,0.0665028,0.05,0,8,2.0,6.0,8.0,2.0,0,7.881779829674206,6.650280246060369,14.532060075734574,3.0,0
9,1,Ashley Hamiliton,Actor/Actress,18.9999,0.0499,0.051507857,0.08,1,1,15.0,16.0,31.0,16.0,1,4.6797967676719905,5.150785890579078,9.830582658251068,16.0,1
9,1,Chuck Liddell,Athlete,22.0,0.063,0.062292676,0.05,0,4,10.0,8.0,18.0,11.0,0,5.418740566465287,6.229267830482909,11.648008396948196,11.0,0
9,1,Debi Mazar,Actor/Actress,22.0,0.0671,0.06780205,0.05,0,3,10.0,4.0,14.0,6.0,0,5.418740566465287,6.780205250867595,12.19894581733288,10.0,0
9,1,Donny Osmond,Singer/Rapper,29.9999,0.0697,0.08006443,0.05,0,99,5.0,1.0,6.0,1.0,0,7.389167050904634,8.006443296238402,15.395610347143036,1.0,0
9,1,Joanna Krupa,Model,33.9999,0.06,0.052713916,0.05,0,9,1.0,14.0,15.0,7.0,0,8.374392608443776,5.271391795041497,13.645784403485273,5.0,0
9,1,Kathy Ireland,Model,19.9999,0.06,0.05590289,0.05,0,2,12.0,12.0,24.0,13.0,0,4.926103157056776,5.5902892068407,10.516392363897477,13.0,0
9,1,Kelly Osbourne,TV Personality,30.9998,0.06,0.055459935,0.05,0,99,4.0,13.0,17.0,9.0,0,7.635448809650482,5.545993705201767,13.18144251485225,6.0,0
9,1,Louie Vito,Athlete,26.9998,0.0621,0.060066827,0.05,0,6,7.0,10.0,17.0,9.0,0,6.6502232521113385,6.006682922247268,12.656906174358607,9.0,0
9,1,Macy Gray,Singer/Rapper,18.9999,0.0499,0.05775194,0.08,1,1,15.0,11.0,26.0,14.0,0,4.6797967676719905,5.7751942136821866,10.454990981354177,14.0,0
9,1,Mark Dacascos,Actor/Actress,28.9998,0.0661,0.07876093,0.05,0,7,6.0,2.0,8.0,2.0,0,7.14283603088091,7.876093291415454,15.018929322296364,2.0,0
9,1,Melissa Joan Hart,Actor/Actress,24.0,0.0665,0.06791101,0.05,0,6,9.0,3.0,12.0,5.0,0,5.911353345234858,6.791101251270747,12.702454596505603,8.0,0
9,1,Michael Irvin,Athlete,19.0,0.0639,0.063138,0.05,0,7,14.0,7.0,21.0,12.0,0,4.67982139831093,6.313800233610609,10.993621631921538,12.0,0
9,1,Mya,Singer/Rapper,30.9999,0.0698,0.067167416,0.05,0,99,3.0,5.0,8.0,2.0,0,7.63547344028942,6.716741848519449,14.35221528880887,4.0,0
9,1,Natalie Coughlin,Athlete,26.9998,0.0619,0.061094586,0.05,0,5,7.0,9.0,16.0,8.0,0,6.6502232521113385,6.109458826049977,12.759682078161315,7.0,0
9,1,Tom DeLay,Politician,19.9999,0.06,0.0518627,0.05,0,98,12.0,15.0,27.0,15.0,0,4.926103157056776,5.186270191891997,10.112373348948772,15.0,0
9,2,Aaron Carter,Singer/Rapper,27.0,0.0767,0.07971988,0.05,0,8,1.0,2.0,3.0,2.0,0,9.183673469387756,7.971988613843123,17.15566208323088,2.0,0
9,2,Chuck Liddell,Athlete,19.0,0.0693,0.07119246,0.05,0,4,9.0,8.0,17.0,9.0,0,6.462585034013606,7.119246548181983,13.581831582195589,9.0,0
9,2,Debi Mazar,Actor/Actress,21.0,0.0777,0.07833516,0.05,0,3,4.0,5.0,9.0,5.0,0,7.142857142857142,7.833516603180778,14.97637374603792,5.0,0
9,2,Donny Osmond,Singer/Rapper,25.0,0.0797,0.07911837,0.05,0,99,3.0,4.0,7.0,3.0,0,8.503401360544217,7.911837609211495,16.415238969755713,3.0,0
9,2,Joanna Krupa,Model,20.0,0.065,0.06274553,0.05,0,9,7.0,13.0,20.0,11.0,0,6.802721088435375,6.274553483140617,13.077274571575991,12.0,0
9,2,Kathy Ireland,Model,18.0,0.0516,0.050044063,0.08,1,2,13.0,14.0,27.0,14.0,1,6.122448979591836,5.0044066853393145,11.126855664931151,14.0,1
9,2,Kelly Osbourne,TV Personality,19.0,0.0673,0.067060895,0.05,0,99,9.0,10.0,19.0,10.0,0,6.462585034013606,6.706090016368931,13.168675050382536,10.0,0
9,2,Louie Vito,Athlete,19.0,0.0667,0.06638304,0.05,0,6,9.0,11.0,20.0,11.0,0,6.462585034013606,6.638304511149447,13.100889545163053,11.0,0
9,2,Mark Dacascos,Actor/Actress,21.0,0.0797,0.0792627,0.05,0,7,4.0,3.0,7.0,3.0,0,7.142857142857142,7.926270610322837,15.06912775317998,4.0,0
9,2,Melissa Joan Hart,Actor/Actress,19.0,0.0762,0.07610154,0.05,0,6,9.0,6.0,15.0,8.0,0,6.462585034013606,7.610154585981903,14.07273961999551,7.0,0
9,2,Michael Irvin,Athlete,20.0,0.0748,0.072601,0.05,0,7,7.0,7.0,14.0,7.0,0,6.802721088435375,7.260100559027742,14.062821647463117,8.0,0
9,2,Mya,Singer/Rapper,27.0,0.0852,0.08319327,0.05,0,99,1.0,1.0,2.0,1.0,0,9.183673469387756,8.319327640588229,17.503001109975983,1.0,0
9,2,Natalie Coughlin,Athlete,21.0,0.068,0.070193745,0.05,0,5,4.0,9.0,13.0,6.0,0,7.142857142857142,7.0193750404918775,14.162232183349019,6.0,0
9,2,Tom DeLay,Politician,18.0,0.062,0.06404827,0.05,0,98,13.0,12.0,25.0,13.0,0,6.122448979591836,6.404827493171716,12.527276472763553,13.0,0
9,3,Aaron Carter,Singer/Rapper,21.0,0.0839,0.083746515,0.05,0,8,4.0,3.0,7.0,3.0,0,8.13953488372093,8.374651265509764,16.514186149230696,4.0,0
9,3,Chuck Liddell,Athlete,17.0,0.076,0.07560538,0.05,0,4,10.0,8.0,18.0,10.0,0,6.5891472868217065,7.560537788304941,14.149685075126648,10.0,0
9,3,Debi Mazar,Actor/Actress,17.0,0.0592,0.058133416,0.08,1,3,10.0,13.0,23.0,12.0,0,6.5891472868217065,5.813341437226439,12.402488724048146,13.0,1
9,3,Donny Osmond,Singer/Rapper,21.0,0.0909,0.09575276,0.05,0,99,4.0,1.0,5.0,2.0,0,8.13953488372093,9.57527573189228,17.71481061561321,3.0,0
9,3,Joanna Krupa,Model,23.0,0.0711,0.06996665,0.05,0,9,3.0,11.0,14.0,7.0,0,8.914728682170542,6.996664804093386,15.911393486263929,5.0,0
9,3,Kelly Osbourne,TV Personality,20.0,0.0726,0.07290795,0.05,0,99,6.0,10.0,16.0,9.0,0,7.751937984496124,7.290794795857745,15.04273278035387,9.0,0
9,3,Louie Vito,Athlete,20.0,0.0716,0.07428618,0.05,0,6,6.0,9.0,15.0,8.0,0,7.751937984496124,7.4286177919986995,15.180555776494824,7.0,0
9,3,Mark Dacascos,Actor/Actress,18.0,0.082,0.08101629,0.05,0,7,9.0,4.0,13.0,5.0,0,6.976744186046512,8.101628773154394,15.078372959200905,8.0,0
9,3,Melissa Joan Hart,Actor/Actress,19.0,0.0808,0.079382166,0.05,0,6,8.0,5.0,13.0,5.0,0,7.3643410852713185,7.938216377729941,15.30255746300126,6.0,0
9,3,Michael Irvin,Athlete,14.0,0.081,0.07621475,0.05,0,7,13.0,7.0,20.0,11.0,0,5.426356589147287,7.6214747865987045,13.047831375745991,11.0,0
9,3,Mya,Singer/Rapper,27.0,0.0875,0.08595878,0.05,0,99,1.0,2.0,3.0,1.0,0,10.465116279069768,8.595877759315423,19.06099403838519,1.0,0
9,3,Natalie Coughlin,Athlete,26.0,0.0723,0.078673325,0.05,0,5,2.0,6.0,8.0,4.0,0,10.077519379844961,7.867332279714695,17.944851659559657,2.0,0
9,3,Tom DeLay,Politician,15.0,0.0711,0.068355866,0.05,0,98,12.0,12.0,24.0,13.0,1,5.813953488372093,6.8355864086035805,12.649539896975673,12.0,0
9,4,Aaron Carter,Singer/Rapper,18.0,0.0972,0.09935888,0.05,0,8,8.0,3.0,11.0,4.0,0,7.43801652892562,9.935887592628607,17.373904121554226,8.0,0
9,4,Chuck Liddell,Athlete,17.0,0.0685,0.06682594,0.08,1,4,9.0,11.0,20.0,11.0,1,7.024793388429752,6.682593726013657,13.70738711444341,11.0,1
9,4,Donny Osmond,Singer/Rapper,24.0,0.1073,0.1051215,0.05,0,99,4.0,2.0,6.0,3.0,0,9.917355371900827,10.512149569001867,20.429504940902696,3.0,0
9,4,Joanna Krupa,Model,26.0,0.0823,0.08580263,0.05,0,9,3.0,9.0,12.0,5.0,0,10.743801652892563,8.580262648209231,19.324064301101792,4.0,0
9,4,Kelly Osbourne,TV Personality,23.0,0.0847,0.084399536,0.05,0,99,6.0,10.0,16.0,8.0,0,9.50413223140496,8.439953253961916,17.944085485366877,7.0,0
9,4,Louie Vito,Athlete,16.0,0.0921,0.08700376,0.05,0,6,10.0,7.0,17.0,10.0,0,6.6115702479338845,8.700375643284598,15.311945891218482,10.0,0
9,4,Mark Dacascos,Actor/Actress,22.0,0.0949,0.0932552,0.05,0,7,7.0,5.0,12.0,5.0,0,9.090909090909092,9.325519617653695,18.416428708562787,6.0,0
9,4,Melissa Joan Hart,Actor/Actress,28.0,0.0955,0.094611205,0.05,0,6,1.0,4.0,5.0,2.0,0,11.570247933884298,9.461120112094076,21.031368045978375,2.0,0
9,4,Michael Irvin,Athlete,16.0,0.0918,0.08932204,0.05,0,7,10.0,6.0,16.0,8.0,0,6.6115702479338845,8.93220363377965,15.543773881713534,9.0,0
9,4,Mya,Singer/Rapper,28.0,0.1008,0.1079366,0.05,0,99,1.0,1.0,2.0,1.0,0,11.570247933884298,10.793659557459957,22.363907491344257,1.0,0
9,4,Natalie Coughlin,Athlete,24.0,0.0849,0.08636275,0.05,0,5,4.0,8.0,12.0,5.0,0,9.917355371900827,8.636274645912739,18.553630017813568,5.0,0
9,5,Aaron Carter,Singer/Rapper,24.0,0.105,0.10804804,0.05,0,8,4.0,3.0,7.0,3.0,0,9.917355371900827,10.804804497021008,20.722159868921835,4.0,0
9,5,Donny Osmond,Singer/Rapper,29.0,0.1147,0.11379372,0.05,0,99,1.0,1.0,2.0,1.0,0,11.983471074380166,11.379372523451137,23.3628435978313,1.0,0
9,5,Joanna Krupa,Model,24.0,0.0927,0.09133811,0.05,0,9,4.0,9.0,13.0,7.0,0,9.917355371900827,9.133811420155325,19.05116679205615,7.0,0
9,5,Kelly Osbourne,TV Personality,24.0,0.0927,0.09469024,0.05,0,99,4.0,8.0,12.0,5.0,0,9.917355371900827,9.469024435575124,19.38637980747595,6.0,0
9,5,Louie Vito,Athlete,22.0,0.1028,0.09760088,0.05,0,6,8.0,7.0,15.0,8.0,0,9.090909090909092,9.76008844896407,18.850997539873163,8.0,0
9,5,Mark Dacascos,Actor/Actress,26.0,0.1056,0.10743011,0.05,0,7,3.0,4.0,7.0,3.0,0,10.743801652892563,10.743011494178528,21.48681314707109,3.0,0
9,5,Melissa Joan Hart,Actor/Actress,23.0,0.101,0.10351036,0.05,0,6,7.0,5.0,12.0,5.0,0,9.50413223140496,10.351036476147678,19.855168707552636,5.0,0
9,5,Michael Irvin,Athlete,21.0,0.0997,0.0988308,0.05,0,7,10.0,6.0,16.0,9.0,0,8.677685950413224,9.883080454621702,18.560766405034926,9.0,0
9,5,Mya,Singer/Rapper,27.0,0.1084,0.10862673,0.05,0,99,2.0,2.0,4.0,2.0,0,11.15702479338843,10.862673499682982,22.019698293071414,2.0,0
9,5,Natalie Coughlin,Athlete,22.0,0.0772,0.076130964,0.08,1,5,8.0,10.0,18.0,10.0,1,9.090909090909092,7.61309675020245,16.70400584111154,10.0,1
9,6,Aaron Carter,Singer/Rapper,32.9998,0.1232,0.1224844,0.05,0,8,3.0,3.0,6.0,2.0,0,12.692274704027822,12.248440440943856,24.940715144971676,2.0,0
9,6,Donny Osmond,Singer/Rapper,30.9999,0.1229,0.12366001,0.05,0,99,5.0,1.0,6.0,2.0,0,11.923079733737541,12.366001445176053,24.289081178913595,5.0,0
9,6,Joanna Krupa,Model,35.9999,0.1074,0.10637163,0.05,0,9,1.0,7.0,8.0,4.0,0,13.846163313642238,10.637163382937882,24.48332669658012,4.0,0
9,6,Kelly Osbourne,TV Personality,24.9998,0.1074,0.109842554,0.05,0,99,6.0,6.0,12.0,6.0,0,9.615340976180303,10.98425579543321,20.599596771613513,6.0,0
9,6,Louie Vito,Athlete,24.0,0.0894,0.08813689,0.08,1,6,7.0,9.0,16.0,8.0,1,9.230801183542559,8.813689317292814,18.044490500835373,9.0,1
9,6,Mark Dacascos,Actor/Actress,32.0,0.1264,0.12184799,0.05,0,7,4.0,4.0,8.0,4.0,0,12.307734911390078,12.184799438652782,24.49253435004286,3.0,0
9,6,Melissa Joan Hart,Actor/Actress,23.9999,0.0894,0.09291827,0.08,1,6,8.0,8.0,16.0,8.0,1,9.230762721870962,9.291827334505784,18.522590056376746,8.0,0
9,6,Michael Irvin,Athlete,21.9998,0.1111,0.1120896,0.05,0,7,9.0,5.0,14.0,7.0,0,8.461490828237482,11.208960403522575,19.670451231760055,7.0,0
9,6,Mya,Singer/Rapper,33.0,0.1229,0.12264862,0.05,0,99,2.0,2.0,4.0,1.0,0,12.692351627371018,12.26486244153505,24.95721406890607,1.0,0
9,7,Aaron Carter,Singer/Rapper,26.5,0.152,0.15446915,0.05,0,8,2.0,3.0,5.0,2.0,0,15.0997150997151,15.446915679664288,30.546630779379388,2.0,0
9,7,Donny Osmond,Singer/Rapper,26.0,0.1582,0.1591655,0.05,0,99,3.0,1.0,4.0,1.0,0,14.814814814814813,15.916550700328228,30.73136551514304,1.0,0
9,7,Joanna Krupa,Model,27.5,0.1473,0.14546773,0.05,0,9,1.0,5.0,6.0,3.0,0,15.669515669515668,14.546773640058037,30.216289309573703,3.0,0
9,7,Kelly Osbourne,TV Personality,26.0,0.1473,0.14757363,0.05,0,99,3.0,4.0,7.0,4.0,0,14.814814814814813,14.757363649323999,29.572178464138812,5.0,0
9,7,Mark Dacascos,Actor/Actress,21.5,0.1226,0.118567936,0.08,1,7,7.0,6.0,13.0,6.0,1,12.250712250712251,11.85679412169894,24.10750637241119,7.0,1
9,7,Michael Irvin,Athlete,23.5,0.1182,0.11850786,0.08,1,7,6.0,7.0,13.0,6.0,1,13.390313390313391,11.850786521434605,25.241099911747995,6.0,0
9,7,Mya,Singer/Rapper,24.5,0.1545,0.15624815,0.05,0,99,5.0,2.0,7.0,4.0,0,13.96011396011396,15.624815687491889,29.584929647605847,4.0,0
9,8,Aaron Carter,Singer/Rapper,25.0,0.1656,0.17091154,0.08,1,8,4.0,5.0,9.0,5.0,1,19.083969465648856,17.091153829088462,36.17512329473732,5.0,1
9,8,Donny Osmond,Singer/Rapper,25.0,0.2162,0.22289613,0.05,0,99,4.0,1.0,5.0,2.0,0,19.083969465648856,22.289612777103873,41.37358224275273,2.0,0
9,8,Joanna Krupa,Model,26.0,0.1989,0.1998951,0.05,0,9,2.0,4.0,6.0,3.0,0,19.84732824427481,19.9895098001049,39.83683804437971,3.0,0
9,8,Kelly Osbourne,TV Personality,25.5,0.2027,0.2007524,0.05,0,99,3.0,3.0,6.0,3.0,0,19.46564885496183,20.0752397992476,39.54088865420943,4.0,0
9,8,Mya,Singer/Rapper,29.5,0.2166,0.20554484,0.05,0,99,1.0,2.0,3.0,1.0,0,22.519083969465647,20.554483794455162,43.073567763920806,1.0,0
9,9,Donny Osmond,Singer/Rapper,24.666600000000003,0.2802,0.2766678,0.05,0,99,4.0,2.0,6.0,2.0,1,23.12501699224591,27.666779446664417,50.791796438910325,2.0,0
9,9,Joanna Krupa,Model,27.0,0.1979,0.2006179,0.08,1,9,2.0,4.0,6.0,2.0,1,25.31258701201785,20.06178959876421,45.374376610782065,4.0,1
9,9,Kelly Osbourne,TV Personality,25.9998,0.2459,0.24233502,0.05,0,99,3.0,3.0,6.0,2.0,1,24.37489628870599,24.233501515329976,48.60839780403597,3.0,0
9,9,Mya,Singer/Rapper,28.9999,0.276,0.2803793,0.05,0,99,1.0,1.0,2.0,1.0,0,27.187499707030245,28.037929439241417,55.225429146271665,1.0,0
9,10,Donny Osmond,Singer/Rapper,28.9998,0.363,0.3597239,0.05,0,99,1.0,2.0,3.0,1.0,0,35.12776905634048,35.97239,71.10015905634049,2.0,0
9,10,Kelly Osbourne,TV Personality,25.2222,0.262,0.2646655,0.05,0,99,3.0,3.0,6.0,3.0,1,30.551921623350196,26.466549999999998,57.018471623350194,3.0,1
9,10,Mya,Singer/Rapper,28.3332,0.375,0.3756106,0.05,0,99,2.0,1.0,3.0,1.0,0,34.32030932030932,37.561060000000005,71.88136932030932,1.0,0
10,1,Aiden Turner,Actor/Actress,15.0,0.1008,0.09433314,0.05,0,4,10.0,5.0,15.0,9.0,0,7.177033492822966,9.433313867933608,16.610347360756574,9.0,0
10,1,Buzz Aldrin,Astronaut,14.0,0.0789,0.08083992,0.05,0,3,11.0,10.0,21.0,11.0,1,6.698564593301436,8.083991886824114,14.78255648012555,11.0,1
10,1,Chad Ochocinco,Athlete,18.0,0.0936,0.09271715,0.05,0,9,6.0,6.0,12.0,5.0,0,8.61244019138756,9.271714870195993,17.884155061583552,7.0,0
10,1,Erin Andrews,Sports Broadcaster,21.0,0.064,0.07158897,0.05,0,99,3.0,11.0,14.0,8.0,0,10.047846889952153,7.158896899775445,17.206743789727597,8.0,0
10,1,Evan Lysacek,Athlete,23.0,0.0949,0.095598124,0.05,0,99,2.0,4.0,6.0,2.0,0,11.004784688995215,9.55981226616263,20.564596955157846,2.0,0
10,1,Jake Pavelka,TV Personality,20.0,0.0881,0.08789492,0.05,0,6,5.0,7.0,12.0,5.0,0,9.569377990430622,8.789491876947116,18.358869867377738,6.0,0
10,1,Kate Gosselin,TV Personality,16.0,0.0884,0.08687321,0.05,0,5,9.0,8.0,17.0,10.0,0,7.655502392344498,8.687320878377509,16.342823270722008,10.0,0
10,1,Nicole Scherzinger,Singer/Rapper,25.0,0.1076,0.1090936,0.05,0,99,1.0,1.0,2.0,1.0,0,11.961722488038278,10.909359847268965,22.871082335307243,1.0,0
10,1,Niecy Nash,Actor/Actress,18.0,0.1,0.09972127,0.05,0,8,6.0,2.0,8.0,3.0,0,8.61244019138756,9.972126860390226,18.584567051777785,3.0,0
10,1,Pamela Anderson,Model,21.0,0.0838,0.08330743,0.05,0,7,3.0,9.0,12.0,5.0,0,10.047846889952153,8.330742883369602,18.378589773321757,5.0,0
10,1,Shannen Doherty,Actor/Actress,18.0,0.0999,0.09803228,0.05,0,2,6.0,3.0,9.0,4.0,0,8.61244019138756,9.803227862754811,18.415668054142373,4.0,0
10,2,Aiden Turner,Actor/Actress,19.0,0.1028,0.09545135,0.05,0,4,8.0,4.0,12.0,4.0,0,8.636363636363637,9.545135658614361,18.181499294977996,6.0,0
10,2,Buzz Aldrin,Astronaut,12.0,0.0828,0.08428035,0.05,0,3,11.0,9.0,20.0,11.0,1,5.454545454545454,8.428035581534454,13.882581036079909,11.0,1
10,2,Chad Ochocinco,Athlete,16.0,0.0943,0.09292498,0.05,0,9,9.0,5.0,14.0,8.0,0,7.2727272727272725,9.292498641182407,16.56522591390968,8.0,0
10,2,Erin Andrews,Sports Broadcaster,23.0,0.0828,0.084216155,0.05,0,99,3.0,10.0,13.0,7.0,0,10.454545454545453,8.42161608109151,18.876161535636964,4.0,0
10,2,Evan Lysacek,Athlete,24.0,0.0993,0.09622655,0.05,0,99,2.0,3.0,5.0,2.0,0,10.909090909090908,9.62265566396324,20.53174657305415,2.0,0
10,2,Jake Pavelka,TV Personality,20.0,0.0864,0.08949332,0.05,0,6,6.0,6.0,12.0,4.0,0,9.090909090909092,8.94933261750395,18.040241708413042,7.0,0
10,2,Kate Gosselin,TV Personality,15.0,0.0921,0.08869301,0.05,0,5,10.0,7.0,17.0,9.0,0,6.8181818181818175,8.869301611981811,15.687483430163628,10.0,0
10,2,Nicole Scherzinger,Singer/Rapper,28.0,0.1036,0.1087565,0.05,0,99,1.0,1.0,2.0,1.0,0,12.727272727272727,10.875650750419902,23.602923477692627,1.0,0
10,2,Niecy Nash,Actor/Actress,21.0,0.1044,0.10005967,0.05,0,8,5.0,2.0,7.0,3.0,0,9.545454545454547,10.00596769041177,19.55142223586632,3.0,0
10,2,Pamela Anderson,Model,22.0,0.0828,0.086341396,0.05,0,7,4.0,8.0,12.0,4.0,0,10.0,8.634140195755673,18.634140195755673,5.0,0
10,2,Shannen Doherty,Actor/Actress,20.0,0.0689,0.07355665,0.08,1,2,6.0,11.0,17.0,9.0,0,9.090909090909092,7.355665507540919,16.44657459845001,9.0,0
10,3,Aiden Turner,Actor/Actress,20.0,0.1158,0.108473904,0.05,0,4,7.0,3.0,10.0,4.0,0,9.852216748768473,10.847390193899585,20.69960694266806,4.0,0
10,3,Buzz Aldrin,Astronaut,13.0,0.0705,0.07279762,0.08,1,3,10.0,10.0,20.0,10.0,1,6.403940886699508,7.279761861684523,13.683702748384032,10.0,1
10,3,Chad Ochocinco,Athlete,20.0,0.1065,0.10251861,0.05,0,9,7.0,5.0,12.0,7.0,0,9.852216748768473,10.251860805214644,20.104077553983117,7.0,0
10,3,Erin Andrews,Sports Broadcaster,23.0,0.0933,0.08923132,0.05,0,99,2.0,9.0,11.0,6.0,0,11.330049261083744,8.923131830460495,20.25318109154424,6.0,0
10,3,Evan Lysacek,Athlete,26.0,0.1044,0.1058645,0.05,0,99,1.0,4.0,5.0,2.0,0,12.807881773399016,10.586449798857455,23.39433157225647,1.0,0
10,3,Jake Pavelka,TV Personality,21.0,0.0948,0.099428035,0.05,0,6,4.0,6.0,10.0,4.0,0,10.344827586206897,9.942803311086736,20.28763089729363,5.0,0
10,3,Kate Gosselin,TV Personality,15.0,0.1002,0.09772808,0.05,0,5,9.0,7.0,16.0,9.0,0,7.389162561576355,9.77280781431665,17.161970375893006,9.0,0
10,3,Nicole Scherzinger,Singer/Rapper,23.0,0.1195,0.11917862,0.05,0,99,2.0,1.0,3.0,1.0,0,11.330049261083744,11.917861773560626,23.247911034644368,2.0,0
10,3,Niecy Nash,Actor/Actress,21.0,0.1049,0.10876612,0.05,0,8,4.0,2.0,6.0,3.0,0,10.344827586206897,10.876611793344376,21.22143937955127,3.0,0
10,3,Pamela Anderson,Model,21.0,0.0901,0.09601321,0.05,0,7,4.0,8.0,12.0,7.0,0,10.344827586206897,9.601320817574905,19.9461484037818,8.0,0
10,4,Aiden Turner,Actor/Actress,16.5,0.0874,0.09119145,0.08,1,4,8.0,9.0,17.0,9.0,1,8.89487870619946,9.119145109429741,18.0140238156292,9.0,1
10,4,Chad Ochocinco,Athlete,22.0,0.1182,0.11387688,0.05,0,9,4.0,4.0,8.0,3.0,0,11.859838274932615,11.387688136652258,23.24752641158487,4.0,0
10,4,Erin Andrews,Sports Broadcaster,19.5,0.1049,0.098645136,0.05,0,99,5.0,8.0,13.0,7.0,0,10.512129380053908,9.864513718374164,20.376643098428072,7.0,0
10,4,Evan Lysacek,Athlete,26.0,0.1146,0.12033745,0.05,0,99,1.0,2.0,3.0,1.0,0,14.016172506738545,12.033745144404943,26.04991765114349,2.0,0
10,4,Jake Pavelka,TV Personality,19.0,0.1049,0.110436596,0.05,0,6,6.0,5.0,11.0,6.0,0,10.242587601078167,11.043659732523917,21.286247333602084,6.0,0
10,4,Kate Gosselin,TV Personality,16.0,0.1116,0.108905345,0.05,0,5,9.0,7.0,16.0,8.0,0,8.62533692722372,10.890534630686416,19.51587155791014,8.0,0
10,4,Nicole Scherzinger,Singer/Rapper,25.0,0.1316,0.12780857,0.05,0,99,2.0,1.0,3.0,1.0,0,13.477088948787062,12.780857153370286,26.257946102157348,1.0,0
10,4,Niecy Nash,Actor/Actress,18.0,0.122,0.119607955,0.05,0,8,7.0,3.0,10.0,5.0,0,9.703504043126685,11.960795643529549,21.664299686656236,5.0,0
10,4,Pamela Anderson,Model,23.5,0.1049,0.109190606,0.05,0,7,3.0,6.0,9.0,4.0,0,12.668463611859837,10.919060731028727,23.587524342888564,3.0,0
10,5,Chad Ochocinco,Athlete,18.0,0.1318,0.12634024,0.05,0,9,6.0,4.0,10.0,5.0,0,10.404624277456648,12.634023949463902,23.03864822692055,7.0,0
10,5,Erin Andrews,Sports Broadcaster,22.0,0.1163,0.11818292,0.05,0,99,4.0,7.0,11.0,6.0,0,12.716763005780345,11.818291952726831,24.535054958507175,4.0,0
10,5,Evan Lysacek,Athlete,27.0,0.135,0.13363586,0.05,0,99,2.0,3.0,5.0,2.0,0,15.606936416184972,13.363585946545653,28.970522362730627,2.0,0
10,5,Jake Pavelka,TV Personality,23.0,0.1235,0.1230683,0.05,0,6,3.0,5.0,8.0,3.0,0,13.294797687861271,12.30682995077268,25.60162763863395,3.0,0
10,5,Kate Gosselin,TV Personality,15.0,0.0968,0.10066338,0.08,1,5,8.0,8.0,16.0,8.0,1,8.670520231213873,10.066337959734646,18.736858190948517,8.0,1
10,5,Nicole Scherzinger,Singer/Rapper,29.0,0.141,0.14099206,0.05,0,99,1.0,1.0,2.0,1.0,0,16.76300578034682,14.099205943603174,30.862211723949994,1.0,0
10,5,Niecy Nash,Actor/Actress,18.0,0.1348,0.13541353,0.05,0,8,6.0,2.0,8.0,3.0,0,10.404624277456648,13.541352945834587,23.945977223291237,6.0,0
10,5,Pamela Anderson,Model,21.0,0.1207,0.121703714,0.05,0,7,5.0,6.0,11.0,6.0,0,12.138728323699421,12.170371351318513,24.309099675017933,5.0,0
10,6,Chad Ochocinco,Athlete,30.9999,0.151,0.1454879,0.05,0,9,3.0,4.0,7.0,2.0,0,14.832537716633503,14.548790145487903,29.381327862121406,3.0,0
10,6,Erin Andrews,Sports Broadcaster,34.0,0.1313,0.1351041,0.05,0,99,2.0,6.0,8.0,3.0,0,16.267997069846647,13.510410135104104,29.778407204950753,2.0,0
10,6,Evan Lysacek,Athlete,27.0,0.1541,0.14757706,0.05,0,99,5.0,3.0,8.0,3.0,0,12.918703555466454,14.757706147577062,27.676409703043518,6.0,0
10,6,Jake Pavelka,TV Personality,24.9999,0.1093,0.11262646,0.08,1,6,7.0,7.0,14.0,7.0,1,11.961714704307623,11.262646112626463,23.224360816934087,7.0,1
10,6,Nicole Scherzinger,Singer/Rapper,35.9999,0.1675,0.16574618,0.05,0,99,1.0,1.0,2.0,1.0,0,17.224890226905064,16.574618165746184,33.79950839265125,1.0,0
10,6,Niecy Nash,Actor/Actress,25.9998,0.1555,0.15467714,0.05,0,8,6.0,2.0,8.0,3.0,0,12.44013735931173,15.467714154677143,27.907851513988874,5.0,0
10,6,Pamela Anderson,Model,29.9998,0.1313,0.13878115,0.05,0,7,4.0,5.0,9.0,6.0,0,14.354019367528984,13.878115138781153,28.23213450631014,4.0,0
10,7,Chad Ochocinco,Athlete,26.0,0.1808,0.17779242,0.05,0,9,3.0,2.0,5.0,2.0,0,16.720257234726688,17.779240755453145,34.49949799017983,2.0,0
10,7,Erin Andrews,Sports Broadcaster,25.5,0.156,0.15885545,0.05,0,99,4.0,5.0,9.0,4.0,0,16.39871382636656,15.885543888011927,32.284257714378484,5.0,0
10,7,Evan Lysacek,Athlete,27.0,0.1711,0.17115612,0.05,0,99,1.0,4.0,5.0,2.0,0,17.363344051446948,17.115610801907245,34.478954853354196,3.0,0
10,7,Nicole Scherzinger,Singer/Rapper,27.0,0.1859,0.18530695,0.05,0,99,1.0,1.0,2.0,1.0,0,17.363344051446948,18.53069370285144,35.89403775429839,1.0,0
10,7,Niecy Nash,Actor/Actress,24.5,0.1763,0.17743845,0.05,0,8,6.0,3.0,9.0,4.0,0,15.755627009646304,17.743843757930936,33.499470767577236,4.0,0
10,7,Pamela Anderson,Model,25.5,0.1299,0.12945068,0.08,1,7,4.0,6.0,10.0,6.0,1,16.39871382636656,12.945067093845305,29.343780920211863,6.0,1
10,8,Chad Ochocinco,Athlete,22.5,0.2054,0.20081511,0.05,0,9,4.0,3.0,7.0,4.0,0,17.786561264822133,20.081511,37.86807226482213,4.0,0
10,8,Erin Andrews,Sports Broadcaster,26.5,0.1958,0.19723181,0.05,0,99,2.0,4.0,6.0,3.0,0,20.948616600790515,19.723181,40.67179760079051,3.0,0
10,8,Evan Lysacek,Athlete,26.5,0.2103,0.20788531,0.05,0,99,2.0,2.0,4.0,2.0,0,20.948616600790515,20.788531,41.737147600790514,2.0,0
10,8,Nicole Scherzinger,Singer/Rapper,29.5,0.2255,0.2282741,0.05,0,99,1.0,1.0,2.0,1.0,0,23.3201581027668,22.82741,46.1475681027668,1.0,0
10,8,Niecy Nash,Actor/Actress,21.5,0.1631,0.16579367,0.08,1,8,5.0,5.0,10.0,5.0,1,16.99604743083004,16.579367,33.57541443083004,5.0,1
10,9,Chad Ochocinco,Athlete,26.0,0.2002,0.21000731,0.08,1,9,4.0,4.0,8.0,4.0,1,23.008849557522122,21.000730369978086,44.00957992750021,4.0,1
10,9,Erin Andrews,Sports Broadcaster,28.0,0.2403,0.24485716,0.05,0,99,3.0,3.0,6.0,3.0,0,24.778761061946902,24.48571526542854,49.26447632737544,3.0,0
10,9,Evan Lysacek,Athlete,29.5,0.2708,0.2571854,0.05,0,99,1.0,2.0,3.0,2.0,0,26.10619469026549,25.71853922844382,51.82473391870931,2.0,0
10,9,Nicole Scherzinger,Singer/Rapper,29.5,0.2887,0.28795016,0.05,0,99,1.0,1.0,2.0,1.0,0,26.10619469026549,28.795015136149544,54.901209826415034,1.0,0
10,10,Erin Andrews,Sports Broadcaster,26.9998,0.2462,0.2554146,0.05,0,99,2.0,3.0,5.0,2.0,1,32.66123276502368,25.541461021658442,58.20269378668212,3.0,1
10,10,Evan Lysacek,Athlete,26.8887,0.3528,0.34906566,0.05,0,99,3.0,2.0,5.0,2.0,1,32.5268368450467,34.906567396262695,67.4334042413094,2.0,0
10,10,Nicole Scherzinger,Singer/Rapper,28.7777,0.401,0.3955197,0.05,0,99,1.0,1.0,2.0,1.0,0,34.81193038992962,39.55197158207886,74.36390197200848,1.0,0
11,1,Audrina Patridge,TV Personality,19.0,0.0805,0.080313265,0.05,0,6,5.0,9.0,14.0,7.0,0,8.370044052863436,8.031326781096437,16.401370833959874,7.0,0
11,1,Brandy,Singer/Rapper,23.0,0.0923,0.09530751,0.05,0,9,2.0,1.0,3.0,1.0,0,10.13215859030837,9.530751333576298,19.66290992388467,2.0,0
11,1,Bristol Palin,TV Personality,18.0,0.0805,0.08038978,0.05,0,99,7.0,8.0,15.0,9.0,0,7.929515418502203,8.03897828136424,15.968493699866443,8.0,0
11,1,David Hasselhoff,Actor/Actress,15.0,0.067,0.06457587,0.08,1,1,10.0,12.0,22.0,12.0,1,6.607929515418502,6.457587226015553,13.065516741434056,12.0,1
11,1,Florence Henderson,Actor/Actress,18.0,0.0881,0.08956116,0.05,0,5,7.0,4.0,11.0,5.0,0,7.929515418502203,8.956116313464072,16.885631731966274,5.0,0
11,1,Jennifer Grey,Actor/Actress,24.0,0.0866,0.09108796,0.05,0,99,1.0,2.0,3.0,1.0,0,10.572687224669604,9.10879631880787,19.681483543477476,1.0,0
11,1,Kurt Warner,Athlete,19.0,0.0811,0.08265121,0.05,0,8,5.0,7.0,12.0,6.0,0,8.370044052863436,8.265121289279245,16.63516534214268,6.0,0
11,1,Kyle Massey,Actor/Actress,23.0,0.0882,0.09024477,0.05,0,99,2.0,3.0,5.0,3.0,0,10.13215859030837,9.024477315856707,19.15663590616508,3.0,0
11,1,Margaret Cho,Comedian,15.0,0.0805,0.07411785,0.05,0,3,10.0,11.0,21.0,11.0,0,6.607929515418502,7.4117852594124845,14.019714774830987,11.0,0
11,1,Michael Bolton,Singer/Rapper,16.0,0.0912,0.08901783,0.05,0,2,9.0,5.0,14.0,7.0,0,7.048458149779736,8.901783311562417,15.950241461342152,9.0,0
11,1,Rick Fox,Athlete,22.0,0.0837,0.08450536,0.05,0,7,4.0,6.0,10.0,4.0,0,9.691629955947137,8.45053629576877,18.142166251715906,4.0,0
11,1,The Situation,TV Personality,15.0,0.0805,0.0782274,0.05,0,4,10.0,10.0,20.0,10.0,0,6.607929515418502,7.82274027379591,14.430669789214413,10.0,0
11,2,Audrina Patridge,TV Personality,23.0,0.0877,0.08925388,0.05,0,6,2.0,8.0,10.0,4.0,0,10.407239819004525,8.925387544805234,19.33262736380976,4.0,0
11,2,Brandy,Singer/Rapper,21.0,0.1023,0.10155818,0.05,0,9,5.0,1.0,6.0,2.0,0,9.502262443438914,10.155817482053308,19.658079925492224,3.0,0
11,2,Bristol Palin,TV Personality,22.0,0.0891,0.089387365,0.05,0,99,3.0,7.0,10.0,4.0,0,9.95475113122172,8.938736044124461,18.89348717534618,5.0,0
11,2,Florence Henderson,Actor/Actress,19.0,0.0981,0.09840536,0.05,0,5,8.0,3.0,11.0,7.0,0,8.597285067873303,9.84053549813269,18.437820566005993,8.0,0
11,2,Jennifer Grey,Actor/Actress,24.0,0.0973,0.098534614,0.05,0,99,1.0,2.0,3.0,1.0,0,10.85972850678733,9.853460897473495,20.713189404260824,1.0,0
11,2,Kurt Warner,Athlete,21.0,0.0877,0.09051295,0.05,0,8,5.0,6.0,11.0,7.0,0,9.502262443438914,9.051294538383978,18.553556981822894,7.0,0
11,2,Kyle Massey,Actor/Actress,22.0,0.0987,0.09829915,0.05,0,99,3.0,4.0,7.0,3.0,0,9.95475113122172,9.829914498674361,19.784665629896082,2.0,0
11,2,Margaret Cho,Comedian,18.0,0.0877,0.08556264,0.05,0,3,9.0,10.0,19.0,10.0,0,8.144796380090497,8.556263563630557,16.701059943721056,10.0,0
11,2,Michael Bolton,Singer/Rapper,12.0,0.073,0.069794476,0.08,1,2,11.0,11.0,22.0,11.0,1,5.429864253393665,6.97944724404819,12.409311497441855,11.0,1
11,2,Rick Fox,Athlete,21.0,0.0908,0.09183288,0.05,0,7,5.0,5.0,10.0,4.0,0,9.502262443438914,9.183287531652336,18.68554997509125,6.0,0
11,2,The Situation,TV Personality,18.0,0.0877,0.086858556,0.05,0,4,9.0,9.0,18.0,9.0,0,8.144796380090497,8.685855157021386,16.830651537111883,9.0,0
11,3,Audrina Patridge,TV Personality,26.0,0.0947,0.09882046,0.05,0,6,1.0,7.0,8.0,4.0,0,11.76470588235294,9.88204588141545,21.646751763768393,2.0,0
11,3,Brandy,Singer/Rapper,24.0,0.1094,0.11132527,0.05,0,9,2.0,1.0,3.0,1.0,0,10.85972850678733,11.13252686640968,21.99225537319701,1.0,0
11,3,Bristol Palin,TV Personality,19.0,0.096,0.09597322,0.05,0,99,9.0,9.0,18.0,9.0,0,8.597285067873303,9.597321884832139,18.194606952705442,9.0,0
11,3,Florence Henderson,Actor/Actress,20.0,0.1106,0.107236736,0.05,0,5,7.0,2.0,9.0,5.0,0,9.049773755656108,10.72367347131592,19.773447226972028,7.0,0
11,3,Jennifer Grey,Actor/Actress,24.0,0.1054,0.10647175,0.05,0,99,2.0,3.0,5.0,2.0,0,10.85972850678733,10.647174872233903,21.50690337902123,3.0,0
11,3,Kurt Warner,Athlete,23.0,0.0955,0.09934359,0.05,0,8,5.0,6.0,11.0,7.0,0,10.407239819004525,9.934358880787695,20.341598699792222,6.0,0
11,3,Kyle Massey,Actor/Actress,23.0,0.1069,0.10560821,0.05,0,99,5.0,4.0,9.0,5.0,0,10.407239819004525,10.560820873270151,20.968060692274676,5.0,0
11,3,Margaret Cho,Comedian,18.0,0.0788,0.0769205,0.08,1,3,10.0,10.0,20.0,10.0,1,8.144796380090497,7.692049907695403,15.8368462877859,10.0,1
11,3,Rick Fox,Athlete,24.0,0.1035,0.101468936,0.05,0,7,2.0,5.0,7.0,3.0,0,10.85972850678733,10.14689347823728,21.00662198502461,4.0,0
11,3,The Situation,TV Personality,20.0,0.0993,0.09683134,0.05,0,4,7.0,8.0,15.0,8.0,0,9.049773755656108,9.683133883802395,18.732907639458503,8.0,0
11,4,Audrina Patridge,TV Personality,23.0,0.1075,0.10935469,0.05,0,6,3.0,6.0,9.0,4.0,0,12.849162011173185,10.935468715677816,23.784630726851,3.0,0
11,4,Brandy,Singer/Rapper,24.0,0.1256,0.12272165,0.05,0,9,2.0,2.0,4.0,2.0,0,13.40782122905028,12.27216468092372,25.679985909974,2.0,0
11,4,Bristol Palin,TV Personality,16.0,0.1039,0.10616133,0.05,0,99,8.0,8.0,16.0,8.0,0,8.938547486033519,10.616132723980549,19.55468021001407,8.0,0
11,4,Florence Henderson,Actor/Actress,17.5,0.1227,0.11706852,0.05,0,5,6.0,3.0,9.0,4.0,0,9.776536312849162,11.706851695621856,21.483388008471017,6.0,0
11,4,Jennifer Grey,Actor/Actress,28.0,0.1201,0.12318327,0.05,0,99,1.0,1.0,2.0,1.0,0,15.64245810055866,12.318326679723507,27.960784780282168,1.0,0
11,4,Kurt Warner,Athlete,17.0,0.1101,0.10881967,0.05,0,8,7.0,7.0,14.0,7.0,0,9.497206703910614,10.881966717068865,20.379173420979477,7.0,0
11,4,Kyle Massey,Actor/Actress,20.0,0.1176,0.11472324,0.05,0,99,4.0,4.0,8.0,3.0,0,11.1731843575419,11.472323701719585,22.645508059261484,4.0,0
11,4,Rick Fox,Athlete,19.5,0.106,0.11022833,0.05,0,7,5.0,5.0,10.0,6.0,0,10.893854748603351,11.02283271340635,21.9166874620097,5.0,0
11,4,The Situation,TV Personality,14.0,0.0865,0.087739326,0.08,1,4,9.0,9.0,18.0,9.0,1,7.82122905027933,8.77393237187776,16.59516142215709,9.0,1
11,5,Audrina Patridge,TV Personality,23.0,0.1226,0.12266203,0.05,0,6,5.0,5.0,10.0,5.0,0,12.637362637362637,12.266203318921287,24.903565956283924,5.0,0
11,5,Brandy,Singer/Rapper,27.0,0.137,0.13927108,0.05,0,9,1.0,1.0,2.0,1.0,0,14.835164835164836,13.927108362104818,28.762273197269653,1.0,0
11,5,Bristol Palin,TV Personality,18.0,0.1226,0.12101461,0.05,0,99,8.0,7.0,15.0,8.0,1,9.89010989010989,12.101461314637994,21.991571204747885,8.0,1
11,5,Florence Henderson,Actor/Actress,21.0,0.1021,0.105044104,0.08,1,5,6.0,8.0,14.0,7.0,0,11.538461538461538,10.504410673114679,22.042872211576217,7.0,0
11,5,Jennifer Grey,Actor/Actress,25.0,0.1344,0.13403939,0.05,0,99,2.0,2.0,4.0,2.0,0,13.736263736263737,13.403939348502425,27.140203084766163,2.0,0
11,5,Kurt Warner,Athlete,24.0,0.1226,0.12217958,0.05,0,8,3.0,6.0,9.0,4.0,0,13.186813186813188,12.217958317666916,25.404771504480102,4.0,0
11,5,Kyle Massey,Actor/Actress,20.0,0.136,0.13175328,0.05,0,99,7.0,3.0,10.0,5.0,0,10.989010989010989,13.175328342558537,24.164339331569526,6.0,0
11,5,Rick Fox,Athlete,24.0,0.1226,0.1240359,0.05,0,7,3.0,4.0,7.0,3.0,0,13.186813186813188,12.403590322493349,25.590403509306537,3.0,0
11,6,Audrina Patridge,TV Personality,31.9998,0.1155,0.11118228,0.08,1,6,2.0,7.0,9.0,5.0,0,15.45889285615942,11.118227221724093,26.577120077883514,6.0,0
11,6,Brandy,Singer/Rapper,35.9999,0.1617,0.16211389,0.05,0,9,1.0,1.0,2.0,1.0,0,17.391314849856983,16.211387865202852,33.602702715059834,1.0,0
11,6,Bristol Palin,TV Personality,27.9998,0.1387,0.14026782,0.05,0,99,6.0,6.0,12.0,7.0,1,13.526519171803963,14.026781018125329,27.553300189929292,5.0,0
11,6,Jennifer Grey,Actor/Actress,29.0,0.1493,0.15234618,0.05,0,99,5.0,2.0,7.0,2.0,0,14.009709211577045,15.234616933576813,29.244326145153856,3.0,0
11,6,Kurt Warner,Athlete,21.9999,0.1436,0.14145224,0.05,0,8,7.0,4.0,11.0,6.0,0,10.628006954612891,14.14522300983439,24.77322996444728,7.0,1
11,6,Kyle Massey,Actor/Actress,29.9999,0.1507,0.15130883,0.05,0,99,4.0,3.0,7.0,2.0,0,14.492754323323801,15.130881940838265,29.623636264162066,2.0,0
11,6,Rick Fox,Athlete,30.0,0.1405,0.14132883,0.05,0,7,3.0,5.0,8.0,4.0,0,14.49280263266591,14.132882010698259,28.625684643364167,4.0,0
11,7,Brandy,Singer/Rapper,36.5,0.189,0.17815433,0.05,0,9,1.0,1.0,2.0,1.0,0,17.505995203836928,17.81543371261735,35.32142891645428,1.0,0
11,7,Bristol Palin,TV Personality,32.5,0.1658,0.16391917,0.05,0,99,6.0,5.0,11.0,6.0,1,15.587529976019185,16.391917655676703,31.97944763169589,5.0,0
11,7,Jennifer Grey,Actor/Actress,36.5,0.1689,0.17135338,0.05,0,99,1.0,3.0,4.0,2.0,0,17.505995203836928,17.135338685413547,34.641333889250475,2.0,0
11,7,Kurt Warner,Athlete,35.0,0.1658,0.16679971,0.05,0,8,3.0,4.0,7.0,3.0,0,16.786570743405278,16.679971667198863,33.46654241060414,4.0,0
11,7,Kyle Massey,Actor/Actress,33.5,0.1724,0.17583998,0.05,0,99,5.0,2.0,7.0,3.0,0,16.06714628297362,17.58399870335995,33.65114498633357,3.0,0
11,7,Rick Fox,Athlete,34.5,0.1381,0.14393339,0.08,1,7,4.0,6.0,10.0,5.0,0,16.546762589928058,14.393339575733583,30.940102165661642,6.0,1
11,8,Brandy,Singer/Rapper,28.5,0.2245,0.21690145,0.05,0,9,1.0,1.0,2.0,1.0,0,21.50943396226415,21.690144566197112,43.19957852846126,1.0,0
11,8,Bristol Palin,TV Personality,23.5,0.1949,0.1968544,0.05,0,99,5.0,4.0,9.0,4.0,1,17.735849056603772,19.68543960629121,37.42128866289498,4.0,0
11,8,Jennifer Grey,Actor/Actress,28.5,0.2088,0.2121095,0.05,0,99,1.0,3.0,4.0,2.0,0,21.50943396226415,21.21094957578101,42.72038353804516,2.0,0
11,8,Kurt Warner,Athlete,24.0,0.1623,0.16077308,0.08,1,8,4.0,5.0,9.0,4.0,1,18.11320754716981,16.07730767845385,34.190515225623656,5.0,1
11,8,Kyle Massey,Actor/Actress,28.0,0.2095,0.21336159,0.05,0,99,3.0,2.0,5.0,3.0,0,21.132075471698116,21.33615857327683,42.46823404497495,3.0,0
11,9,Brandy,Singer/Rapper,28.5,0.2138,0.21694902,0.08,1,9,3.0,4.0,7.0,3.0,1,25.0,21.694902650847077,46.69490265084708,4.0,1
11,9,Bristol Palin,TV Personality,26.5,0.2566,0.23861274,0.05,0,99,4.0,3.0,7.0,3.0,1,23.24561403508772,23.861274715838242,47.10688875092596,3.0,0
11,9,Jennifer Grey,Actor/Actress,30.0,0.2597,0.27100658,0.05,0,99,1.0,2.0,3.0,1.0,0,26.31578947368421,27.100658813019766,53.416448286703975,1.0,0
11,9,Kyle Massey,Actor/Actress,29.0,0.2699,0.27343163,0.05,0,99,2.0,1.0,3.0,1.0,0,25.438596491228072,27.34316382029491,52.78176031152299,2.0,0
11,10,Bristol Palin,TV Personality,25.666600000000003,0.2794,0.284768,0.05,0,99,3.0,3.0,6.0,3.0,1,30.92368897274451,28.476799145696024,59.400488118440535,3.0,1
11,10,Jennifer Grey,Actor/Actress,30.0,0.3512,0.3497396,0.05,0,99,1.0,2.0,3.0,1.0,0,36.1446654088323,34.97395895078123,71.11862435961353,1.0,0
11,10,Kyle Massey,Actor/Actress,27.3332,0.3694,0.36549243,0.05,0,99,2.0,1.0,3.0,1.0,0,32.931645618423175,36.54924190352274,69.48088752194592,2.0,0
12,1,Chelsea Kane,Actor/Actress,21.0,0.0994,0.09817385,0.05,0,99,3.0,4.0,7.0,4.0,0,10.144927536231885,9.817386089729856,19.96231362596174,3.0,0
12,1,Chris Jericho,Athlete,19.0,0.0935,0.09185343,0.05,0,6,5.0,5.0,10.0,6.0,0,9.178743961352657,9.185344019573186,18.364087980925845,6.0,0
12,1,Hines Ward,Athlete,21.0,0.0931,0.09129691,0.05,0,99,3.0,6.0,9.0,5.0,0,10.144927536231885,9.129692013395813,19.274619549627698,5.0,0
12,1,Kendra Wilkinson,TV Personality,18.0,0.0855,0.08774373,0.05,0,7,7.0,8.0,15.0,7.0,0,8.695652173913043,8.77437397395551,17.470026147868552,7.0,0
12,1,Kirstie Alley,Actor/Actress,23.0,0.0974,0.09835781,0.05,0,99,2.0,3.0,5.0,2.0,0,11.11111111111111,9.835782091771812,20.946893202882922,2.0,0
12,1,Mike Catherwood,Radio Personality,13.0,0.0647,0.072335035,0.05,0,2,11.0,11.0,22.0,11.0,1,6.280193236714976,7.233504302918978,13.513697539633954,11.0,1
12,1,Petra Nemcova,Model,18.0,0.0825,0.083550714,0.05,0,5,7.0,10.0,17.0,9.0,0,8.695652173913043,8.355072327413028,17.050724501326073,9.0,0
12,1,Ralph Macchio,Actor/Actress,24.0,0.1009,0.09962779,0.05,0,9,1.0,2.0,3.0,1.0,0,11.594202898550725,9.96278010586859,21.556983004419315,1.0,0
12,1,Romeo,Singer/Rapper,19.0,0.1029,0.10120958,0.05,0,8,5.0,1.0,6.0,3.0,0,9.178743961352657,10.120959123426463,19.299703084779118,4.0,0
12,1,Sugar Ray Leonard,Athlete,17.0,0.0925,0.090291575,0.05,0,4,9.0,7.0,16.0,8.0,0,8.212560386473431,9.029158502236594,17.241718888710025,8.0,0
12,1,Wendy Williams,TV Personality,14.0,0.0875,0.085559465,0.05,0,3,10.0,9.0,19.0,10.0,0,6.763285024154589,8.555947449710166,15.319232473864755,10.0,0
12,2,Chelsea Kane,Actor/Actress,18.0,0.0978,0.09740662,0.05,0,99,7.0,4.0,11.0,6.0,0,8.333333333333332,9.740661980518677,18.07399531385201,6.0,0
12,2,Chris Jericho,Athlete,23.0,0.0924,0.09406834,0.05,0,6,1.0,5.0,6.0,2.0,0,10.648148148148149,9.406833981186333,20.054982129334483,2.0,0
12,2,Hines Ward,Athlete,23.0,0.0908,0.092311986,0.05,0,99,1.0,6.0,7.0,4.0,0,10.648148148148149,9.231198581537603,19.87934672968575,3.0,0
12,2,Kendra Wilkinson,TV Personality,19.0,0.0895,0.08863921,0.05,0,7,6.0,8.0,14.0,7.0,0,8.796296296296296,8.863920982272159,17.660217278568453,7.0,0
12,2,Kirstie Alley,Actor/Actress,20.0,0.1027,0.098381765,0.05,0,99,5.0,3.0,8.0,5.0,0,9.25925925925926,9.838176480323648,19.097435739582906,5.0,0
12,2,Mike Catherwood,Radio Personality,17.0,0.0674,0.06619079,0.08,1,2,9.0,11.0,20.0,11.0,1,7.87037037037037,6.619078986761842,14.489449357132212,11.0,1
12,2,Petra Nemcova,Model,18.0,0.085,0.08554648,0.05,0,5,7.0,10.0,17.0,9.0,0,8.333333333333332,8.554647982890703,16.887981316224035,9.0,0
12,2,Ralph Macchio,Actor/Actress,21.0,0.0946,0.098422065,0.05,0,9,4.0,2.0,6.0,2.0,0,9.722222222222223,9.842206480315587,19.56442870253781,4.0,0
12,2,Romeo,Singer/Rapper,23.0,0.1014,0.10130313,0.05,0,8,1.0,1.0,2.0,1.0,0,10.648148148148149,10.130312979739376,20.778461127887525,1.0,0
12,2,Sugar Ray Leonard,Athlete,17.0,0.0929,0.090556026,0.05,0,4,9.0,7.0,16.0,8.0,0,7.87037037037037,9.055602581888795,16.925972952259166,8.0,0
12,2,Wendy Williams,TV Personality,17.0,0.0855,0.08717359,0.05,0,3,9.0,9.0,18.0,10.0,0,7.87037037037037,8.717358982565282,16.587729352935654,10.0,0
12,3,Chelsea Kane,Actor/Actress,23.0,0.1072,0.10561778,0.05,0,99,3.0,3.0,6.0,1.0,0,10.74766355140187,10.56177756696712,21.309441118368987,2.0,0
12,3,Chris Jericho,Athlete,21.0,0.1012,0.101087965,0.05,0,6,5.0,6.0,11.0,7.0,0,9.813084112149532,10.108796085539359,19.921880197688893,8.0,0
12,3,Hines Ward,Athlete,25.0,0.1005,0.10180942,0.05,0,99,1.0,5.0,6.0,1.0,0,11.682242990654206,10.180941582581395,21.8631845732356,1.0,0
12,3,Kendra Wilkinson,TV Personality,23.0,0.0972,0.09784113,0.05,0,7,3.0,8.0,11.0,7.0,0,10.74766355140187,9.784112598851383,20.53177615025325,4.0,0
12,3,Kirstie Alley,Actor/Actress,21.0,0.1076,0.10623426,0.05,0,99,5.0,2.0,7.0,3.0,0,9.813084112149532,10.62342556443955,20.436509676589083,5.0,0
12,3,Petra Nemcova,Model,25.0,0.0928,0.09539541,0.05,0,5,1.0,9.0,10.0,6.0,0,11.682242990654206,9.539540608878834,21.22178359953304,3.0,0
12,3,Ralph Macchio,Actor/Actress,21.0,0.0999,0.10537969,0.05,0,9,5.0,4.0,9.0,4.0,0,9.813084112149532,10.537968567943286,20.35105268009282,7.0,0
12,3,Romeo,Singer/Rapper,20.0,0.1135,0.11016717,0.05,0,8,8.0,1.0,9.0,4.0,0,9.345794392523365,11.01671654831462,20.362510940837986,6.0,0
12,3,Sugar Ray Leonard,Athlete,20.0,0.1029,0.09924688,0.05,0,4,8.0,7.0,15.0,9.0,0,9.345794392523365,9.924687593087809,19.270481985611173,9.0,0
12,3,Wendy Williams,TV Personality,15.0,0.0772,0.077220336,0.08,1,3,10.0,10.0,20.0,10.0,1,7.009345794392523,7.722033283396634,14.731379077789157,10.0,1
12,4,Chelsea Kane,Actor/Actress,26.0,0.1195,0.11620816,0.05,0,99,1.0,4.0,5.0,1.0,0,12.62135922330097,11.620815662996346,24.242174886297317,1.0,0
12,4,Chris Jericho,Athlete,23.0,0.108,0.11174862,0.05,0,6,4.0,6.0,10.0,6.0,0,11.165048543689322,11.174861675929012,22.339910219618332,6.0,0
12,4,Hines Ward,Athlete,25.0,0.1111,0.112101555,0.05,0,99,2.0,5.0,7.0,4.0,0,12.135922330097088,11.2101551749055,23.34607750500259,3.0,0
12,4,Kendra Wilkinson,TV Personality,18.0,0.1066,0.109054394,0.05,0,7,9.0,7.0,16.0,8.0,0,8.737864077669903,10.905439083742268,19.64330316141217,8.0,0
12,4,Kirstie Alley,Actor/Actress,22.0,0.1168,0.118021905,0.05,0,99,7.0,2.0,9.0,5.0,0,10.679611650485436,11.802190157736485,22.48180180822192,5.0,0
12,4,Petra Nemcova,Model,23.0,0.1066,0.10716746,0.05,0,5,4.0,8.0,12.0,7.0,0,11.165048543689322,10.716745689214376,21.881794232903697,7.0,0
12,4,Ralph Macchio,Actor/Actress,25.0,0.1202,0.1171742,0.05,0,9,2.0,3.0,5.0,1.0,0,12.135922330097088,11.71741966019483,23.853341990291916,2.0,0
12,4,Romeo,Singer/Rapper,23.0,0.1225,0.12007334,0.05,0,8,4.0,1.0,5.0,1.0,0,11.165048543689322,12.007333651787325,23.172382195476647,4.0,0
12,4,Sugar Ray Leonard,Athlete,21.0,0.0888,0.088450395,0.08,1,4,8.0,9.0,17.0,9.0,1,10.194174757281553,8.845039243493863,19.039214000775416,9.0,1
12,5,Chelsea Kane,Actor/Actress,26.0,0.1354,0.13306041,0.05,0,99,2.0,2.0,4.0,2.0,0,13.402061855670103,13.306040933469795,26.7081027891399,2.0,0
12,5,Chris Jericho,Athlete,26.0,0.124,0.12654595,0.05,0,6,2.0,6.0,8.0,4.0,0,13.402061855670103,12.654594936727026,26.056656792397128,4.0,0
12,5,Hines Ward,Athlete,27.0,0.1246,0.12699784,0.05,0,99,1.0,5.0,6.0,3.0,0,13.917525773195877,12.69978393650108,26.617309709696954,3.0,0
12,5,Kendra Wilkinson,TV Personality,22.0,0.1233,0.12028411,0.05,0,7,6.0,7.0,13.0,7.0,0,11.34020618556701,12.028410939857945,23.368617125424954,7.0,0
12,5,Kirstie Alley,Actor/Actress,23.0,0.126,0.13137776,0.05,0,99,5.0,3.0,8.0,4.0,0,11.855670103092782,13.137775934311122,24.993446037403906,5.0,0
12,5,Petra Nemcova,Model,22.0,0.0958,0.096413635,0.08,1,5,6.0,8.0,14.0,8.0,1,11.34020618556701,9.641363451793183,20.981569637360195,8.0,1
12,5,Ralph Macchio,Actor/Actress,22.0,0.1373,0.1308124,0.05,0,9,6.0,4.0,10.0,6.0,0,11.34020618556701,13.0812399345938,24.42144612016081,6.0,0
12,5,Romeo,Singer/Rapper,26.0,0.1337,0.1345079,0.05,0,8,2.0,1.0,3.0,1.0,0,13.402061855670103,13.450789932746051,26.852851788416153,1.0,0
12,6,Chelsea Kane,Actor/Actress,28.0,0.1498,0.15045005,0.05,0,99,1.0,3.0,4.0,2.0,0,15.555555555555555,15.045004247749786,30.60055980330534,2.0,0
12,6,Chris Jericho,Athlete,22.0,0.1143,0.11305187,0.08,1,6,7.0,7.0,14.0,7.0,1,12.222222222222221,11.305186434740676,23.527408656962898,7.0,1
12,6,Hines Ward,Athlete,27.0,0.1392,0.14179039,0.05,0,99,3.0,5.0,8.0,4.0,0,15.0,14.179038291048082,29.17903829104808,4.0,0
12,6,Kendra Wilkinson,TV Personality,25.0,0.1372,0.13962689,0.05,0,7,5.0,6.0,11.0,6.0,0,13.88888888888889,13.962688301865583,27.851577190754472,6.0,0
12,6,Kirstie Alley,Actor/Actress,26.0,0.1525,0.1541398,0.05,0,99,4.0,1.0,5.0,3.0,0,14.444444444444443,15.413979229301036,29.858423673745477,3.0,0
12,6,Ralph Macchio,Actor/Actress,24.0,0.1502,0.1473033,0.05,0,9,6.0,4.0,10.0,5.0,0,13.333333333333334,14.730329263483535,28.06366259681687,5.0,0
12,6,Romeo,Singer/Rapper,28.0,0.1569,0.15363775,0.05,0,8,1.0,2.0,3.0,1.0,0,15.555555555555555,15.363774231811286,30.91932978736684,1.0,0
12,7,Chelsea Kane,Actor/Actress,32.0,0.1761,0.17276229,0.05,0,99,3.0,3.0,6.0,2.0,0,16.976127320954905,17.276230382098433,34.252357703053335,2.0,0
12,7,Hines Ward,Athlete,33.0,0.1619,0.16606961,0.05,0,99,1.0,5.0,6.0,2.0,0,17.50663129973475,16.60696232855699,34.11359362829174,3.0,0
12,7,Kendra Wilkinson,TV Personality,30.5,0.1308,0.13206744,0.08,1,7,4.0,6.0,10.0,6.0,1,16.180371352785148,13.206745056539607,29.387116409324754,6.0,1
12,7,Kirstie Alley,Actor/Actress,30.0,0.1742,0.17948292,0.05,0,99,5.0,1.0,6.0,2.0,0,15.915119363395224,17.948293435863473,33.8634127992587,4.0,0
12,7,Ralph Macchio,Actor/Actress,33.0,0.1751,0.17144065,0.05,0,9,1.0,4.0,5.0,1.0,0,17.50663129973475,17.14406637152531,34.65069767126006,1.0,0
12,7,Romeo,Singer/Rapper,30.0,0.1818,0.17817701,0.05,0,8,5.0,2.0,7.0,5.0,0,15.915119363395224,17.817702425416197,33.73282178881142,5.0,0
12,8,Chelsea Kane,Actor/Actress,27.5,0.2055,0.211319,0.05,0,99,1.0,1.0,2.0,1.0,0,21.153846153846153,21.1319,42.285746153846155,1.0,0
12,8,Hines Ward,Athlete,27.0,0.2055,0.20389885,0.05,0,99,2.0,4.0,6.0,2.0,0,20.76923076923077,20.389885,41.159115769230766,2.0,0
12,8,Kirstie Alley,Actor/Actress,26.5,0.2055,0.2055003,0.05,0,99,3.0,3.0,6.0,2.0,0,20.384615384615383,20.55003,40.93464538461538,3.0,0
12,8,Ralph Macchio,Actor/Actress,23.0,0.2125,0.20882425,0.05,0,9,5.0,2.0,7.0,4.0,0,17.692307692307693,20.882424999999998,38.57473269230769,4.0,0
12,8,Romeo,Singer/Rapper,26.0,0.1711,0.1704576,0.08,1,8,4.0,5.0,9.0,5.0,1,20.0,17.045759999999998,37.04576,5.0,1
12,9,Chelsea Kane,Actor/Actress,36.5,0.2593,0.2608919,0.05,0,99,1.0,2.0,3.0,1.0,0,31.06382978723404,26.089192087135366,57.15302187436941,1.0,0
12,9,Hines Ward,Athlete,30.0,0.2593,0.25815046,0.05,0,99,2.0,3.0,5.0,3.0,0,25.53191489361702,25.81504806520385,51.34696295882087,2.0,0
12,9,Kirstie Alley,Actor/Actress,27.0,0.2653,0.26426506,0.05,0,99,3.0,1.0,4.0,2.0,0,22.97872340425532,26.42650811412065,49.40523151837597,3.0,0
12,9,Ralph Macchio,Actor/Actress,24.0,0.216,0.2166925,0.08,1,9,4.0,4.0,8.0,4.0,1,20.425531914893615,21.669251733540136,42.09478364843375,4.0,1
12,10,Chelsea Kane,Actor/Actress,29.666600000000003,0.3556,0.32437187,0.05,0,99,1.0,2.0,3.0,1.0,0,33.969480071129965,32.43718797311564,66.4066680442456,2.0,0
12,10,Hines Ward,Athlete,29.666600000000003,0.2923,0.31637824,0.05,0,99,1.0,3.0,4.0,2.0,1,33.969480071129965,31.637824949134746,65.6073050202647,3.0,1
12,10,Kirstie Alley,Actor/Actress,27.9999,0.3522,0.35924986,0.05,0,99,3.0,1.0,4.0,2.0,1,32.06103985774008,35.92498707774961,67.98602693548969,1.0,0
13,1,Carson Kressley,TV Personality,17.0,0.0799,0.07984544,0.05,0,5,7.0,8.0,15.0,7.0,0,7.834101382488479,7.984543824340036,15.818645206828513,7.0,0
13,1,Chaz Bono,TV Personality,17.0,0.0798,0.07966411,0.05,0,6,7.0,9.0,16.0,8.0,0,7.834101382488479,7.9664108247389605,15.800512207227438,8.0,0
13,1,Chynna Phillips,Singer/Rapper,22.0,0.0926,0.09263634,0.05,0,4,1.0,1.0,2.0,1.0,0,10.138248847926267,9.263633796200056,19.401882644126324,1.0,0
13,1,David Arquette,Actor/Actress,18.0,0.0902,0.09042056,0.05,0,7,6.0,2.0,8.0,4.0,0,8.294930875576037,9.042055801074772,17.33698667665081,5.0,0
13,1,Elisabetta Canalis,Actor/Actress,15.0,0.09,0.08510445,0.05,0,2,11.0,5.0,16.0,8.0,0,6.912442396313365,8.510444812770213,15.422887209083578,9.0,0
13,1,Hope Solo,Athlete,21.0,0.0845,0.08472421,0.05,0,9,3.0,6.0,9.0,5.0,0,9.67741935483871,8.472420813606742,18.14984016844545,4.0,0
13,1,J.R. Martinez,Actor/Actress,22.0,0.0877,0.089413226,0.05,0,99,1.0,4.0,5.0,2.0,0,10.138248847926267,8.941322403290906,19.079571251217175,2.0,0
13,1,Kristin Cavallari,TV Personality,19.0,0.0806,0.08048263,0.05,0,3,5.0,7.0,12.0,6.0,0,8.755760368663594,8.048262822938218,16.804023191601814,6.0,0
13,1,Metta World Peace (Ron),Athlete,14.0,0.0664,0.069883816,0.08,1,1,12.0,12.0,24.0,12.0,1,6.451612903225806,6.988381446255608,13.439994349481413,12.0,1
13,1,Nancy Grace,TV Personality,16.0,0.0798,0.0788116,0.05,0,8,9.0,11.0,20.0,11.0,0,7.373271889400922,7.881159826614483,15.254431716015404,11.0,0
13,1,Ricki Lake,Actor/Actress,20.0,0.0886,0.09004719,0.05,0,99,4.0,3.0,7.0,3.0,0,9.216589861751153,9.004718801896185,18.22130866364734,3.0,0
13,1,Rob Kardashian,TV Personality,16.0,0.0798,0.07896645,0.05,0,99,9.0,10.0,19.0,10.0,0,7.373271889400922,7.896644826273813,15.269916715674736,10.0,0
13,2,Carson Kressley,TV Personality,18.0,0.0877,0.087488845,0.05,0,5,9.0,9.0,18.0,10.0,0,8.071748878923767,8.748885383637422,16.82063426256119,9.0,0
13,2,Chaz Bono,TV Personality,17.0,0.0877,0.08740104,0.05,0,6,11.0,10.0,21.0,11.0,1,7.623318385650224,8.740104882750591,16.363423268400815,11.0,1
13,2,Chynna Phillips,Singer/Rapper,21.0,0.102,0.10001818,0.05,0,4,4.0,1.0,5.0,2.0,0,9.417040358744394,10.001819010183718,19.41885936892811,3.0,0
13,2,David Arquette,Actor/Actress,18.0,0.1,0.09782546,0.05,0,7,9.0,3.0,12.0,6.0,0,8.071748878923767,9.782546988037245,17.85429586696101,7.0,0
13,2,Elisabetta Canalis,Actor/Actress,21.0,0.073,0.0739545,0.08,1,2,4.0,11.0,15.0,9.0,0,9.417040358744394,7.395450746940526,16.81249110568492,10.0,0
13,2,Hope Solo,Athlete,19.0,0.0914,0.091933124,0.05,0,9,8.0,5.0,13.0,8.0,0,8.520179372197308,9.193313328524647,17.713492700721957,8.0,0
13,2,J.R. Martinez,Actor/Actress,22.0,0.0986,0.09732106,0.05,0,99,2.0,4.0,6.0,3.0,0,9.865470852017937,9.732106982942804,19.59757783496074,2.0,0
13,2,Kristin Cavallari,TV Personality,22.0,0.0877,0.08979638,0.05,0,3,2.0,6.0,8.0,4.0,0,9.865470852017937,8.979638906943528,18.845109758961463,4.0,0
13,2,Nancy Grace,TV Personality,21.0,0.089,0.08806871,0.05,0,8,4.0,8.0,12.0,6.0,0,9.417040358744394,8.80687188949406,18.223912248238456,6.0,0
13,2,Ricki Lake,Actor/Actress,23.0,0.0953,0.09797911,0.05,0,99,1.0,2.0,3.0,1.0,0,10.31390134529148,9.79791198958911,20.11181333488059,1.0,0
13,2,Rob Kardashian,TV Personality,21.0,0.0877,0.08821349,0.05,0,99,4.0,7.0,11.0,5.0,0,9.417040358744394,8.821349890956338,18.238390249700732,5.0,0
13,3,Carson Kressley,TV Personality,23.0,0.0961,0.09729024,0.05,0,5,8.0,8.0,16.0,8.0,0,9.70464135021097,9.729023387071528,19.4336647372825,7.0,0
13,3,Chaz Bono,TV Personality,18.0,0.0947,0.09532286,0.05,0,6,10.0,9.0,19.0,10.0,1,7.59493670886076,9.53228539946602,17.12722210832678,10.0,1
13,3,Chynna Phillips,Singer/Rapper,26.0,0.1124,0.112508975,0.05,0,4,2.0,1.0,3.0,1.0,0,10.970464135021098,11.250896791193503,22.2213609262146,1.0,0
13,3,David Arquette,Actor/Actress,24.0,0.1118,0.106702484,0.05,0,7,4.0,3.0,7.0,4.0,0,10.126582278481013,10.670247727774393,20.796830006255405,4.0,0
13,3,Hope Solo,Athlete,24.0,0.104,0.10087637,0.05,0,9,4.0,5.0,9.0,5.0,0,10.126582278481013,10.08763636447891,20.214218642959924,5.0,0
13,3,J.R. Martinez,Actor/Actress,26.0,0.1091,0.10647357,0.05,0,99,2.0,4.0,6.0,3.0,0,10.970464135021098,10.647356329216553,21.617820464237653,3.0,0
13,3,Kristin Cavallari,TV Personality,24.0,0.0769,0.07855492,0.08,1,3,4.0,10.0,14.0,7.0,0,10.126582278481013,7.855491505104036,17.98207378358505,9.0,0
13,3,Nancy Grace,TV Personality,21.0,0.0974,0.09746884,0.05,0,8,9.0,7.0,16.0,8.0,0,8.860759493670885,9.746883385946347,18.60764287961723,8.0,0
13,3,Ricki Lake,Actor/Actress,27.0,0.1052,0.10699804,0.05,0,99,1.0,2.0,3.0,1.0,0,11.39240506329114,10.699803325912391,22.09220838920353,2.0,0
13,3,Rob Kardashian,TV Personality,24.0,0.0924,0.097803764,0.05,0,99,4.0,6.0,10.0,6.0,0,10.126582278481013,9.780375783836327,19.90695806231734,6.0,0
13,4,Carson Kressley,TV Personality,20.0,0.1095,0.10863552,0.05,0,5,9.0,6.0,15.0,8.0,1,9.569377990430622,10.86355228245236,20.432930272882984,8.0,0
13,4,Chaz Bono,TV Personality,21.0,0.1097,0.107327335,0.05,0,6,6.0,8.0,14.0,7.0,0,10.047846889952153,10.732733779051078,20.78058066900323,7.0,0
13,4,Chynna Phillips,Singer/Rapper,21.0,0.0912,0.094212525,0.08,1,4,6.0,9.0,15.0,8.0,1,10.047846889952153,9.421252744952573,19.469099634904726,9.0,1
13,4,David Arquette,Actor/Actress,23.0,0.1237,0.11890605,0.05,0,7,5.0,3.0,8.0,4.0,0,11.004784688995215,11.890605309155738,22.895389998150954,3.0,0
13,4,Hope Solo,Athlete,24.0,0.113,0.11306508,0.05,0,9,3.0,4.0,7.0,3.0,0,11.483253588516746,11.306508293969216,22.789761882485962,4.0,0
13,4,J.R. Martinez,Actor/Actress,26.0,0.1144,0.11951891,0.05,0,99,2.0,2.0,4.0,2.0,0,12.440191387559809,11.951891310749176,24.392082698308982,2.0,0
13,4,Nancy Grace,TV Personality,21.0,0.1104,0.10792892,0.05,0,8,6.0,7.0,13.0,6.0,0,10.047846889952153,10.792892280615199,20.840739170567353,6.0,0
13,4,Ricki Lake,Actor/Actress,29.0,0.1185,0.120968774,0.05,0,99,1.0,1.0,2.0,1.0,0,13.875598086124402,12.09687771451882,25.972475800643224,1.0,0
13,4,Rob Kardashian,TV Personality,24.0,0.1095,0.10943686,0.05,0,99,3.0,5.0,8.0,4.0,0,11.483253588516746,10.943686284535843,22.42693987305259,5.0,0
13,5,Carson Kressley,TV Personality,19.0,0.103,0.10206831,0.08,1,5,8.0,8.0,16.0,8.0,1,10.106382978723403,10.206830795863382,20.313213774586785,8.0,1
13,5,Chaz Bono,TV Personality,21.0,0.1237,0.12192043,0.05,0,6,7.0,7.0,14.0,7.0,0,11.170212765957446,12.192042756159143,23.36225552211659,7.0,0
13,5,David Arquette,Actor/Actress,25.0,0.1349,0.13347456,0.05,0,7,2.0,2.0,4.0,2.0,0,13.297872340425531,13.347455733050884,26.645328073476414,2.0,0
13,5,Hope Solo,Athlete,24.0,0.125,0.12716277,0.05,0,9,4.0,4.0,8.0,5.0,0,12.76595744680851,12.716276745674465,25.482234192482977,5.0,0
13,5,J.R. Martinez,Actor/Actress,28.0,0.1316,0.1360116,0.05,0,99,1.0,1.0,2.0,1.0,0,14.893617021276595,13.601159727976805,28.4947767492534,1.0,0
13,5,Nancy Grace,TV Personality,22.0,0.1237,0.12195635,0.05,0,8,6.0,6.0,12.0,6.0,0,11.702127659574469,12.195634756087303,23.897762415661774,6.0,0
13,5,Ricki Lake,Actor/Actress,24.0,0.1315,0.13322967,0.05,0,99,4.0,3.0,7.0,3.0,0,12.76595744680851,13.322966733540664,26.088924180349174,3.0,0
13,5,Rob Kardashian,TV Personality,25.0,0.1266,0.12417633,0.05,0,99,2.0,5.0,7.0,3.0,0,13.297872340425531,12.417632751647343,25.715505092072874,4.0,0
13,6,Chaz Bono,TV Personality,19.0,0.1129,0.11620597,0.08,1,6,7.0,7.0,14.0,7.0,1,11.44578313253012,11.620596883794029,23.06638001632415,7.0,1
13,6,David Arquette,Actor/Actress,23.0,0.1568,0.15141007,0.05,0,7,4.0,2.0,6.0,3.0,0,13.855421686746988,15.14100684858993,28.996428535336918,3.0,0
13,6,Hope Solo,Athlete,20.0,0.1436,0.14254168,0.05,0,9,6.0,5.0,11.0,6.0,0,12.048192771084338,14.254167857458318,26.302360628542658,6.0,0
13,6,J.R. Martinez,Actor/Actress,29.0,0.1538,0.15717894,0.05,0,99,1.0,1.0,2.0,1.0,0,17.46987951807229,15.717893842821058,33.187773360893345,1.0,0
13,6,Nancy Grace,TV Personality,24.0,0.1385,0.13970271,0.05,0,8,3.0,6.0,9.0,4.0,0,14.457831325301203,13.97027086029729,28.428102185598494,4.0,0
13,6,Ricki Lake,Actor/Actress,29.0,0.1461,0.14956734,0.05,0,99,1.0,3.0,4.0,2.0,0,17.46987951807229,14.956733850432657,32.426613368504945,2.0,0
13,6,Rob Kardashian,TV Personality,22.0,0.1483,0.1433933,0.05,0,99,5.0,4.0,9.0,4.0,0,13.253012048192772,14.3393298566067,27.592341904799472,5.0,0
13,7,David Arquette,Actor/Actress,23.5,0.1408,0.14200123,0.08,1,7,5.0,6.0,11.0,5.0,1,16.040955631399317,14.200123000000001,30.24107863139932,6.0,1
13,7,Hope Solo,Athlete,25.0,0.1693,0.17018226,0.05,0,9,3.0,3.0,6.0,2.0,0,17.064846416382252,17.018226,34.08307241638225,3.0,0
13,7,J.R. Martinez,Actor/Actress,24.0,0.1764,0.17453952,0.05,0,99,4.0,2.0,6.0,2.0,0,16.38225255972696,17.453952,33.836204559726966,4.0,0
13,7,Nancy Grace,TV Personality,22.0,0.169,0.1669416,0.05,0,8,6.0,5.0,11.0,5.0,1,15.017064846416384,16.69416,31.711224846416386,5.0,0
13,7,Ricki Lake,Actor/Actress,26.5,0.1736,0.1771281,0.05,0,99,1.0,1.0,2.0,1.0,0,18.088737201365188,17.71281,35.80154720136519,1.0,0
13,7,Rob Kardashian,TV Personality,25.5,0.171,0.16920729,0.05,0,99,2.0,4.0,6.0,2.0,0,17.4061433447099,16.920729,34.3268723447099,2.0,0
13,8,Hope Solo,Athlete,26.0,0.2064,0.20591357,0.05,0,9,2.0,3.0,5.0,3.0,0,20.077220077220076,20.59135658817287,40.66857666539295,3.0,0
13,8,J.R. Martinez,Actor/Actress,30.0,0.2187,0.21269153,0.05,0,99,1.0,1.0,2.0,1.0,0,23.166023166023166,21.26915257461695,44.43517574064012,1.0,0
13,8,Nancy Grace,TV Personality,22.0,0.1637,0.16579656,0.08,1,8,5.0,5.0,10.0,5.0,1,16.988416988416986,16.57965566840689,33.56807265682387,5.0,1
13,8,Ricki Lake,Actor/Actress,26.0,0.2147,0.21180396,0.05,0,99,2.0,2.0,4.0,2.0,0,20.077220077220076,21.18039557639209,41.25761565361216,2.0,0
13,8,Rob Kardashian,TV Personality,25.5,0.1965,0.2037944,0.05,0,99,4.0,4.0,8.0,4.0,0,19.69111969111969,20.37943959241121,40.0705592835309,4.0,0
13,9,Hope Solo,Athlete,24.4998,0.2083,0.21190357,0.08,1,9,4.0,4.0,8.0,4.0,1,20.675023945248718,21.190356152385757,41.86538009763447,4.0,1
13,9,J.R. Martinez,Actor/Actress,28.0,0.2744,0.26555037,0.05,0,99,3.0,2.0,5.0,2.0,0,23.62879168266533,26.55503593779856,50.18382762046389,3.0,0
13,9,Ricki Lake,Actor/Actress,33.4999,0.2673,0.2691058,0.05,0,99,1.0,1.0,2.0,1.0,0,28.270077088932865,26.910578923576843,55.18065601250971,1.0,0
13,9,Rob Kardashian,TV Personality,32.4998,0.25,0.2534403,0.05,0,99,2.0,3.0,5.0,2.0,0,27.426107283153094,25.344028986238843,52.77013626939194,2.0,0
13,10,J.R. Martinez,Actor/Actress,28.1665,0.3628,0.35654423,0.05,0,99,2.0,1.0,3.0,1.0,0,33.33329388541484,35.65442193036734,68.98771581578218,1.0,0
13,10,Ricki Lake,Actor/Actress,27.9999,0.371,0.35527968,0.05,0,99,3.0,2.0,5.0,3.0,1,33.13613318879616,35.527966934160986,68.66410012295714,2.0,0
13,10,Rob Kardashian,TV Personality,28.3332,0.2662,0.28817612,0.05,0,99,1.0,3.0,4.0,2.0,0,33.530572925788995,28.81761113547166,62.34818406126065,3.0,1
14,1,Donald Driver,Athlete,21.0,0.0791,0.078426264,0.05,0,99,8.0,11.0,19.0,10.0,0,7.777777777777778,7.842626062767079,15.620403840544856,10.0,0
14,1,Gavin DeGraw,Singer/Rapper,20.0,0.0901,0.087698095,0.05,0,5,10.0,2.0,12.0,6.0,0,7.4074074074074066,8.769809122898208,16.177216530305614,8.0,0
14,1,Gladys Knight,Singer/Rapper,23.0,0.0883,0.08753482,0.05,0,6,4.0,3.0,7.0,3.0,0,8.518518518518519,8.75348162360029,17.27200014211881,3.0,0
14,1,Jack Wagner,Actor/Actress,23.0,0.0837,0.08328615,0.05,0,3,4.0,7.0,11.0,5.0,0,8.518518518518519,8.32861464186957,16.84713316038809,5.0,0
14,1,Jaleel White,Actor/Actress,26.0,0.0852,0.08463484,0.05,0,7,1.0,4.0,5.0,2.0,0,9.62962962962963,8.463483636070205,18.093113265699834,2.0,0
14,1,Katherine Jenkins,Singer/Rapper,26.0,0.0899,0.08954885,0.05,0,99,1.0,1.0,2.0,1.0,0,9.62962962962963,8.954884614939962,18.58451424456959,1.0,0
14,1,Maria Menounos,TV Personality,21.0,0.0623,0.07442873,0.05,0,9,8.0,12.0,20.0,11.0,1,7.777777777777778,7.442872679956475,15.220650457734251,12.0,1
14,1,Martina Navratilova,Athlete,20.0,0.0799,0.08004465,0.05,0,2,10.0,10.0,20.0,11.0,1,7.4074074074074066,8.004464655808018,15.411872063215425,11.0,0
14,1,Melissa Gilbert,Actor/Actress,20.0,0.0874,0.084529094,0.05,0,8,10.0,5.0,15.0,9.0,0,7.4074074074074066,8.452909036524911,15.860316443932318,9.0,0
14,1,Roshon Fegan,Actor/Actress,23.0,0.0857,0.083254375,0.05,0,8,4.0,8.0,12.0,6.0,0,8.518518518518519,8.325437142006203,16.84395566052472,6.0,0
14,1,Sherri Sheperd,Actor/Actress,23.0,0.0842,0.08310879,0.05,0,4,4.0,9.0,13.0,8.0,0,8.518518518518519,8.310878642632218,16.829397161150737,7.0,0
14,1,William Levy,Actor/Actress,24.0,0.0842,0.083505385,0.05,0,99,3.0,6.0,9.0,4.0,0,8.88888888888889,8.35053814092686,17.23942702981575,4.0,0
14,2,Donald Driver,Athlete,24.0,0.0795,0.07945504,0.05,0,99,5.0,10.0,15.0,7.0,0,8.921933085501859,7.945504270147145,16.867437355649002,6.0,0
14,2,Gavin DeGraw,Singer/Rapper,21.0,0.0859,0.08861508,0.05,0,5,8.0,3.0,11.0,4.0,0,7.806691449814126,8.861508301291282,16.66819975110541,7.0,0
14,2,Gladys Knight,Singer/Rapper,19.0,0.09,0.088878796,0.05,0,6,11.0,2.0,13.0,5.0,0,7.063197026022305,8.887879902187915,15.95107692821022,11.0,0
14,2,Jack Wagner,Actor/Actress,21.0,0.084,0.084893495,0.05,0,3,8.0,7.0,15.0,7.0,0,7.806691449814126,8.489349788637893,16.29604123845202,9.0,0
14,2,Jaleel White,Actor/Actress,22.0,0.086,0.084702805,0.05,0,7,7.0,8.0,15.0,7.0,0,8.178438661710038,8.470280787989546,16.648719449699584,8.0,0
14,2,Katherine Jenkins,Singer/Rapper,26.0,0.0924,0.09057616,0.05,0,99,1.0,1.0,2.0,1.0,0,9.66542750929368,9.057616307958954,18.723043817252634,1.0,0
14,2,Maria Menounos,TV Personality,25.0,0.0795,0.07733721,0.05,0,9,3.0,11.0,14.0,6.0,0,9.293680297397769,7.733721262946523,17.02740156034429,4.0,0
14,2,Martina Navratilova,Athlete,17.0,0.0662,0.06305132,0.08,1,2,12.0,12.0,24.0,12.0,1,6.319702602230483,6.305132214374494,12.624834816604977,12.0,1
14,2,Melissa Gilbert,Actor/Actress,20.0,0.0841,0.08604188,0.05,0,8,10.0,5.0,15.0,7.0,0,7.434944237918216,8.604188292542402,16.039132530460616,10.0,0
14,2,Roshon Fegan,Actor/Actress,26.0,0.0867,0.08638733,0.05,0,8,1.0,4.0,5.0,2.0,0,9.66542750929368,8.638733293716932,18.30416080301061,2.0,0
14,2,Sherri Sheperd,Actor/Actress,23.0,0.0805,0.08457081,0.05,0,4,6.0,9.0,15.0,7.0,0,8.550185873605948,8.457081287540763,17.00726716114671,5.0,0
14,2,William Levy,Actor/Actress,25.0,0.0853,0.08549004,0.05,0,99,3.0,6.0,9.0,3.0,0,9.293680297397769,8.549004290666145,17.842684588063914,3.0,0
14,3,Donald Driver,Athlete,26.0,0.084,0.088481724,0.05,0,99,4.0,9.0,13.0,7.0,0,9.285714285714286,8.848172417696345,18.13388670341063,7.0,0
14,3,Gavin DeGraw,Singer/Rapper,24.0,0.1006,0.09651064,0.05,0,5,7.0,3.0,10.0,4.0,0,8.571428571428571,9.65106401930213,18.222492590730702,5.0,0
14,3,Gladys Knight,Singer/Rapper,24.0,0.0997,0.09813238,0.05,0,6,7.0,2.0,9.0,3.0,0,8.571428571428571,9.813238019626478,18.38466659105505,3.0,0
14,3,Jack Wagner,Actor/Actress,24.0,0.07,0.06811269,0.08,1,3,7.0,11.0,18.0,11.0,1,8.571428571428571,6.81126901362254,15.382697585051112,11.0,1
14,3,Jaleel White,Actor/Actress,25.0,0.0948,0.09183946,0.05,0,7,5.0,7.0,12.0,6.0,0,8.928571428571429,9.183946018367893,18.11251744693932,8.0,0
14,3,Katherine Jenkins,Singer/Rapper,29.0,0.0991,0.09928814,0.05,0,99,1.0,1.0,2.0,1.0,0,10.357142857142858,9.92881401985763,20.285956877000487,1.0,0
14,3,Maria Menounos,TV Personality,27.0,0.084,0.08551701,0.05,0,9,3.0,10.0,13.0,7.0,0,9.642857142857144,8.551701017103404,18.19455815996055,6.0,0
14,3,Melissa Gilbert,Actor/Actress,24.0,0.0937,0.09290376,0.05,0,8,7.0,6.0,13.0,7.0,0,8.571428571428571,9.290376018580753,17.861804590009324,9.0,0
14,3,Roshon Fegan,Actor/Actress,25.0,0.0932,0.093269564,0.05,0,8,5.0,5.0,10.0,4.0,0,8.928571428571429,9.326956418653914,18.255527847225345,4.0,0
14,3,Sherri Sheperd,Actor/Actress,24.0,0.0898,0.09170837,0.05,0,4,7.0,8.0,15.0,10.0,0,8.571428571428571,9.170837018341675,17.74226558977025,10.0,0
14,3,William Levy,Actor/Actress,28.0,0.0911,0.09423626,0.05,0,99,2.0,4.0,6.0,2.0,0,10.0,9.423626018847253,19.42362601884725,2.0,0
14,4,Donald Driver,Athlete,27.0,0.0947,0.09832307,0.05,0,99,1.0,8.0,9.0,4.0,0,11.587982832618025,9.832306832850783,21.420289665468808,2.0,0
14,4,Gavin DeGraw,Singer/Rapper,23.0,0.1109,0.105929784,0.05,0,5,5.0,3.0,8.0,3.0,0,9.871244635193133,10.592978219919368,20.464222855112503,5.0,0
14,4,Gladys Knight,Singer/Rapper,20.0,0.0996,0.10675377,0.05,0,6,10.0,2.0,12.0,7.0,0,8.583690987124463,10.675376818518593,19.259067805643056,9.0,0
14,4,Jaleel White,Actor/Actress,22.0,0.1026,0.100779004,0.05,0,7,6.0,7.0,13.0,9.0,0,9.44206008583691,10.077900228675695,19.519960314512605,8.0,0
14,4,Katherine Jenkins,Singer/Rapper,24.0,0.1117,0.11033437,0.05,0,99,4.0,1.0,5.0,1.0,0,10.300429184549357,11.033436812431574,21.333865996980933,3.0,0
14,4,Maria Menounos,TV Personality,26.0,0.0928,0.09650647,0.05,0,9,2.0,9.0,11.0,5.0,0,11.158798283261802,9.650646835939003,20.809445119200806,4.0,0
14,4,Melissa Gilbert,Actor/Actress,22.0,0.1041,0.10157882,0.05,0,8,6.0,5.0,11.0,5.0,0,9.44206008583691,10.157881827316007,19.599941913152918,6.0,0
14,4,Roshon Fegan,Actor/Actress,26.0,0.1059,0.102669835,0.05,0,8,2.0,4.0,6.0,2.0,0,11.158798283261802,10.266983325461283,21.425781608723085,1.0,0
14,4,Sherri Sheperd,Actor/Actress,21.0,0.0773,0.076278254,0.08,1,4,9.0,10.0,19.0,10.0,1,9.012875536480687,7.627825270326969,16.640700806807658,10.0,1
14,4,William Levy,Actor/Actress,22.0,0.1002,0.10084664,0.05,0,99,6.0,6.0,12.0,7.0,0,9.44206008583691,10.084663828560714,19.526723914397625,7.0,0
14,5,Donald Driver,Athlete,27.0,0.1113,0.10846453,0.05,0,99,3.0,7.0,10.0,5.0,0,12.053571428571429,10.846452490216732,22.90002391878816,4.0,0
14,5,Gavin DeGraw,Singer/Rapper,19.0,0.0892,0.08772043,0.08,1,5,9.0,9.0,18.0,9.0,1,8.482142857142858,8.772042587713997,17.254185444856855,9.0,1
14,5,Gladys Knight,Singer/Rapper,22.0,0.1136,0.117073536,0.05,0,6,7.0,2.0,9.0,4.0,0,9.821428571428571,11.707353049754406,21.52878162118298,7.0,0
14,5,Jaleel White,Actor/Actress,24.0,0.1142,0.11306044,0.05,0,7,6.0,6.0,12.0,7.0,0,10.714285714285714,11.306043468615956,22.02032918290167,6.0,0
14,5,Katherine Jenkins,Singer/Rapper,29.0,0.1207,0.12050161,0.05,0,99,1.0,1.0,2.0,1.0,0,12.946428571428573,12.050160433642459,24.99658900507103,1.0,0
14,5,Maria Menounos,TV Personality,27.0,0.1071,0.107723095,0.05,0,9,3.0,8.0,11.0,6.0,0,12.053571428571429,10.772308993701477,22.825880422272906,5.0,0
14,5,Melissa Gilbert,Actor/Actress,21.0,0.1107,0.113667175,0.05,0,8,8.0,5.0,13.0,8.0,0,9.375,11.3667169657643,20.7417169657643,8.0,0
14,5,Roshon Fegan,Actor/Actress,26.0,0.118,0.116150476,0.05,0,8,5.0,3.0,8.0,3.0,0,11.607142857142858,11.615047054092788,23.222189911235645,3.0,0
14,5,William Levy,Actor/Actress,29.0,0.1152,0.115638755,0.05,0,99,1.0,4.0,5.0,2.0,0,12.946428571428573,11.563874956497875,24.510303527926446,2.0,0
14,6,Donald Driver,Athlete,33.9999,0.1254,0.12459549,0.05,0,99,4.0,6.0,10.0,5.0,0,13.178291569008135,12.459549124595492,25.63784069360363,4.0,0
14,6,Gladys Knight,Singer/Rapper,24.0,0.1027,0.09825793,0.08,1,6,8.0,8.0,16.0,8.0,1,9.302350820331686,9.82579309825793,19.128143918589615,8.0,1
14,6,Jaleel White,Actor/Actress,36.9998,0.1233,0.132912,0.05,0,7,2.0,2.0,4.0,2.0,0,14.341046661754511,13.291200132912001,27.632246794666514,2.0,0
14,6,Katherine Jenkins,Singer/Rapper,38.9999,0.1344,0.1336626,0.05,0,99,1.0,1.0,2.0,1.0,0,15.116281323243902,13.366260133662603,28.482541456906503,1.0,0
14,6,Maria Menounos,TV Personality,29.9999,0.1233,0.12072705,0.05,0,9,6.0,7.0,13.0,7.0,0,11.627899765619523,12.072705120727052,23.700604886346575,7.0,0
14,6,Melissa Gilbert,Actor/Actress,30.0,0.1331,0.1307175,0.05,0,8,5.0,3.0,8.0,4.0,0,11.627938525414606,13.071750130717499,24.699688656132103,5.0,0
14,6,Roshon Fegan,Actor/Actress,27.9998,0.1279,0.12947936,0.05,0,8,7.0,5.0,12.0,6.0,0,10.85266510413013,12.94793612947936,23.80060123360949,6.0,0
14,6,William Levy,Actor/Actress,36.0,0.1297,0.12964806,0.05,0,99,3.0,4.0,7.0,3.0,0,13.953526230497527,12.964806129648062,26.91833236014559,3.0,0
14,7,Donald Driver,Athlete,26.5,0.1408,0.14528807,0.05,0,99,3.0,4.0,7.0,3.0,0,14.441416893732969,14.528807363220183,28.970224256953152,5.0,0
14,7,Jaleel White,Actor/Actress,25.5,0.1152,0.115359165,0.08,1,7,6.0,7.0,13.0,7.0,1,13.896457765667575,11.535916788397921,25.432374554065497,7.0,1
14,7,Katherine Jenkins,Singer/Rapper,27.0,0.1527,0.15213603,0.05,0,99,2.0,1.0,3.0,1.0,0,14.713896457765669,15.213603380340086,29.927499838105753,1.0,0
14,7,Maria Menounos,TV Personality,28.5,0.1384,0.13975865,0.05,0,9,1.0,6.0,7.0,3.0,0,15.531335149863759,13.975865349396635,29.507200499260392,3.0,0
14,7,Melissa Gilbert,Actor/Actress,23.5,0.1464,0.14487667,0.05,0,8,7.0,5.0,12.0,6.0,0,12.806539509536785,14.487667362191686,27.29420687172847,6.0,0
14,7,Roshon Fegan,Actor/Actress,26.0,0.1514,0.15062045,0.05,0,8,5.0,3.0,8.0,5.0,0,14.168937329700274,15.062045376551133,29.230982706251407,4.0,0
14,7,William Levy,Actor/Actress,26.5,0.1551,0.15196094,0.05,0,99,3.0,2.0,5.0,2.0,0,14.441416893732969,15.196094379902359,29.637511273635326,2.0,0
14,8,Donald Driver,Athlete,27.5,0.171,0.17367011,0.05,0,99,3.0,4.0,7.0,3.0,0,16.819571865443425,17.36701238936099,34.186584254804416,3.0,0
14,8,Katherine Jenkins,Singer/Rapper,27.5,0.1883,0.18822403,0.05,0,99,3.0,1.0,4.0,2.0,0,16.819571865443425,18.822404505792363,35.641976371235785,1.0,0
14,8,Maria Menounos,TV Personality,26.5,0.171,0.17399809,0.05,0,9,5.0,3.0,8.0,5.0,0,16.207951070336392,17.399810391984833,33.60776146232122,4.0,0
14,8,Melissa Gilbert,Actor/Actress,25.5,0.1424,0.14024366,0.08,1,8,6.0,6.0,12.0,6.0,1,15.59633027522936,14.02436712194937,29.62069739717873,6.0,1
14,8,Roshon Fegan,Actor/Actress,28.0,0.1424,0.14311765,0.08,1,8,2.0,5.0,7.0,3.0,0,17.12538226299694,14.311766144941293,31.43714840793823,5.0,0
14,8,William Levy,Actor/Actress,28.5,0.185,0.18074638,0.05,0,99,1.0,2.0,3.0,1.0,0,17.431192660550458,18.074639445971158,35.505832106521616,2.0,0
14,9,Donald Driver,Athlete,28.5,0.2521,0.25290054,0.05,0,99,3.0,3.0,6.0,4.0,1,24.782608695652176,25.290052482596852,50.07266117824903,3.0,0
14,9,Katherine Jenkins,Singer/Rapper,28.0,0.2762,0.28201166,0.05,0,99,4.0,1.0,5.0,2.0,0,24.347826086956523,28.201164307930142,52.548990394886665,1.0,0
14,9,Maria Menounos,TV Personality,29.5,0.2053,0.20481676,0.08,1,9,1.0,4.0,5.0,2.0,0,25.65217391304348,20.481674771099513,46.13384868414299,4.0,1
14,9,William Levy,Actor/Actress,29.0,0.2665,0.2602711,0.05,0,99,2.0,2.0,4.0,1.0,0,25.217391304347824,26.027108438373496,51.24449974272132,2.0,0
14,10,Donald Driver,Athlete,29.666600000000003,0.2704,0.28492245,0.05,0,99,2.0,3.0,5.0,3.0,1,33.208930162582334,28.492244145232675,61.70117430781501,3.0,1
14,10,Katherine Jenkins,Singer/Rapper,30.0,0.3693,0.36375958,0.05,0,99,1.0,1.0,2.0,1.0,0,33.58213967483533,36.3759569087213,69.95809658355662,1.0,0
14,10,William Levy,Actor/Actress,29.666600000000003,0.3603,0.351318,0.05,0,99,2.0,2.0,4.0,2.0,0,33.208930162582334,35.13179894604603,68.34072910862837,2.0,0
15,1,Apolo Anton Ohno,Athlete,22.0,0.0771,0.07796226,0.05,0,9,4.0,8.0,12.0,6.0,0,7.956600361663653,7.79622592203774,15.752826283701392,7.0,0
15,1,Bristol Palin,TV Personality,19.5,0.0723,0.074079745,0.05,0,4,11.0,10.0,21.0,12.0,0,7.05244122965642,7.407974425920255,14.460415655576675,11.0,0
15,1,Drew Lachey,Singer/Rapper,21.5,0.0867,0.08558153,0.05,0,3,6.0,1.0,7.0,2.0,0,7.775768535262206,8.55815291441847,16.333921449680677,4.0,0
15,1,Emmitt Smith,Athlete,24.5,0.0778,0.07808053,0.05,0,9,1.0,7.0,8.0,3.0,0,8.860759493670885,7.808052921919469,16.668812415590352,2.0,0
15,1,Gilles Marini,Actor/Actress,24.0,0.0809,0.08154205,0.05,0,8,2.0,6.0,8.0,3.0,0,8.679927667269439,8.15420491845795,16.83413258572739,1.0,0
15,1,Helio Castroneves,Racing Driver,21.5,0.0669,0.0649837,0.05,0,3,6.0,12.0,18.0,10.0,0,7.775768535262206,6.4983699350163,14.274138470278507,12.0,0
15,1,Joey Fatone,Singer/Rapper,20.5,0.0873,0.08526467,0.05,0,2,10.0,2.0,12.0,6.0,0,7.414104882459313,8.52646691473533,15.940571797194643,6.0,0
15,1,Kelly Monaco,Actor/Actress,21.5,0.0828,0.08170159,0.05,0,99,6.0,5.0,11.0,5.0,0,7.775768535262206,8.17015891829841,15.945927453560618,5.0,0
15,1,Kirstie Alley,Actor/Actress,19.0,0.0812,0.082108065,0.05,0,8,12.0,4.0,16.0,9.0,0,6.871609403254973,8.210806417891932,15.082415821146906,9.0,0
15,1,Melissa Rycroft,TV Personality,21.0,0.0728,0.07357349,0.05,0,99,9.0,11.0,20.0,11.0,0,7.59493670886076,7.357348926426511,14.952285635287272,10.0,0
15,1,Pamela Anderson,Model,17.0,0.0556,0.05481714,0.08,1,1,13.0,13.0,26.0,13.0,1,6.148282097649186,5.48171394518286,11.629996042832046,13.0,1
15,1,Sabrina Bryan,Actor/Actress,22.5,0.0821,0.08257653,0.05,0,6,3.0,3.0,6.0,1.0,0,8.1374321880651,8.257652917423469,16.39508510548857,3.0,0
15,1,Shawn Johnson,Athlete,22.0,0.0765,0.07772871,0.05,0,99,4.0,9.0,13.0,8.0,0,7.956600361663653,7.77287092227129,15.729471283934942,8.0,0
15,2,Apolo Anton Ohno,Athlete,24.5,0.0869,0.086094275,0.05,0,9,4.0,6.0,10.0,4.0,0,8.876811594202898,8.609426509915952,17.48623810411885,3.0,0
15,2,Bristol Palin,TV Personality,18.0,0.079,0.080727495,0.05,0,4,12.0,10.0,22.0,12.0,1,6.521739130434782,8.072748571633914,14.594487702068697,12.0,1
15,2,Drew Lachey,Singer/Rapper,22.5,0.0932,0.0902009,0.05,0,3,7.0,1.0,8.0,3.0,0,8.152173913043478,9.02008896268977,17.172262875733246,5.0,0
15,2,Emmitt Smith,Athlete,22.5,0.0796,0.08245467,0.05,0,9,7.0,8.0,15.0,7.0,0,8.152173913043478,8.245466051771404,16.397639964814882,9.0,0
15,2,Gilles Marini,Actor/Actress,25.5,0.0902,0.09011206,0.05,0,8,2.0,3.0,5.0,2.0,0,9.239130434782608,9.01120496371143,18.250335398494038,2.0,0
15,2,Helio Castroneves,Racing Driver,23.0,0.079,0.07441488,0.05,0,3,6.0,11.0,17.0,10.0,0,8.333333333333332,7.441487144228979,15.774820477562312,10.0,0
15,2,Joey Fatone,Singer/Rapper,22.5,0.0658,0.06490483,0.08,1,2,7.0,12.0,19.0,11.0,0,8.152173913043478,6.490482253594541,14.64265616663802,11.0,0
15,2,Kelly Monaco,Actor/Actress,22.0,0.0845,0.08782271,0.05,0,99,10.0,5.0,15.0,7.0,0,7.971014492753622,8.782269990038952,16.753284482792573,6.0,0
15,2,Kirstie Alley,Actor/Actress,21.0,0.089,0.08886119,0.05,0,8,11.0,4.0,15.0,7.0,0,7.608695652173914,8.886117978096433,16.494813630270347,8.0,0
15,2,Melissa Rycroft,TV Personality,23.5,0.079,0.080740005,0.05,0,99,5.0,9.0,14.0,6.0,0,8.51449275362319,8.073999571490049,16.588492325113236,7.0,0
15,2,Sabrina Bryan,Actor/Actress,26.0,0.0906,0.09013156,0.05,0,6,1.0,2.0,3.0,1.0,0,9.420289855072465,9.01315496348718,18.433444818559643,1.0,0
15,2,Shawn Johnson,Athlete,25.0,0.0832,0.08353554,0.05,0,99,3.0,7.0,10.0,4.0,0,9.057971014492754,8.353553039341401,17.411524053834157,4.0,0
15,3,Apolo Anton Ohno,Athlete,25.5,0.096,0.09611134,0.05,0,9,4.0,5.0,9.0,4.0,0,9.172661870503598,9.611133817388458,18.783795687892056,5.0,0
15,3,Bristol Palin,TV Personality,22.5,0.0932,0.08967832,0.05,0,4,11.0,9.0,20.0,11.0,1,8.093525179856115,8.967831829611196,17.06135700946731,9.0,0
15,3,Drew Lachey,Singer/Rapper,24.0,0.0776,0.07443288,0.08,1,3,9.0,10.0,19.0,10.0,0,8.633093525179856,7.4432878585775315,16.076381383757386,10.0,0
15,3,Emmitt Smith,Athlete,25.0,0.0932,0.09331136,0.05,0,9,8.0,7.0,15.0,8.0,0,8.992805755395683,9.331135822708418,18.3239415781041,8.0,0
15,3,Gilles Marini,Actor/Actress,25.5,0.0996,0.098810405,0.05,0,8,4.0,3.0,7.0,3.0,0,9.172661870503598,9.881040312260234,19.053702182763832,3.0,0
15,3,Helio Castroneves,Racing Driver,25.5,0.0666,0.06614719,0.08,1,3,4.0,11.0,15.0,8.0,0,9.172661870503598,6.614718874320341,15.787380744823938,11.0,1
15,3,Kelly Monaco,Actor/Actress,27.0,0.0941,0.09914203,0.05,0,99,1.0,2.0,3.0,1.0,0,9.712230215827338,9.914202811630147,19.626433027457487,1.0,0
15,3,Kirstie Alley,Actor/Actress,24.0,0.0932,0.097648114,0.05,0,8,9.0,4.0,13.0,7.0,0,8.633093525179856,9.764811214468585,18.39790473964844,7.0,0
15,3,Melissa Rycroft,TV Personality,27.0,0.0932,0.09049498,0.05,0,99,1.0,8.0,9.0,4.0,0,9.712230215827338,9.049497828059542,18.76172804388688,6.0,0
15,3,Sabrina Bryan,Actor/Actress,25.5,0.0991,0.09988282,0.05,0,6,4.0,1.0,5.0,2.0,0,9.172661870503598,9.988281810222645,19.16094368072624,2.0,0
15,3,Shawn Johnson,Athlete,26.5,0.0942,0.09434058,0.05,0,99,3.0,6.0,9.0,4.0,0,9.532374100719425,9.4340578207529,18.966431921472324,4.0,0
15,4,Apolo Anton Ohno,Athlete,34.5,0.1122,0.11303809,0.05,0,9,7.0,5.0,12.0,6.0,0,10.730948678071538,11.303809,22.034757678071536,6.0,0
15,4,Bristol Palin,TV Personality,32.0,0.088,0.0862566,0.08,1,4,8.0,9.0,17.0,9.0,1,9.953343701399689,8.62566,18.57900370139969,9.0,1
15,4,Emmitt Smith,Athlete,36.0,0.111,0.1134341,0.05,0,9,5.0,4.0,9.0,4.0,0,11.19751166407465,11.34341,22.540921664074652,5.0,0
15,4,Gilles Marini,Actor/Actress,39.5,0.1178,0.11823416,0.05,0,8,1.0,2.0,3.0,1.0,0,12.28615863141524,11.823416,24.109574631415242,1.0,0
15,4,Kelly Monaco,Actor/Actress,37.5,0.1258,0.12418804,0.05,0,99,3.0,1.0,4.0,2.0,0,11.66407465007776,12.418804,24.08287865007776,2.0,0
15,4,Kirstie Alley,Actor/Actress,30.0,0.1148,0.11200886,0.05,0,8,9.0,7.0,16.0,8.0,0,9.331259720062208,11.200886,20.53214572006221,8.0,0
15,4,Melissa Rycroft,TV Personality,37.0,0.1057,0.10509082,0.05,0,99,4.0,8.0,12.0,6.0,0,11.508553654743391,10.509082,22.01763565474339,7.0,0
15,4,Sabrina Bryan,Actor/Actress,35.5,0.1175,0.11521984,0.05,0,6,6.0,3.0,9.0,4.0,0,11.04199066874028,11.521984,22.56397466874028,4.0,0
15,4,Shawn Johnson,Athlete,39.5,0.1071,0.11252949,0.05,0,99,1.0,6.0,7.0,3.0,0,12.28615863141524,11.252949,23.53910763141524,3.0,0
15,5,Apolo Anton Ohno,Athlete,28.25,0.0969,0.1249705,0.05,0,9,2.0,5.0,7.0,3.0,0,12.710911136107987,12.497050299929207,25.207961436037195,3.0,0
15,5,Emmitt Smith,Athlete,28.0,0.1218,0.12090314,0.05,0,9,6.0,7.0,13.0,8.0,1,12.598425196850393,12.090314290167543,24.688739487017934,5.0,0
15,5,Gilles Marini,Actor/Actress,28.25,0.1324,0.13004418,0.05,0,8,2.0,1.0,3.0,1.0,0,12.710911136107987,13.00441831210604,25.715329448214028,2.0,0
15,5,Kelly Monaco,Actor/Actress,25.75,0.1396,0.12576076,0.05,0,99,8.0,4.0,12.0,7.0,0,11.586051743532058,12.57607630182583,24.16212804535789,8.0,1
15,5,Kirstie Alley,Actor/Actress,26.25,0.135,0.12816758,0.05,0,8,7.0,3.0,10.0,5.0,0,11.811023622047244,12.8167583076022,24.627781929649444,6.0,0
15,5,Melissa Rycroft,TV Personality,28.25,0.1216,0.117557876,0.05,0,99,2.0,8.0,10.0,5.0,0,12.710911136107987,11.75578788213891,24.466699018246896,7.0,0
15,5,Sabrina Bryan,Actor/Actress,29.25,0.1291,0.12972073,0.05,0,6,1.0,2.0,3.0,1.0,0,13.160854893138357,12.97207331132976,26.132928204468115,1.0,0
15,5,Shawn Johnson,Athlete,28.25,0.1236,0.12287521,0.05,0,99,2.0,6.0,8.0,4.0,0,12.710911136107987,12.287521294900511,24.998432431008496,4.0,0
15,6,Apolo Anton Ohno,Athlete,30.0,0.1222,0.12748717,0.05,0,9,1.0,4.0,5.0,1.0,0,13.274336283185843,12.748717382461521,26.023053665647364,1.0,0
15,6,Emmitt Smith,Athlete,26.5,0.125,0.12397599,0.05,0,9,8.0,7.0,15.0,8.0,1,11.725663716814159,12.397599371927981,24.123263088742142,7.0,0
15,6,Gilles Marini,Actor/Actress,27.5,0.1261,0.13040465,0.05,0,8,5.0,3.0,8.0,3.0,0,12.168141592920353,13.040465391213962,25.208606984134313,5.0,0
15,6,Kelly Monaco,Actor/Actress,27.0,0.1417,0.13513614,0.05,0,99,7.0,1.0,8.0,3.0,0,11.946902654867257,13.51361440540843,25.460517060275688,3.0,0
15,6,Kirstie Alley,Actor/Actress,27.5,0.1354,0.13221844,0.05,0,8,5.0,2.0,7.0,2.0,0,12.168141592920353,13.221844396655333,25.389985989575685,4.0,0
15,6,Melissa Rycroft,TV Personality,29.5,0.1222,0.12526292,0.05,0,99,3.0,5.0,8.0,3.0,0,13.053097345132745,12.526292375788772,25.57938972092152,2.0,0
15,6,Sabrina Bryan,Actor/Actress,30.0,0.1018,0.1006305,0.08,1,6,1.0,8.0,9.0,6.0,0,13.274336283185843,10.06305030189151,23.337386585077354,8.0,1
15,6,Shawn Johnson,Athlete,28.0,0.1256,0.12488416,0.05,0,99,4.0,6.0,10.0,7.0,0,12.389380530973451,12.488416374652491,24.877796905625942,6.0,0
15,7,Apolo Anton Ohno,Athlete,33.0,0.1456,0.14571205,0.05,0,9,6.0,4.0,10.0,7.0,1,13.636403080504781,14.571206311408568,28.20760939191335,6.0,0
15,7,Emmitt Smith,Athlete,34.4999,0.1439,0.14267023,0.05,0,9,4.0,5.0,9.0,6.0,0,14.25619826173051,14.267024284032184,28.523222545762692,5.0,0
15,7,Gilles Marini,Actor/Actress,33.4998,0.1496,0.14818247,0.05,0,8,5.0,2.0,7.0,2.0,0,13.84293260352406,14.81824833364235,28.66118093716641,3.0,0
15,7,Kelly Monaco,Actor/Actress,36.0,0.1545,0.14786218,0.05,0,99,3.0,3.0,6.0,1.0,0,14.876076087823394,14.786219330759739,29.662295418583135,1.0,0
15,7,Kirstie Alley,Actor/Actress,27.9999,0.1551,0.15196575,0.05,0,8,7.0,1.0,8.0,3.0,0,11.570240079206842,15.196576367691872,26.766816446898716,7.0,1
15,7,Melissa Rycroft,TV Personality,38.9999,0.1111,0.12496061,0.05,0,99,1.0,7.0,8.0,3.0,0,16.115707772708436,12.49606212464559,28.611769897354026,4.0,0
15,7,Shawn Johnson,Athlete,37.9998,0.1402,0.13864662,0.05,0,99,2.0,6.0,8.0,3.0,0,15.702442114501986,13.864663247819692,29.567105362321676,2.0,0
15,8,Apolo Anton Ohno,Athlete,29.2777,0.1527,0.15368764,0.05,0,9,2.0,3.0,5.0,1.0,0,14.691931950135839,15.368763999999999,30.060695950135838,1.0,0
15,8,Emmitt Smith,Athlete,29.0554,0.1465,0.15067734,0.05,0,9,4.0,4.0,8.0,4.0,0,14.58037890899821,15.067734,29.648112908998208,3.0,0
15,8,Gilles Marini,Actor/Actress,29.2777,0.122,0.12080587,0.08,1,8,2.0,6.0,8.0,4.0,0,14.691931950135839,12.080587,26.77251895013584,6.0,0
15,8,Kelly Monaco,Actor/Actress,28.3333,0.1636,0.15616107,0.05,0,99,5.0,1.0,6.0,2.0,0,14.21801970519487,15.616107000000001,29.83412670519487,2.0,0
15,8,Kirstie Alley,Actor/Actress,25.5,0.122,0.11938845,0.08,1,8,7.0,7.0,14.0,7.0,1,12.7962327890669,11.938844999999999,24.7350777890669,7.0,1
15,8,Melissa Rycroft,TV Personality,30.0,0.1465,0.14504476,0.05,0,99,1.0,5.0,6.0,2.0,0,15.054391516549293,14.504476,29.55886751654929,4.0,0
15,8,Shawn Johnson,Athlete,27.8333,0.1465,0.15423487,0.05,0,99,6.0,2.0,8.0,4.0,0,13.967113179919046,15.423487,29.390600179919048,5.0,0
15,9,Apolo Anton Ohno,Athlete,28.611,0.1769,0.173524,0.08,1,9,3.0,4.0,7.0,4.0,0,20.291532535175605,17.352400000000003,37.64393253517561,4.0,0
15,9,Emmitt Smith,Athlete,27.0,0.1708,0.16705461,0.08,1,9,5.0,5.0,10.0,5.0,1,19.148976912716833,16.705461000000003,35.85443791271683,5.0,1
15,9,Kelly Monaco,Actor/Actress,27.111,0.2257,0.22513387,0.05,0,99,4.0,1.0,5.0,2.0,0,19.227700484469114,22.513387000000005,41.74108748446912,3.0,0
15,9,Melissa Rycroft,TV Personality,28.7777,0.2127,0.21520619,0.05,0,99,2.0,3.0,5.0,2.0,0,20.40975973707745,21.520619000000003,41.930378737077454,2.0,0
15,9,Shawn Johnson,Athlete,29.5,0.2139,0.21908133,0.05,0,99,1.0,2.0,3.0,1.0,0,20.922030330560982,21.908133000000003,42.830163330560985,1.0,0
15,10,Kelly Monaco,Actor/Actress,29.1109,0.3749,0.33420137,0.05,0,99,2.0,2.0,4.0,2.0,0,33.31212530739241,33.42013800260414,66.73226330999654,2.0,0
15,10,Melissa Rycroft,TV Personality,29.3331,0.3427,0.3477087,0.05,0,99,1.0,1.0,2.0,1.0,0,33.56639275509422,34.77087104312613,68.33726379822035,1.0,0
15,10,Shawn Johnson,Athlete,28.9443,0.2823,0.3180899,0.05,0,99,3.0,3.0,6.0,3.0,1,33.12148193751337,31.808990954269728,64.9304728917831,3.0,1
16,1,Alexandra Raisman,Athlete,21.0,0.0842,0.08348922,0.05,0,10,2.0,8.0,10.0,5.0,0,9.170305676855897,8.34892169943882,17.519227376294715,5.0,0
16,1,Andy Dick,Comedian,17.0,0.0643,0.07115709,0.05,0,7,11.0,12.0,23.0,11.0,1,7.423580786026202,7.115708743834487,14.539289529860689,11.0,0
16,1,D. L. Hughley,Comedian,12.0,0.078,0.073857725,0.05,0,5,12.0,11.0,23.0,11.0,1,5.240174672489083,7.385772234112201,12.625946906601284,12.0,1
16,1,Dorothy Hamill,Athlete,21.0,0.0832,0.083905995,0.05,0,98,2.0,5.0,7.0,3.0,0,9.170305676855897,8.39059919793843,17.560904874794325,4.0,0
16,1,Ingo Rademacher,Actor/Actress,20.0,0.09,0.08858402,0.05,0,9,5.0,3.0,8.0,4.0,0,8.73362445414847,8.85840168109754,17.59202613524601,3.0,0
16,1,Jacoby Jones,Athlete,20.0,0.0839,0.08375768,0.05,0,99,5.0,7.0,12.0,7.0,0,8.73362445414847,8.375767698472364,17.109392152620835,6.0,0
16,1,Kellie Pickler,Singer/Rapper,21.0,0.094,0.093470365,0.05,0,99,2.0,1.0,3.0,1.0,0,9.170305676855897,9.347036163506699,18.517341840362597,2.0,0
16,1,Lisa Vanderpump,TV Personality,18.0,0.0793,0.07930484,0.05,0,4,8.0,10.0,18.0,10.0,0,7.860262008733625,7.930483714502587,15.790745723236212,10.0,0
16,1,Sean Lowe,TV Personality,19.0,0.0775,0.07961065,0.05,0,8,7.0,9.0,16.0,9.0,0,8.296943231441048,7.961064713401672,16.25800794484272,8.0,0
16,1,Victor Ortiz,Athlete,18.0,0.0838,0.083798885,0.05,0,6,8.0,6.0,14.0,8.0,0,7.860262008733625,8.379888198324025,16.24015020705765,9.0,0
16,1,Wynonna Judd,Singer/Rapper,18.0,0.0933,0.09134946,0.05,0,3,8.0,2.0,10.0,5.0,0,7.860262008733625,9.134945671141956,16.99520767987558,7.0,0
16,1,Zendaya,Actor/Actress,24.0,0.0886,0.087714106,0.05,0,99,1.0,4.0,5.0,2.0,0,10.480349344978166,8.77141028422923,19.251759629207395,1.0,0
16,2,Alexandra Raisman,Athlete,24.0,0.0835,0.08189726,0.05,0,10,3.0,8.0,11.0,5.0,0,9.836065573770492,8.189726114656166,18.025791688426658,3.0,0
16,2,Andy Dick,Comedian,20.0,0.063,0.07400216,0.05,0,7,5.0,12.0,17.0,9.0,0,8.19672131147541,7.400216103603026,15.596937415078436,9.0,0
16,2,D. L. Hughley,Comedian,16.0,0.0757,0.07644905,0.05,0,5,11.0,11.0,22.0,12.0,1,6.557377049180328,7.644905107028673,14.202282156209002,12.0,1
16,2,Dorothy Hamill,Athlete,15.0,0.0822,0.08429687,0.05,0,98,12.0,5.0,17.0,9.0,0,6.147540983606557,8.42968711801562,14.577228101622177,11.0,0
16,2,Ingo Rademacher,Actor/Actress,20.0,0.0861,0.0875629,0.05,0,9,5.0,4.0,9.0,3.0,0,8.19672131147541,8.756290122588064,16.953011434063473,5.0,0
16,2,Jacoby Jones,Athlete,23.0,0.0876,0.082547836,0.05,0,99,4.0,7.0,11.0,5.0,0,9.426229508196721,8.254783715566973,17.681013223763692,4.0,0
16,2,Kellie Pickler,Singer/Rapper,26.0,0.1,0.09316714,0.05,0,99,1.0,1.0,2.0,1.0,0,10.655737704918032,9.316714130433999,19.972451835352032,1.0,0
16,2,Lisa Vanderpump,TV Personality,18.0,0.0762,0.07923084,0.05,0,4,8.0,10.0,18.0,11.0,0,7.377049180327869,7.923084110923178,15.300133291251047,10.0,0
16,2,Sean Lowe,TV Personality,20.0,0.0799,0.07961972,0.05,0,8,5.0,9.0,14.0,7.0,0,8.19672131147541,7.9619721114676105,16.15869342294302,7.0,0
16,2,Victor Ortiz,Athlete,18.0,0.0866,0.08296533,0.05,0,6,8.0,6.0,14.0,7.0,0,7.377049180327869,8.296533116151465,15.673582296479335,8.0,0
16,2,Wynonna Judd,Singer/Rapper,18.0,0.0918,0.08990544,0.05,0,3,8.0,2.0,10.0,4.0,0,7.377049180327869,8.99054412586762,16.367593306195488,6.0,0
16,2,Zendaya,Actor/Actress,26.0,0.0873,0.08835544,0.05,0,99,1.0,3.0,4.0,2.0,0,10.655737704918032,8.835544123697618,19.491281828615648,2.0,0
16,3,Alexandra Raisman,Athlete,23.0,0.0959,0.09130873,0.05,0,10,4.0,6.0,10.0,6.0,0,9.787250701703321,9.130872716942944,18.918123418646267,5.0,0
16,3,Andy Dick,Comedian,18.0,0.0877,0.08400052,0.05,0,7,9.0,10.0,19.0,9.0,0,7.659587505680861,8.400051739598394,16.059639245279257,9.0,0
16,3,D. L. Hughley,Comedian,16.0,0.0877,0.08621388,0.05,0,5,10.0,9.0,19.0,9.0,0,6.808522227271877,8.621387732736979,15.429909960008857,10.0,0
16,3,Ingo Rademacher,Actor/Actress,21.0,0.0951,0.09714859,0.05,0,9,6.0,3.0,9.0,4.0,0,8.936185423294338,9.714858698839379,18.65104412213372,6.0,0
16,3,Jacoby Jones,Athlete,25.9998,0.0877,0.09459905,0.05,0,99,1.0,4.0,5.0,3.0,0,11.063763512788958,9.459904706742954,20.523668219531913,3.0,0
16,3,Kellie Pickler,Singer/Rapper,25.0,0.1042,0.104334526,0.05,0,99,3.0,1.0,4.0,2.0,0,10.638315980112308,10.433452276562978,21.071768256675284,1.0,0
16,3,Lisa Vanderpump,TV Personality,21.0,0.0877,0.08903464,0.05,0,4,6.0,8.0,14.0,8.0,0,8.936185423294338,8.903463723992623,17.839649147286963,8.0,0
16,3,Sean Lowe,TV Personality,21.0,0.0877,0.089376785,0.05,0,8,6.0,7.0,13.0,7.0,0,8.936185423294338,8.937678222931975,17.87386364622631,7.0,0
16,3,Victor Ortiz,Athlete,23.0,0.0954,0.0929277,0.05,0,6,4.0,5.0,9.0,4.0,0,9.787250701703321,9.292769711924139,19.08002041362746,4.0,0
16,3,Wynonna Judd,Singer/Rapper,15.0,0.073,0.07260214,0.08,1,3,11.0,11.0,22.0,11.0,1,6.3829895880673835,7.260213774933372,13.643203363000755,11.0,1
16,3,Zendaya,Actor/Actress,25.9998,0.0977,0.09845347,0.05,0,99,1.0,2.0,3.0,1.0,0,11.063763512788958,9.845346694794252,20.90911020758321,2.0,0
16,4,Alexandra Raisman,Athlete,27.0,0.1046,0.102782056,0.05,0,10,1.0,4.0,5.0,3.0,0,12.053571428571429,10.27820562055641,22.331777049127837,3.0,0
16,4,Andy Dick,Comedian,21.0,0.0936,0.09409549,0.05,0,7,6.0,9.0,15.0,8.0,0,9.375,9.409549018819098,18.7845490188191,7.0,0
16,4,D. L. Hughley,Comedian,21.0,0.093,0.095172316,0.05,0,5,6.0,8.0,14.0,6.0,0,9.375,9.517231619034463,18.89223161903446,6.0,0
16,4,Ingo Rademacher,Actor/Actress,23.0,0.1049,0.10553281,0.05,0,9,5.0,3.0,8.0,4.0,0,10.267857142857142,10.553281021106562,20.821138163963703,5.0,0
16,4,Jacoby Jones,Athlete,24.0,0.1061,0.1015973,0.05,0,99,4.0,6.0,10.0,5.0,0,10.714285714285714,10.15973002031946,20.874015734605173,4.0,0
16,4,Kellie Pickler,Singer/Rapper,26.0,0.1123,0.11299563,0.05,0,99,2.0,1.0,3.0,1.0,0,11.607142857142858,11.299563022599125,22.906705879741985,1.0,0
16,4,Lisa Vanderpump,TV Personality,18.0,0.0774,0.078474276,0.08,1,4,9.0,10.0,19.0,10.0,1,8.035714285714286,7.847427615694855,15.883141901409141,10.0,1
16,4,Sean Lowe,TV Personality,20.0,0.0941,0.09846485,0.05,0,8,8.0,7.0,15.0,8.0,0,8.928571428571429,9.84648501969297,18.7750564482644,8.0,0
16,4,Victor Ortiz,Athlete,18.0,0.1009,0.10217068,0.05,0,6,9.0,5.0,14.0,6.0,0,8.035714285714286,10.217068020434136,18.252782306148422,9.0,0
16,4,Zendaya,Actor/Actress,26.0,0.1133,0.10871459,0.05,0,99,2.0,2.0,4.0,2.0,0,11.607142857142858,10.871459021742917,22.478601878885776,2.0,0
16,5,Alexandra Raisman,Athlete,25.0,0.1106,0.11185118,0.05,0,10,4.0,6.0,10.0,5.0,0,11.961722488038278,11.185118290813074,23.146840778851352,4.0,0
16,5,Andy Dick,Comedian,18.0,0.1048,0.10449494,0.05,0,7,8.0,8.0,16.0,8.0,0,8.61244019138756,10.44949427168685,19.061934463074408,8.0,0
16,5,D. L. Hughley,Comedian,18.0,0.0873,0.08764803,0.08,1,5,8.0,9.0,17.0,9.0,1,8.61244019138756,8.764803227884883,17.377243419272443,9.0,1
16,5,Ingo Rademacher,Actor/Actress,21.0,0.1137,0.11744587,0.05,0,9,6.0,3.0,9.0,4.0,0,10.047846889952153,11.74458730535927,21.792434195311422,6.0,0
16,5,Jacoby Jones,Athlete,26.0,0.1155,0.114513434,0.05,0,99,3.0,4.0,7.0,3.0,0,12.440191387559809,11.451343697734934,23.89153508529474,3.0,0
16,5,Kellie Pickler,Singer/Rapper,27.0,0.1265,0.12296818,0.05,0,99,2.0,1.0,3.0,1.0,0,12.918660287081341,12.296818319717275,25.215478606798616,2.0,0
16,5,Sean Lowe,TV Personality,24.0,0.1123,0.1085438,0.05,0,8,5.0,7.0,12.0,7.0,0,11.483253588516746,10.854380282213887,22.337633870730635,5.0,0
16,5,Victor Ortiz,Athlete,21.0,0.1119,0.11201528,0.05,0,6,6.0,5.0,11.0,6.0,0,10.047846889952153,11.201528291239734,21.249375181191887,7.0,0
16,5,Zendaya,Actor/Actress,29.0,0.1174,0.12051926,0.05,0,99,1.0,2.0,3.0,1.0,0,13.875598086124402,12.051926313350084,25.927524399474486,1.0,0
16,6,Alexandra Raisman,Athlete,26.0,0.1261,0.1252812,0.05,0,10,2.0,5.0,7.0,3.0,0,13.793103448275861,12.528119511403338,26.321222959679197,3.0,0
16,6,Andy Dick,Comedian,21.5,0.122,0.118919075,0.05,0,7,7.0,7.0,14.0,7.0,0,11.405835543766578,11.891907036215624,23.297742579982202,7.0,0
16,6,Ingo Rademacher,Actor/Actress,23.0,0.1356,0.1339121,0.05,0,9,4.0,3.0,7.0,3.0,0,12.20159151193634,13.39120947774283,25.59280098967917,4.0,0
16,6,Jacoby Jones,Athlete,22.5,0.1232,0.12627892,0.05,0,99,6.0,4.0,10.0,5.0,0,11.936339522546419,12.62789150751223,24.56423103005865,5.0,0
16,6,Kellie Pickler,Singer/Rapper,27.0,0.1421,0.13467619,0.05,0,99,1.0,2.0,3.0,1.0,0,14.323607427055704,13.467618474762876,27.791225901818578,1.0,0
16,6,Sean Lowe,TV Personality,23.0,0.122,0.12327665,0.05,0,8,4.0,6.0,10.0,5.0,0,12.20159151193634,12.327664519221083,24.529256031157423,6.0,0
16,6,Victor Ortiz,Athlete,20.0,0.1016,0.101735674,0.08,1,6,8.0,8.0,16.0,8.0,1,10.610079575596817,10.173567003230884,20.7836465788277,8.0,1
16,6,Zendaya,Actor/Actress,25.5,0.1274,0.13592023,0.05,0,99,3.0,1.0,4.0,2.0,0,13.527851458885943,13.592022469911122,27.119873928797062,2.0,0
16,7,Alexandra Raisman,Athlete,32.0,0.1397,0.14381206,0.05,0,10,1.0,5.0,6.0,3.0,0,17.391304347826086,14.381206862872412,31.772511210698497,1.0,0
16,7,Andy Dick,Comedian,17.0,0.1164,0.11548919,0.08,1,7,7.0,7.0,14.0,7.0,1,9.239130434782608,11.548919692935183,20.78805012771779,7.0,1
16,7,Ingo Rademacher,Actor/Actress,25.0,0.1482,0.14690267,0.05,0,9,5.0,4.0,9.0,5.0,0,13.586956521739129,14.690267881416075,28.277224403155202,5.0,0
16,7,Jacoby Jones,Athlete,27.0,0.1428,0.1472489,0.05,0,99,4.0,3.0,7.0,4.0,0,14.673913043478262,14.724890883493453,29.398803926971716,4.0,0
16,7,Kellie Pickler,Singer/Rapper,29.0,0.1592,0.15401892,0.05,0,99,3.0,1.0,4.0,1.0,0,15.760869565217392,15.401892924113577,31.16276248933097,3.0,0
16,7,Sean Lowe,TV Personality,24.0,0.1413,0.1408828,0.05,0,8,6.0,6.0,12.0,6.0,0,13.043478260869565,14.088280845296852,27.131759106166417,6.0,0
16,7,Zendaya,Actor/Actress,30.0,0.1525,0.1516454,0.05,0,99,2.0,2.0,4.0,1.0,0,16.304347826086957,15.164540909872457,31.468888735959414,2.0,0
16,8,Alexandra Raisman,Athlete,28.0,0.166,0.16536929,0.05,0,10,2.0,4.0,6.0,3.0,0,18.006430868167204,16.53692883463071,34.543359702797915,3.0,0
16,8,Ingo Rademacher,Actor/Actress,24.0,0.1686,0.16509187,0.05,0,9,5.0,5.0,10.0,5.0,0,15.434083601286176,16.509186834908128,31.943270436194304,5.0,0
16,8,Jacoby Jones,Athlete,26.0,0.1711,0.1674897,0.05,0,99,4.0,3.0,7.0,4.0,0,16.720257234726688,16.748969832510298,33.469227067236986,4.0,0
16,8,Kellie Pickler,Singer/Rapper,27.5,0.1855,0.19172129,0.05,0,99,3.0,1.0,4.0,2.0,0,17.684887459807076,19.172128808278707,36.857016268085786,1.0,0
16,8,Sean Lowe,TV Personality,21.0,0.1382,0.13847664,0.08,1,8,6.0,6.0,12.0,6.0,1,13.504823151125404,13.84766386152336,27.352487012648766,6.0,1
16,8,Zendaya,Actor/Actress,29.0,0.1706,0.17185122,0.05,0,99,1.0,2.0,3.0,1.0,0,18.64951768488746,17.185121828148777,35.83463951303624,2.0,0
16,9,Alexandra Raisman,Athlete,29.5,0.2025,0.20176147,0.05,0,10,1.0,4.0,5.0,3.0,0,20.921985815602838,20.17614639471561,41.09813221031845,3.0,0
16,9,Ingo Rademacher,Actor/Actress,25.5,0.1687,0.1553173,0.08,1,9,5.0,5.0,10.0,5.0,1,18.085106382978726,15.531729534048115,33.61683591702684,5.0,1
16,9,Jacoby Jones,Athlete,29.5,0.2025,0.20371701,0.05,0,99,1.0,3.0,4.0,1.0,0,20.921985815602838,20.371700388848986,41.293686204451824,2.0,0
16,9,Kellie Pickler,Singer/Rapper,29.0,0.2228,0.23057865,0.05,0,99,3.0,1.0,4.0,1.0,0,20.56737588652482,23.05786430826407,43.62524019478889,1.0,0
16,9,Zendaya,Actor/Actress,27.5,0.2035,0.2086256,0.05,0,99,4.0,2.0,6.0,4.0,0,19.50354609929078,20.86255937412322,40.366105473413995,4.0,0
16,10,Alexandra Raisman,Athlete,29.0,0.2049,0.2015385,0.08,1,10,3.0,4.0,7.0,3.0,1,24.786345971235875,20.153849193846032,44.9401951650819,4.0,1
16,10,Jacoby Jones,Athlete,27.9999,0.246,0.25375864,0.05,0,99,4.0,3.0,7.0,3.0,1,23.931558915862322,25.37586298496548,49.307421900827805,3.0,0
16,10,Kellie Pickler,Singer/Rapper,30.0,0.288,0.2873905,0.05,0,99,1.0,1.0,2.0,1.0,0,25.641047556450903,28.73904885043805,54.38009640688895,1.0,0
16,10,Zendaya,Actor/Actress,30.0,0.2612,0.2573124,0.05,0,99,1.0,2.0,3.0,2.0,0,25.641047556450903,25.731238970750443,51.37228652720135,2.0,0
17,1,Amber Riley,Actor/Actress,27.0,0.0875,0.087139934,0.05,0,99,1.0,4.0,5.0,1.0,0,10.546875,8.713993365144027,19.260868365144027,1.0,0
17,1,Bill Engvall,Comedian,18.0,0.0635,0.07090596,0.05,0,11,10.0,12.0,22.0,11.0,0,7.03125,7.090595971637617,14.121845971637617,11.0,0
17,1,Bill Nye,TV Personality,14.0,0.0783,0.07748219,0.05,0,3,12.0,11.0,23.0,12.0,1,5.46875,7.748218969007126,13.216968969007127,12.0,1
17,1,Brant Daugherty,Actor/Actress,22.0,0.0864,0.0866365,0.05,0,8,6.0,6.0,12.0,7.0,0,8.59375,8.663649965345401,17.2573999653454,5.0,0
17,1,Christina Milian,Singer/Rapper,22.0,0.0919,0.0918886,0.05,0,5,6.0,1.0,7.0,2.0,0,8.59375,9.18885996324456,17.78260996324456,4.0,0
17,1,Corbin Bleu,Actor/Actress,24.0,0.0877,0.08665657,0.05,0,99,2.0,5.0,7.0,2.0,0,9.375,8.665656965337373,18.040656965337373,2.0,0
17,1,Elizabeth Berkley Lauren,Actor/Actress,24.0,0.0883,0.0856474,0.05,0,9,2.0,7.0,9.0,4.0,0,9.375,8.56473996574104,17.93973996574104,3.0,0
17,1,Jack Osbourne,TV Personality,23.0,0.0783,0.077941135,0.05,0,99,4.0,9.0,13.0,8.0,0,8.984375,7.7941134688235465,16.778488468823546,8.0,0
17,1,Keyshawn Johnson,Athlete,17.0,0.0822,0.08250297,0.05,0,2,11.0,8.0,19.0,10.0,0,6.640625,8.250296966998812,14.890921966998812,10.0,0
17,1,Leah Remini,Actor/Actress,21.0,0.0875,0.08724083,0.05,0,10,8.0,3.0,11.0,6.0,0,8.203125,8.72408296510367,16.92720796510367,7.0,0
17,1,"Nicole ""Snooki"" Polizzi",TV Personality,23.0,0.0789,0.077941135,0.05,0,7,4.0,9.0,13.0,8.0,0,8.984375,7.7941134688235465,16.778488468823546,8.0,0
17,1,Valerie Harper,Actor/Actress,21.0,0.0896,0.08801678,0.05,0,4,8.0,2.0,10.0,5.0,0,8.203125,8.801677964793289,17.00480296479329,6.0,0
17,2,Amber Riley,Actor/Actress,24.0,0.0873,0.0876809,0.05,0,99,4.0,4.0,8.0,3.0,0,9.022556390977442,8.7680899123191,17.79064630329654,4.0,0
17,2,Bill Engvall,Comedian,21.0,0.0797,0.07594375,0.05,0,11,8.0,11.0,19.0,10.0,0,7.894736842105263,7.59437492405625,15.489111766161514,10.0,0
17,2,Bill Nye,TV Personality,17.0,0.0797,0.07933647,0.05,0,3,12.0,9.0,21.0,11.0,0,6.390977443609022,7.93364692066353,14.324624364272552,11.0,0
17,2,Brant Daugherty,Actor/Actress,23.0,0.0851,0.087225825,0.05,0,8,7.0,6.0,13.0,6.0,0,8.646616541353383,8.722582412774175,17.369198954127558,6.0,0
17,2,Christina Milian,Singer/Rapper,25.0,0.092,0.09188861,0.05,0,5,2.0,1.0,3.0,1.0,0,9.398496240601503,9.188860908111389,18.58735714871289,2.0,0
17,2,Corbin Bleu,Actor/Actress,26.0,0.0874,0.08900663,0.05,0,99,1.0,2.0,3.0,1.0,0,9.774436090225564,8.900662910993368,18.675099001218932,1.0,0
17,2,Elizabeth Berkley Lauren,Actor/Actress,25.0,0.0889,0.086415954,0.05,0,9,2.0,7.0,9.0,4.0,0,9.398496240601503,8.641595313584045,18.040091554185548,3.0,0
17,2,Jack Osbourne,TV Personality,24.0,0.0814,0.07932,0.05,0,99,4.0,10.0,14.0,8.0,0,9.022556390977442,7.931999920679999,16.95455631165744,7.0,0
17,2,Keyshawn Johnson,Athlete,18.0,0.0664,0.06678121,0.08,1,2,11.0,12.0,23.0,12.0,1,6.7669172932330826,6.678120933218789,13.44503822645187,12.0,1
17,2,Leah Remini,Actor/Actress,24.0,0.0849,0.087447375,0.05,0,10,4.0,5.0,9.0,4.0,0,9.022556390977442,8.744737412552624,17.767293803530066,5.0,0
17,2,"Nicole ""Snooki"" Polizzi",TV Personality,20.0,0.08,0.080183476,0.05,0,7,9.0,8.0,17.0,9.0,0,7.518796992481203,8.018347519816524,15.537144512297727,9.0,0
17,2,Valerie Harper,Actor/Actress,19.0,0.0872,0.08876981,0.05,0,4,10.0,3.0,13.0,6.0,0,7.142857142857142,8.87698091123019,16.01983805408733,8.0,0
17,3,Amber Riley,Actor/Actress,24.0,0.0979,0.09468356,0.05,0,99,6.0,5.0,11.0,4.0,0,9.411764705882353,9.468356568101393,18.880121273983747,5.0,0
17,3,Bill Engvall,Comedian,24.0,0.0825,0.0824801,0.05,0,11,6.0,10.0,16.0,9.0,0,9.411764705882353,8.24801049488063,17.659775200762983,8.0,0
17,3,Bill Nye,TV Personality,16.0,0.0687,0.06831233,0.08,1,3,10.0,11.0,21.0,11.0,1,6.2745098039215685,6.831233409874004,13.105743213795574,11.0,1
17,3,Brant Daugherty,Actor/Actress,27.0,0.0975,0.0966655,0.05,0,8,1.0,2.0,3.0,1.0,0,10.588235294117647,9.666550579993034,20.25478587411068,2.0,0
17,3,Christina Milian,Singer/Rapper,26.0,0.1013,0.10251665,0.05,0,5,2.0,1.0,3.0,1.0,0,10.196078431372548,10.251665615099936,20.447744046472486,1.0,0
17,3,Corbin Bleu,Actor/Actress,26.0,0.0993,0.09632671,0.05,0,99,2.0,3.0,5.0,3.0,0,10.196078431372548,9.632671577960295,19.828750009332843,3.0,0
17,3,Elizabeth Berkley Lauren,Actor/Actress,25.0,0.097,0.09405136,0.05,0,9,4.0,7.0,11.0,4.0,0,9.803921568627452,9.405136564308194,19.209058132935645,4.0,0
17,3,Jack Osbourne,TV Personality,22.0,0.0886,0.08749655,0.05,0,99,9.0,8.0,17.0,10.0,0,8.627450980392156,8.749655524979332,17.377106505371486,9.0,0
17,3,Leah Remini,Actor/Actress,24.0,0.0944,0.0942482,0.05,0,10,6.0,6.0,12.0,6.0,0,9.411764705882353,9.424820565489235,18.83658527137159,6.0,0
17,3,"Nicole ""Snooki"" Polizzi",TV Personality,25.0,0.0825,0.08721128,0.05,0,7,4.0,9.0,13.0,7.0,0,9.803921568627452,8.721128523267712,18.525050091895164,7.0,0
17,3,Valerie Harper,Actor/Actress,16.0,0.0903,0.0960077,0.05,0,4,10.0,4.0,14.0,8.0,0,6.2745098039215685,9.600770576046234,15.875280379967801,10.0,0
17,4,Amber Riley,Actor/Actress,27.0,0.105,0.10665261,0.05,0,99,1.0,2.0,3.0,1.0,0,11.39240506329114,10.665260530728535,22.057665594019674,1.0,0
17,4,Bill Engvall,Comedian,21.0,0.0932,0.09228626,0.05,0,11,8.0,9.0,17.0,9.0,0,8.860759493670885,9.228625593940473,18.089385087611358,9.0,0
17,4,Brant Daugherty,Actor/Actress,21.0,0.1092,0.1048486,0.05,0,8,8.0,5.0,13.0,8.0,0,8.860759493670885,10.484859538666178,19.345619032337062,8.0,0
17,4,Christina Milian,Singer/Rapper,24.0,0.108,0.11010996,0.05,0,5,4.0,1.0,5.0,3.0,0,10.126582278481013,11.010995515516198,21.13757779399721,4.0,0
17,4,Corbin Bleu,Actor/Actress,27.0,0.1095,0.106327355,0.05,0,99,1.0,3.0,4.0,2.0,0,11.39240506329114,10.632735032159657,22.025140095450794,2.0,0
17,4,Elizabeth Berkley Lauren,Actor/Actress,27.0,0.1081,0.1050849,0.05,0,9,1.0,4.0,5.0,3.0,0,11.39240506329114,10.508489537626458,21.900894600917596,3.0,0
17,4,Jack Osbourne,TV Personality,24.0,0.0932,0.09602337,0.05,0,99,4.0,8.0,12.0,7.0,0,10.126582278481013,9.602336577497189,19.7289188559782,7.0,0
17,4,Leah Remini,Actor/Actress,24.0,0.1031,0.104074314,0.05,0,10,4.0,6.0,10.0,5.0,0,10.126582278481013,10.407430942073038,20.53401322055405,5.0,0
17,4,"Nicole ""Snooki"" Polizzi",TV Personality,24.0,0.0932,0.09632896,0.05,0,7,4.0,7.0,11.0,6.0,0,10.126582278481013,9.632895576152595,19.75947785463361,6.0,0
17,4,Valerie Harper,Actor/Actress,18.0,0.0776,0.078263715,0.08,1,4,10.0,10.0,20.0,10.0,1,7.59493670886076,7.826371155639668,15.421307864500427,10.0,1
17,5,Amber Riley,Actor/Actress,26.0,0.1237,0.11816876,0.05,0,99,6.0,3.0,9.0,3.0,0,11.063829787234042,11.816875834563739,22.88070562179778,3.0,0
17,5,Bill Engvall,Comedian,24.0,0.1069,0.10107251,0.05,0,11,8.0,8.0,16.0,9.0,1,10.212765957446807,10.107250858498489,20.320016815945294,9.0,1
17,5,Brant Daugherty,Actor/Actress,27.0,0.1176,0.12114914,0.05,0,8,3.0,1.0,4.0,2.0,0,11.48936170212766,12.114913830391206,23.604275532518866,2.0,0
17,5,Christina Milian,Singer/Rapper,28.0,0.089,0.09131132,0.08,1,5,1.0,9.0,10.0,5.0,0,11.914893617021278,9.131131872164154,21.046025489185432,7.0,0
17,5,Corbin Bleu,Actor/Actress,28.0,0.1187,0.11852731,0.05,0,99,1.0,2.0,3.0,1.0,0,11.914893617021278,11.852730834061767,23.767624451083044,1.0,0
17,5,Elizabeth Berkley Lauren,Actor/Actress,26.0,0.1115,0.116171174,0.05,0,9,6.0,4.0,10.0,5.0,0,11.063829787234042,11.617117237360358,22.6809470245944,4.0,0
17,5,Jack Osbourne,TV Personality,27.0,0.1069,0.10903448,0.05,0,99,3.0,7.0,10.0,5.0,0,11.48936170212766,10.90344784735173,22.392809549479388,6.0,0
17,5,Leah Remini,Actor/Actress,22.0,0.1186,0.11547365,0.05,0,10,9.0,5.0,14.0,8.0,0,9.361702127659575,11.547364838336891,20.909066965996466,8.0,0
17,5,"Nicole ""Snooki"" Polizzi",TV Personality,27.0,0.1069,0.10909167,0.05,0,7,3.0,6.0,9.0,3.0,0,11.48936170212766,10.909166847271663,22.398528549399323,5.0,0
17,6,Amber Riley,Actor/Actress,31.9999,0.1347,0.13386476,0.05,0,99,1.0,1.0,2.0,1.0,0,13.852818537899699,13.386476348048385,27.239294885948084,1.0,0
17,6,Bill Engvall,Comedian,23.9999,0.0905,0.10567748,0.05,0,11,8.0,8.0,16.0,8.0,1,10.389603080876473,10.567748274761456,20.95735135563793,8.0,1
17,6,Brant Daugherty,Actor/Actress,31.0,0.1308,0.13155417,0.05,0,8,3.0,3.0,6.0,3.0,0,13.41995989596501,13.15541734204085,26.57537723800586,3.0,0
17,6,Corbin Bleu,Actor/Actress,26.9999,0.1385,0.13039955,0.05,0,99,6.0,4.0,10.0,4.0,0,11.688308877260182,13.039955339038839,24.72826421629902,6.0,0
17,6,Elizabeth Berkley Lauren,Actor/Actress,31.9998,0.1267,0.1317853,0.05,0,9,2.0,2.0,4.0,2.0,0,13.852775247706486,13.178530342641789,27.031305590348275,2.0,0
17,6,Jack Osbourne,TV Personality,26.9998,0.1224,0.119243324,0.05,0,99,7.0,6.0,13.0,7.0,0,11.688265587066969,11.924332710032651,23.61259829709962,7.0,0
17,6,Leah Remini,Actor/Actress,27.9999,0.1376,0.12934649,0.05,0,10,5.0,5.0,10.0,4.0,0,12.121210809388087,12.934649336300886,25.055860145688975,4.0,0
17,6,"Nicole ""Snooki"" Polizzi",TV Personality,30.0,0.1188,0.1181289,0.05,0,7,4.0,7.0,11.0,6.0,0,12.987057963837106,11.812890307135147,24.79994827097225,5.0,0
17,7,Amber Riley,Actor/Actress,29.5,0.1309,0.13638406,0.05,0,99,1.0,1.0,2.0,1.0,0,13.31828442437923,13.638406272768124,26.956690697147355,1.0,0
17,7,Bill Engvall,Comedian,25.0,0.1174,0.11298166,0.05,0,11,8.0,7.0,15.0,8.0,1,11.286681715575622,11.298166225963325,22.584847941538946,7.0,0
17,7,Brant Daugherty,Actor/Actress,28.5,0.1306,0.13270092,0.05,0,8,3.0,3.0,6.0,3.0,0,12.866817155756207,13.270092265401845,26.13690942115805,3.0,0
17,7,Corbin Bleu,Actor/Actress,29.5,0.1439,0.13499233,0.05,0,99,1.0,2.0,3.0,2.0,0,13.31828442437923,13.499233269984664,26.817517694363893,2.0,0
17,7,Elizabeth Berkley Lauren,Actor/Actress,27.0,0.1331,0.13178995,0.05,0,9,5.0,4.0,9.0,4.0,0,12.18961625282167,13.178995263579903,25.36861151640157,4.0,0
17,7,Jack Osbourne,TV Personality,28.5,0.1177,0.123534866,0.05,0,99,3.0,6.0,9.0,4.0,0,12.866817155756207,12.353486847069735,25.22030400282594,5.0,0
17,7,Leah Remini,Actor/Actress,26.5,0.1288,0.12768517,0.05,0,10,7.0,5.0,12.0,6.0,0,11.963882618510159,12.768517255370343,24.732399873880503,6.0,0
17,7,"Nicole ""Snooki"" Polizzi",TV Personality,27.0,0.0977,0.099931024,0.08,1,7,5.0,8.0,13.0,7.0,0,12.18961625282167,9.993102599862052,22.18271885268372,8.0,1
17,8,Amber Riley,Actor/Actress,28.0,0.1491,0.15530054,0.05,0,99,3.0,1.0,4.0,2.0,0,14.583333333333334,15.530052912896295,30.11338624622963,2.0,0
17,8,Bill Engvall,Comedian,24.0,0.1387,0.13447142,0.05,0,11,7.0,6.0,13.0,7.0,1,12.5,13.447141058700126,25.947141058700126,6.0,0
17,8,Brant Daugherty,Actor/Actress,27.0,0.1155,0.11454687,0.08,1,8,5.0,7.0,12.0,6.0,0,14.0625,11.454686198171965,25.517186198171963,7.0,1
17,8,Corbin Bleu,Actor/Actress,30.0,0.1548,0.1533166,0.05,0,99,1.0,2.0,3.0,1.0,0,15.625,15.331658926783875,30.956658926783874,1.0,0
17,8,Elizabeth Berkley Lauren,Actor/Actress,25.0,0.1457,0.15074237,0.05,0,9,6.0,4.0,10.0,5.0,0,13.020833333333334,15.074235944803483,28.09506927813682,5.0,0
17,8,Jack Osbourne,TV Personality,30.0,0.1387,0.14055017,0.05,0,99,1.0,5.0,6.0,3.0,0,15.625,14.05501601614888,29.68001601614888,4.0,0
17,8,Leah Remini,Actor/Actress,28.0,0.1574,0.1510721,0.05,0,10,3.0,3.0,6.0,3.0,0,14.583333333333334,15.107208942495372,29.690542275828705,3.0,0
17,9,Amber Riley,Actor/Actress,25.5,0.1791,0.18126374,0.05,0,99,5.0,1.0,6.0,2.0,0,16.19047619047619,18.126373274945074,34.316849465421264,3.0,0
17,9,Bill Engvall,Comedian,21.0,0.165,0.15765263,0.05,0,11,6.0,5.0,11.0,6.0,1,13.333333333333334,15.765262369389507,29.09859570272284,6.0,1
17,9,Corbin Bleu,Actor/Actress,29.0,0.1787,0.1799453,0.05,0,99,1.0,2.0,3.0,1.0,0,18.412698412698415,17.99452928021883,36.407227692917246,1.0,0
17,9,Elizabeth Berkley Lauren,Actor/Actress,28.0,0.1374,0.13914025,0.08,1,9,2.0,6.0,8.0,5.0,0,17.77777777777778,13.914024443439024,31.691802221216804,5.0,0
17,9,Jack Osbourne,TV Personality,27.0,0.165,0.16568807,0.05,0,99,3.0,4.0,7.0,4.0,0,17.142857142857142,16.56880633724775,33.71166348010489,4.0,0
17,9,Leah Remini,Actor/Actress,27.0,0.1749,0.17631005,0.05,0,10,3.0,3.0,6.0,2.0,0,17.142857142857142,17.631004294759833,34.77386143761697,2.0,0
17,10,Amber Riley,Actor/Actress,39.5,0.2125,0.2114593,0.05,0,99,1.0,2.0,3.0,1.0,0,22.57142857142857,21.145928942703556,43.717357514132125,1.0,0
17,10,Bill Engvall,Comedian,30.0,0.2015,0.209844,0.05,0,11,5.0,3.0,8.0,4.0,0,17.142857142857142,20.984398950780054,38.1272560936372,4.0,0
17,10,Corbin Bleu,Actor/Actress,37.5,0.2166,0.21559481,0.05,0,99,2.0,1.0,3.0,1.0,0,21.428571428571427,21.559479922026007,42.98805135059743,2.0,0
17,10,Jack Osbourne,TV Personality,35.5,0.2015,0.2003743,0.05,0,99,3.0,4.0,7.0,3.0,0,20.285714285714285,20.037428998128554,40.32314328384284,3.0,0
17,10,Leah Remini,Actor/Actress,32.5,0.1678,0.16272764,0.08,1,10,4.0,5.0,9.0,5.0,1,18.571428571428573,16.272763186361843,34.84419175779041,5.0,1
17,11,Amber Riley,Actor/Actress,31.3332,0.2743,0.2730867,0.05,0,99,1.0,2.0,3.0,1.0,0,27.365383574062403,27.308670819260122,54.67405439332252,1.0,0
17,11,Bill Engvall,Comedian,25.4999,0.2053,0.2047239,0.08,1,11,4.0,4.0,8.0,4.0,1,22.27077172456799,20.472390614171715,42.74316233873971,4.0,1
17,11,Corbin Bleu,Actor/Actress,29.6664,0.2741,0.2737871,0.05,0,99,2.0,1.0,3.0,1.0,0,25.909655421775135,27.378710821361324,53.28836624313646,2.0,0
17,11,Jack Osbourne,TV Personality,27.9999,0.2464,0.24840227,0.05,0,99,3.0,3.0,6.0,3.0,0,24.45418927959448,24.840227745206832,49.29441702480131,3.0,0
18,1,Amy Purdy,Athlete,24.0,0.0836,0.08128526,0.05,0,99,3.0,10.0,13.0,7.0,0,9.16030534351145,8.128525756144226,17.288831099655674,6.0,0
18,1,Billy Dee Williams,Actor/Actress,15.0,0.0865,0.08703384,0.05,0,98,12.0,4.0,16.0,8.0,0,5.7251908396946565,8.703383738898488,14.428574578593144,12.0,1
18,1,Candace Cameron Bure,Actor/Actress,25.0,0.0872,0.08719576,0.05,0,99,2.0,3.0,5.0,1.0,0,9.541984732824428,8.719575738412727,18.261560471237154,2.0,0
18,1,Charlie White,Athlete,27.0,0.0841,0.08277976,0.05,0,9,1.0,6.0,7.0,2.0,0,10.305343511450381,8.277975751660726,18.583319263111107,1.0,0
18,1,Cody Simpson,Singer/Rapper,22.0,0.0913,0.09397168,0.05,0,5,6.0,1.0,7.0,2.0,0,8.396946564885496,9.397167718084969,17.794114282970465,3.0,0
18,1,Danica McKellar,Actor/Actress,24.0,0.0869,0.08552817,0.05,0,8,3.0,5.0,8.0,4.0,0,9.16030534351145,8.552816743415498,17.713122086926948,4.0,0
18,1,Diana Nyad,Athlete,18.0,0.0834,0.0824311,0.05,0,2,11.0,8.0,19.0,10.0,1,6.870229007633588,8.243109752706706,15.113338760340294,10.0,0
18,1,Drew Carey,Comedian,21.0,0.0628,0.0703666,0.05,0,6,7.0,12.0,19.0,10.0,1,8.015267175572518,7.036659788900206,15.051926964472724,11.0,0
18,1,James Maslow,Actor/Actress,21.0,0.089,0.08722811,0.05,0,10,7.0,2.0,9.0,5.0,0,8.015267175572518,8.722810738315676,16.738077913888194,7.0,0
18,1,Meryl Davis,Athlete,24.0,0.0839,0.08256511,0.05,0,99,3.0,7.0,10.0,6.0,0,9.16030534351145,8.256510752304678,17.416816095816127,5.0,0
18,1,NeNe Leakes,TV Personality,21.0,0.0795,0.07788581,0.05,0,7,7.0,11.0,18.0,9.0,0,8.015267175572518,7.788580766342576,15.803847941915095,9.0,0
18,1,Sean Avery,Athlete,20.0,0.0819,0.08172883,0.05,0,2,10.0,9.0,19.0,10.0,1,7.633587786259542,8.172882754813516,15.806470541073057,8.0,0
18,2,Amy Purdy,Athlete,24.0,0.0938,0.08916312,0.05,0,99,4.0,8.0,12.0,7.0,0,9.836065573770492,8.916312106995745,18.752377680766237,6.0,0
18,2,Billy Dee Williams,Actor/Actress,15.0,0.0954,0.09684503,0.05,0,98,11.0,2.0,13.0,8.0,0,6.147540983606557,9.684503116214037,15.832044099820594,11.0,1
18,2,Candace Cameron Bure,Actor/Actress,21.0,0.0982,0.09538543,0.05,0,99,7.0,4.0,11.0,6.0,0,8.60655737704918,9.538543114462517,18.1451004915117,7.0,0
18,2,Charlie White,Athlete,25.0,0.0899,0.09222199,0.05,0,9,1.0,6.0,7.0,2.0,0,10.245901639344263,9.22219911066639,19.468100750010652,2.0,0
18,2,Cody Simpson,Singer/Rapper,22.0,0.1015,0.103928074,0.05,0,5,6.0,1.0,7.0,2.0,0,9.01639344262295,10.39280752471369,19.40920096733664,3.0,0
18,2,Danica McKellar,Actor/Actress,24.0,0.092,0.09378234,0.05,0,8,4.0,5.0,9.0,5.0,0,9.836065573770492,9.37823411253881,19.214299686309303,5.0,0
18,2,Drew Carey,Comedian,21.0,0.0838,0.08050541,0.05,0,6,7.0,10.0,17.0,10.0,0,8.60655737704918,8.050541096606494,16.657098473655672,9.0,0
18,2,James Maslow,Actor/Actress,25.0,0.0969,0.09580721,0.05,0,10,1.0,3.0,4.0,1.0,0,10.245901639344263,9.580721114968654,19.826622754312915,1.0,0
18,2,Meryl Davis,Athlete,25.0,0.0949,0.0912944,0.05,0,99,1.0,7.0,8.0,4.0,0,10.245901639344263,9.129440109553281,19.375341748897544,4.0,0
18,2,NeNe Leakes,TV Personality,21.0,0.0838,0.08662012,0.05,0,7,7.0,9.0,16.0,9.0,0,8.60655737704918,8.662012103944145,17.268569480993325,8.0,0
18,2,Sean Avery,Athlete,21.0,0.0698,0.074446864,0.08,1,2,7.0,11.0,18.0,11.0,1,8.60655737704918,7.444686489336238,16.05124386638542,10.0,0
18,3,Amy Purdy,Athlete,36.0,0.1083,0.11368976,0.05,0,99,2.0,6.0,8.0,6.0,0,11.57556270096463,11.368975295123532,22.94453799608816,6.0,0
18,3,Candace Cameron Bure,Actor/Actress,32.0,0.1116,0.11096707,0.05,0,99,7.0,7.0,14.0,7.0,0,10.289389067524116,11.096706312004208,21.386095379528324,7.0,0
18,3,Charlie White,Athlete,36.0,0.1184,0.114378296,0.05,0,9,2.0,4.0,6.0,3.0,0,11.57556270096463,11.43782889085461,23.01339159181924,5.0,0
18,3,Cody Simpson,Singer/Rapper,35.0,0.1256,0.12339491,0.05,0,5,6.0,1.0,7.0,5.0,0,11.254019292604502,12.339490234951604,23.593509527556108,2.0,0
18,3,Danica McKellar,Actor/Actress,36.0,0.1182,0.116741836,0.05,0,8,2.0,2.0,4.0,1.0,0,11.57556270096463,11.674182876200662,23.249745577165292,3.0,0
18,3,Drew Carey,Comedian,30.0,0.0845,0.090650775,0.05,0,6,9.0,9.0,18.0,9.0,1,9.646302250803858,9.06507693796523,18.711379188769087,9.0,1
18,3,James Maslow,Actor/Actress,36.0,0.1145,0.11584279,0.05,0,10,2.0,3.0,5.0,2.0,0,11.57556270096463,11.584278281774745,23.159840982739375,4.0,0
18,3,Meryl Davis,Athlete,39.0,0.1116,0.114300355,0.05,0,99,1.0,5.0,6.0,3.0,0,12.540192926045016,11.430034791337844,23.970227717382862,1.0,0
18,3,NeNe Leakes,TV Personality,31.0,0.1073,0.10003427,0.05,0,7,8.0,8.0,16.0,8.0,0,9.967845659163988,10.003426379787564,19.971272038951554,8.0,0
18,4,Amy Purdy,Athlete,34.0,0.1141,0.11323568,0.05,0,99,3.0,5.0,8.0,3.0,0,11.447811447811448,11.323568271765637,22.771379719577084,4.0,0
18,4,Candace Cameron Bure,Actor/Actress,28.0,0.1186,0.10962444,0.05,0,99,9.0,7.0,16.0,9.0,1,9.427609427609427,10.962444263098662,20.39005369070809,9.0,1
18,4,Charlie White,Athlete,33.0,0.1097,0.11457889,0.05,0,9,4.0,4.0,8.0,3.0,0,11.11111111111111,11.457889274989343,22.569000386100456,6.0,0
18,4,Cody Simpson,Singer/Rapper,31.0,0.1265,0.1242991,0.05,0,5,8.0,1.0,9.0,6.0,0,10.437710437710438,12.429910298317846,22.867620736028286,3.0,0
18,4,Danica McKellar,Actor/Actress,32.0,0.1183,0.11801131,0.05,0,8,6.0,2.0,8.0,3.0,0,10.774410774410773,11.80113128322715,22.575542057637925,5.0,0
18,4,Drew Carey,Comedian,33.0,0.0837,0.09289222,0.05,0,6,4.0,9.0,13.0,7.0,0,11.11111111111111,9.289222222941333,20.400333334052444,8.0,0
18,4,James Maslow,Actor/Actress,35.0,0.1174,0.11754121,0.05,0,10,2.0,3.0,5.0,1.0,0,11.784511784511785,11.754121282098911,23.538633066610696,2.0,0
18,4,Meryl Davis,Athlete,39.0,0.1104,0.110936016,0.05,0,99,1.0,6.0,7.0,2.0,0,13.131313131313133,11.093601866246445,24.22491499755958,1.0,0
18,4,NeNe Leakes,TV Personality,32.0,0.1014,0.09888111,0.05,0,7,6.0,8.0,14.0,8.0,0,10.774410774410773,9.88811123731467,20.662522011725443,7.0,0
18,5,Amy Purdy,Athlete,37.0,0.113,0.11274129,0.05,0,99,3.0,5.0,8.0,3.0,0,11.490683229813664,11.2741283235523,22.764811553365966,3.0,0
18,5,Candace Cameron Bure,Actor/Actress,35.0,0.1149,0.115980364,0.05,0,99,7.0,3.0,10.0,6.0,0,10.869565217391305,11.598035704117859,22.467600921509163,6.0,0
18,5,Charlie White,Athlete,37.0,0.1098,0.112053186,0.05,0,9,3.0,6.0,9.0,4.0,0,11.490683229813664,11.205317927680927,22.696001157494592,4.0,0
18,5,Cody Simpson,Singer/Rapper,34.0,0.0914,0.09133485,0.08,1,5,8.0,9.0,17.0,9.0,1,10.559006211180124,9.133484451990933,19.692490663171057,8.0,0
18,5,Danica McKellar,Actor/Actress,39.0,0.1187,0.11633933,0.05,0,8,2.0,2.0,4.0,2.0,0,12.111801242236025,11.633932301964064,23.74573354420009,2.0,0
18,5,Drew Carey,Comedian,28.0,0.1098,0.10824724,0.05,0,6,9.0,7.0,16.0,8.0,0,8.695652173913043,10.824723350516601,19.520375524429646,9.0,1
18,5,James Maslow,Actor/Actress,40.0,0.1181,0.12207532,0.05,0,10,1.0,1.0,2.0,1.0,0,12.422360248447205,12.207531267548125,24.629891515995332,1.0,0
18,5,Meryl Davis,Athlete,36.0,0.1143,0.114257276,0.05,0,99,5.0,4.0,9.0,4.0,0,11.180124223602485,11.425726914456387,22.605851138058874,5.0,0
18,5,NeNe Leakes,TV Personality,36.0,0.1098,0.106971204,0.05,0,7,5.0,8.0,13.0,7.0,0,11.180124223602485,10.697119758172816,21.8772439817753,7.0,0
18,6,Amy Purdy,Athlete,38.0,0.1273,0.1273372,0.05,0,99,2.0,4.0,6.0,1.0,0,13.47517730496454,12.733719490651222,26.20889679561576,3.0,0
18,6,Candace Cameron Bure,Actor/Actress,32.0,0.139,0.13503668,0.05,0,99,7.0,2.0,9.0,5.0,0,11.347517730496454,13.503667459853302,24.851185190349756,6.0,0
18,6,Charlie White,Athlete,36.0,0.1275,0.12571076,0.05,0,9,3.0,6.0,9.0,5.0,0,12.76595744680851,12.571075497156981,25.33703294396549,5.0,0
18,6,Danica McKellar,Actor/Actress,36.0,0.126,0.13375583,0.05,0,8,3.0,3.0,6.0,1.0,0,12.76595744680851,13.375582464976702,26.141539911785213,4.0,0
18,6,Drew Carey,Comedian,32.0,0.0958,0.09165264,0.08,1,6,7.0,8.0,15.0,8.0,1,11.347517730496454,9.165263633389454,20.512781363885907,8.0,1
18,6,James Maslow,Actor/Actress,35.0,0.1333,0.13922638,0.05,0,10,5.0,1.0,6.0,1.0,0,12.411347517730496,13.922637443094505,26.333984960825,2.0,0
18,6,Meryl Davis,Athlete,40.0,0.1298,0.12670183,0.05,0,99,1.0,5.0,6.0,1.0,0,14.184397163120568,12.6701824931927,26.85457965631327,1.0,0
18,6,NeNe Leakes,TV Personality,33.0,0.1213,0.12057872,0.05,0,7,6.0,7.0,13.0,7.0,0,11.702127659574469,12.05787151768514,23.75999917725961,7.0,0
18,7,Amy Purdy,Athlete,37.5,0.1507,0.1461764,0.05,0,99,2.0,5.0,7.0,4.0,0,14.82213438735178,14.617641461764148,29.439775849115925,3.0,0
18,7,Candace Cameron Bure,Actor/Actress,37.0,0.151,0.14852975,0.05,0,99,3.0,3.0,6.0,2.0,0,14.624505928853754,14.852976485297647,29.477482414151403,2.0,0
18,7,Charlie White,Athlete,35.5,0.1463,0.14386086,0.05,0,9,5.0,6.0,11.0,6.0,0,14.031620553359684,14.386087438608747,28.41770799196843,6.0,0
18,7,Danica McKellar,Actor/Actress,36.0,0.1488,0.15028483,0.05,0,8,4.0,2.0,6.0,2.0,0,14.229249011857709,15.028484502848451,29.25773351470616,4.0,0
18,7,James Maslow,Actor/Actress,35.0,0.1482,0.1513769,0.05,0,10,6.0,1.0,7.0,4.0,0,13.83399209486166,15.137691513769152,28.971683608630812,5.0,0
18,7,Meryl Davis,Athlete,39.0,0.1461,0.14794804,0.05,0,99,1.0,4.0,5.0,1.0,0,15.41501976284585,14.79480547948055,30.2098252423264,1.0,0
18,7,NeNe Leakes,TV Personality,33.0,0.1089,0.11182312,0.08,1,7,7.0,7.0,14.0,7.0,1,13.043478260869565,11.182313118231313,24.225791379100876,7.0,1
18,8,Amy Purdy,Athlete,40.0,0.167,0.17141396,0.05,0,99,1.0,3.0,4.0,1.0,0,17.699115044247787,17.14139514293024,34.840510187178026,1.0,0
18,8,Candace Cameron Bure,Actor/Actress,36.0,0.1831,0.17541064,0.05,0,99,4.0,1.0,5.0,2.0,0,15.929203539823009,17.54106312294684,33.47026666276985,3.0,0
18,8,Charlie White,Athlete,40.0,0.167,0.17083727,0.05,0,9,1.0,4.0,5.0,2.0,0,17.699115044247787,17.083726145813692,34.782841190061475,2.0,0
18,8,Danica McKellar,Actor/Actress,38.0,0.1391,0.13962415,0.08,1,8,3.0,6.0,9.0,5.0,1,16.8141592920354,13.962414301879283,30.776573593914684,6.0,1
18,8,James Maslow,Actor/Actress,36.0,0.1767,0.17409433,0.05,0,10,4.0,2.0,6.0,4.0,0,15.929203539823009,17.40943212952839,33.3386356693514,4.0,0
18,8,Meryl Davis,Athlete,36.0,0.167,0.1686197,0.05,0,99,4.0,5.0,9.0,5.0,1,15.929203539823009,16.86196915690154,32.79117269672455,5.0,0
18,9,Amy Purdy,Athlete,39.0,0.2008,0.20621896,0.05,0,99,2.0,3.0,5.0,1.0,0,20.418848167539267,20.621896824875876,41.04074499241514,2.0,0
18,9,Candace Cameron Bure,Actor/Actress,36.0,0.223,0.2138211,0.05,0,99,5.0,1.0,6.0,4.0,0,18.848167539267017,21.382110855284434,40.23027839455145,4.0,0
18,9,Charlie White,Athlete,38.0,0.1646,0.16555335,0.08,1,9,3.0,5.0,8.0,5.0,1,19.895287958115183,16.555335662213427,36.450623620328614,5.0,1
18,9,James Maslow,Actor/Actress,38.0,0.2069,0.21084918,0.05,0,10,3.0,2.0,5.0,1.0,0,19.895287958115183,21.084918843396753,40.98020680151194,3.0,0
18,9,Meryl Davis,Athlete,40.0,0.2046,0.20355737,0.05,0,99,1.0,4.0,5.0,1.0,0,20.94240837696335,20.355737814229514,41.29814619119286,1.0,0
18,10,Amy Purdy,Athlete,29.666600000000003,0.2596,0.2603405,0.05,0,99,2.0,2.0,4.0,1.0,0,25.87209505138384,26.034050781021524,51.906145832405365,1.0,0
18,10,Candace Cameron Bure,Actor/Actress,25.9998,0.2647,0.2639118,0.05,0,99,4.0,1.0,5.0,3.0,0,22.67429691696957,26.391180791735426,49.065477708705,3.0,0
18,10,James Maslow,Actor/Actress,29.0,0.2162,0.21875197,0.08,1,10,3.0,4.0,7.0,4.0,1,25.290756490131372,21.875197656255928,47.1659541463873,4.0,1
18,10,Meryl Davis,Athlete,30.0,0.2596,0.2569957,0.05,0,99,1.0,3.0,4.0,1.0,0,26.16285154151521,25.699570770987123,51.86242231250233,2.0,0
19,1,Alfonso Ribeiro,Actor/Actress,36.0,0.0868,0.08956578,0.05,0,99,1.0,1.0,2.0,1.0,0,9.67741935483871,8.956579065832909,18.633998420671617,1.0,0
19,1,Antonio Sabato Jr.,Actor/Actress,25.0,0.0848,0.084054925,0.05,0,7,10.0,5.0,15.0,8.0,0,6.720430107526881,8.405493500253726,15.125923607780607,8.0,0
19,1,Bethany Mota,Social Media Personality,32.0,0.0699,0.06861364,0.05,0,11,3.0,11.0,14.0,7.0,0,8.60215053763441,6.861364816502413,15.463515354136824,7.0,0
19,1,Betsey Johnson,Fashion Designer,20.0,0.0699,0.071689434,0.05,0,4,13.0,8.0,21.0,11.0,0,5.376344086021505,7.168944253104366,12.545288339125872,13.0,1
19,1,Janel Parrish,Actor/Actress,29.0,0.0855,0.08541596,0.05,0,99,7.0,3.0,10.0,4.0,0,7.795698924731183,8.541597016450044,16.337295941181228,6.0,0
19,1,Jonathan Bennett,Actor/Actress,30.0,0.0877,0.08531739,0.05,0,6,6.0,4.0,10.0,4.0,0,8.064516129032258,8.531740015277062,16.596256144309322,4.0,0
19,1,Lea Thompson,Actor/Actress,32.0,0.0848,0.085987456,0.05,0,9,3.0,2.0,5.0,2.0,0,8.60215053763441,8.598746623250848,17.20089716088526,2.0,0
19,1,Lolo Jones,Athlete,22.0,0.0582,0.0666944,0.08,1,1,12.0,12.0,24.0,13.0,1,5.913978494623656,6.669440793663455,12.58341928828711,12.0,0
19,1,Michael Waltrip,Racing Driver,25.0,0.0699,0.06657202,0.05,0,8,10.0,13.0,23.0,12.0,0,6.720430107526881,6.657202792207132,13.377632899734014,11.0,0
19,1,Randy Couture,Athlete,31.0,0.0825,0.08124677,0.05,0,3,5.0,6.0,11.0,6.0,0,8.333333333333332,8.124677966836677,16.458011300170007,5.0,0
19,1,Sadie Robertson,TV Personality,34.0,0.075,0.075272046,0.05,0,99,2.0,7.0,9.0,3.0,0,9.13978494623656,7.527205495737453,16.666990441974015,3.0,0
19,1,Tavis Smiley,Radio Personality,29.0,0.0699,0.06997843,0.05,0,2,7.0,9.0,16.0,9.0,0,7.795698924731183,6.997843832743415,14.793542757474597,9.0,0
19,1,Tommy Chong,Comedian,27.0,0.0751,0.06959163,0.05,0,10,9.0,10.0,19.0,10.0,0,7.258064516129033,6.959163828140495,14.217228344269529,10.0,0
19,2,Alfonso Ribeiro,Actor/Actress,32.0,0.0959,0.09791809,0.05,0,99,4.0,1.0,5.0,2.0,0,8.83977900552486,9.791809293754278,18.631588299279137,2.0,0
19,2,Antonio Sabato Jr.,Actor/Actress,31.0,0.0936,0.090642124,0.05,0,7,5.0,4.0,9.0,4.0,0,8.56353591160221,9.06421267192638,17.627748583528593,4.0,0
19,2,Bethany Mota,Social Media Personality,33.0,0.0732,0.07489646,0.05,0,11,3.0,10.0,13.0,6.0,0,9.116022099447514,7.489646224689387,16.6056683241369,6.0,0
19,2,Betsey Johnson,Fashion Designer,28.0,0.0723,0.08273248,0.05,0,4,8.0,7.0,15.0,9.0,0,7.734806629834254,8.273248248197447,16.0080548780317,9.0,0
19,2,Janel Parrish,Actor/Actress,34.0,0.0964,0.09166544,0.05,0,99,2.0,3.0,5.0,2.0,0,9.392265193370166,9.166544274996328,18.558809468366494,3.0,0
19,2,Jonathan Bennett,Actor/Actress,30.0,0.0973,0.09007129,0.05,0,6,7.0,5.0,12.0,5.0,0,8.287292817679557,9.007129270213879,17.294422087893437,5.0,0
19,2,Lea Thompson,Actor/Actress,35.0,0.0917,0.09310896,0.05,0,9,1.0,2.0,3.0,1.0,0,9.668508287292818,9.31089627932689,18.979404566619706,1.0,0
19,2,Michael Waltrip,Racing Driver,24.0,0.0712,0.07167236,0.05,0,8,12.0,11.0,23.0,12.0,1,6.629834254143646,7.167236215017087,13.797070469160733,12.0,1
19,2,Randy Couture,Athlete,28.0,0.081,0.086708024,0.05,0,3,8.0,6.0,14.0,8.0,0,7.734806629834254,8.67080266012408,16.405609289958335,8.0,0
19,2,Sadie Robertson,TV Personality,31.0,0.0845,0.080410235,0.05,0,99,5.0,8.0,13.0,6.0,0,8.56353591160221,8.041023741230713,16.604559652832926,7.0,0
19,2,Tavis Smiley,Radio Personality,28.0,0.0592,0.061611027,0.08,1,2,8.0,12.0,20.0,11.0,0,7.734806629834254,6.161102884833087,13.895909514667341,11.0,0
19,2,Tommy Chong,Comedian,28.0,0.0837,0.07856348,0.05,0,10,8.0,9.0,17.0,10.0,0,7.734806629834254,7.856348235690448,15.591154865524702,10.0,0
19,3,Alfonso Ribeiro,Actor/Actress,32.0,0.102,0.09840355,0.05,0,99,4.0,3.0,7.0,2.0,0,9.06515580736544,9.84035565930383,18.905511466669267,4.0,0
19,3,Antonio Sabato Jr.,Actor/Actress,29.0,0.0957,0.09515802,0.05,0,7,8.0,4.0,12.0,7.0,0,8.21529745042493,9.515802637558776,17.731100087983705,8.0,0
19,3,Bethany Mota,Social Media Personality,40.0,0.0833,0.085905194,0.05,0,11,1.0,7.0,8.0,3.0,0,11.3314447592068,8.59051997556484,19.92196473477164,2.0,0
19,3,Betsey Johnson,Fashion Designer,29.0,0.083,0.08521555,0.05,0,4,8.0,8.0,16.0,9.0,0,8.21529745042493,8.521555570944225,16.736853021369157,9.0,0
19,3,Janel Parrish,Actor/Actress,40.0,0.104,0.10481765,0.05,0,99,1.0,2.0,3.0,1.0,0,11.3314447592068,10.481765702278302,21.813210461485102,1.0,0
19,3,Jonathan Bennett,Actor/Actress,32.0,0.0975,0.094782375,0.05,0,6,4.0,5.0,9.0,5.0,0,9.06515580736544,9.478238135041956,18.543393942407395,5.0,0
19,3,Lea Thompson,Actor/Actress,31.0,0.1049,0.106586106,0.05,0,9,7.0,1.0,8.0,3.0,0,8.78186968838527,10.658611314126958,19.44048100251223,3.0,0
19,3,Michael Waltrip,Racing Driver,28.0,0.083,0.081818074,0.05,0,8,10.0,10.0,20.0,10.0,0,7.932011331444759,8.181807948181133,16.113819279625893,10.0,0
19,3,Randy Couture,Athlete,26.0,0.0691,0.07582121,0.08,1,3,11.0,11.0,22.0,11.0,1,7.365439093484419,7.582121508002141,14.94756060148656,11.0,1
19,3,Sadie Robertson,TV Personality,32.0,0.0935,0.086736664,0.05,0,99,4.0,6.0,10.0,6.0,0,9.06515580736544,8.673666981135689,17.73882278850113,7.0,0
19,3,Tommy Chong,Comedian,34.0,0.0841,0.08475554,0.05,0,10,3.0,9.0,12.0,7.0,0,9.631728045325778,8.475554567862156,18.107282613187934,6.0,0
19,4,Alfonso Ribeiro,Actor/Actress,40.0,0.1065,0.1068497,0.05,0,99,1.0,3.0,4.0,1.0,0,12.5,10.684969187942341,23.184969187942343,1.0,0
19,4,Antonio Sabato Jr.,Actor/Actress,29.0,0.1066,0.104537256,0.05,0,7,6.0,6.0,12.0,6.0,0,9.0625,10.453724805516913,19.516224805516913,6.0,0
19,4,Bethany Mota,Social Media Personality,33.0,0.0891,0.09194763,0.05,0,11,5.0,8.0,13.0,7.0,0,10.3125,9.194762301198065,19.507262301198065,7.0,0
19,4,Betsey Johnson,Fashion Designer,29.0,0.0742,0.07474456,0.08,1,4,6.0,10.0,16.0,9.0,0,9.0625,7.4744554319413865,16.536955431941387,10.0,1
19,4,Janel Parrish,Actor/Actress,36.0,0.1157,0.116484545,0.05,0,99,4.0,1.0,5.0,2.0,0,11.25,11.648453614717525,22.898453614717525,2.0,0
19,4,Jonathan Bennett,Actor/Actress,24.0,0.1078,0.1057188,0.05,0,6,10.0,4.0,14.0,8.0,0,7.5,10.57187919653718,18.071879196537182,8.0,0
19,4,Lea Thompson,Actor/Actress,39.0,0.1116,0.10559781,0.05,0,9,2.0,5.0,7.0,3.0,0,12.1875,10.559780197456705,22.747280197456703,3.0,0
19,4,Michael Waltrip,Racing Driver,25.0,0.0891,0.087964155,0.05,0,8,9.0,9.0,18.0,10.0,1,7.8125,8.796414831472472,16.60891483147247,9.0,0
19,4,Sadie Robertson,TV Personality,37.0,0.1022,0.09849152,0.05,0,99,3.0,7.0,10.0,4.0,0,11.5625,9.849151251464503,21.411651251464505,4.0,0
19,4,Tommy Chong,Comedian,28.0,0.0973,0.1076641,0.05,0,10,8.0,2.0,10.0,4.0,0,8.75,10.7664091817529,19.5164091817529,5.0,0
19,5,Alfonso Ribeiro,Actor/Actress,34.0,0.1278,0.12568562,0.05,0,99,2.0,1.0,3.0,1.0,0,12.878787878787879,12.568562050274249,25.447349929062128,1.0,0
19,5,Antonio Sabato Jr.,Actor/Actress,28.0,0.1178,0.11569156,0.05,0,7,6.0,4.0,10.0,5.0,0,10.606060606060606,11.569156046276625,22.17521665233723,5.0,0
19,5,Bethany Mota,Social Media Personality,32.0,0.0981,0.09857637,0.05,0,11,5.0,8.0,13.0,7.0,0,12.121212121212121,9.857637039430548,21.978849160642667,6.0,0
19,5,Janel Parrish,Actor/Actress,33.0,0.1305,0.12263188,0.05,0,99,4.0,3.0,7.0,3.0,0,12.5,12.263188049052753,24.76318804905275,3.0,0
19,5,Jonathan Bennett,Actor/Actress,24.0,0.1121,0.11312735,0.05,0,6,7.0,5.0,12.0,6.0,0,9.090909090909092,11.31273504525094,20.403644136160032,7.0,0
19,5,Lea Thompson,Actor/Actress,34.0,0.1231,0.12417524,0.05,0,9,2.0,2.0,4.0,2.0,0,12.878787878787879,12.417524049670096,25.296311928457975,2.0,0
19,5,Michael Waltrip,Racing Driver,20.0,0.0786,0.0909004,0.05,0,8,9.0,9.0,18.0,9.0,1,7.575757575757576,9.090040036360161,16.665797612117736,9.0,1
19,5,Sadie Robertson,TV Personality,36.0,0.1067,0.106268816,0.05,0,99,1.0,6.0,7.0,3.0,0,13.636363636363635,10.626881642507527,24.26324527887116,4.0,0
19,5,Tommy Chong,Comedian,23.0,0.1053,0.10294276,0.05,0,10,8.0,7.0,15.0,8.0,0,8.712121212121213,10.294276041177104,19.006397253298317,8.0,0
19,6,Alfonso Ribeiro,Actor/Actress,39.0,0.1222,0.12202096,0.05,0,99,1.0,3.0,4.0,1.0,0,13.310580204778159,12.202096244041925,25.512676448820084,1.0,0
19,6,Antonio Sabato Jr.,Actor/Actress,28.0,0.124,0.11977154,0.05,0,7,8.0,4.0,12.0,6.0,0,9.556313993174061,11.977154239543085,21.533468232717148,6.0,0
19,6,Bethany Mota,Social Media Personality,36.0,0.1029,0.10105647,0.05,0,11,2.0,8.0,10.0,5.0,0,12.286689419795222,10.105647202112944,22.392336621908164,5.0,0
19,6,Janel Parrish,Actor/Actress,33.0,0.1226,0.123626694,0.05,0,99,4.0,1.0,5.0,2.0,0,11.262798634812286,12.362669647253394,23.625468282065683,2.0,0
19,6,Jonathan Bennett,Actor/Actress,32.0,0.0857,0.09003202,0.08,1,6,5.0,9.0,14.0,7.0,1,10.921501706484642,9.003202180064045,19.924703886548688,9.0,1
19,6,Lea Thompson,Actor/Actress,32.0,0.1246,0.12275589,0.05,0,9,5.0,2.0,7.0,3.0,0,10.921501706484642,12.275589245511787,23.19709095199643,3.0,0
19,6,Michael Waltrip,Racing Driver,30.0,0.1029,0.103149146,0.05,0,8,7.0,7.0,14.0,7.0,1,10.238907849829351,10.314914806298296,20.553822656127647,7.0,0
19,6,Sadie Robertson,TV Personality,35.0,0.1065,0.10987814,0.05,0,99,3.0,5.0,8.0,4.0,0,11.945392491467576,10.987814219756284,22.93320671122386,4.0,0
19,6,Tommy Chong,Comedian,28.0,0.1085,0.10770912,0.05,0,10,8.0,6.0,14.0,7.0,1,9.556313993174061,10.770912215418246,20.327226208592307,8.0,0
19,7,Alfonso Ribeiro,Actor/Actress,34.0,0.1362,0.14179012,0.05,0,99,3.0,1.0,4.0,1.0,0,13.152804642166343,14.179013701481644,27.33181834364799,1.0,0
19,7,Antonio Sabato Jr.,Actor/Actress,29.5,0.1008,0.10200112,0.08,1,7,7.0,8.0,15.0,7.0,1,11.411992263056092,10.200113224013588,21.61210548706968,8.0,1
19,7,Bethany Mota,Social Media Personality,37.5,0.1211,0.11901349,0.05,0,11,1.0,6.0,7.0,4.0,0,14.506769825918761,11.901350428162052,26.408120254080814,4.0,0
19,7,Janel Parrish,Actor/Actress,33.5,0.1391,0.13718612,0.05,0,99,4.0,2.0,6.0,3.0,0,12.959381044487428,13.718613646233639,26.677994690721064,3.0,0
19,7,Lea Thompson,Actor/Actress,35.0,0.1387,0.13539664,0.05,0,9,2.0,3.0,5.0,2.0,0,13.539651837524177,13.539665624759877,27.079317462284052,2.0,0
19,7,Michael Waltrip,Racing Driver,28.0,0.1211,0.11825828,0.05,0,8,8.0,7.0,15.0,7.0,1,10.831721470019342,11.82582941909953,22.657550889118873,7.0,0
19,7,Sadie Robertson,TV Personality,31.0,0.122,0.12588136,0.05,0,99,5.0,4.0,9.0,5.0,0,11.992263056092844,12.588137510576502,24.580400566669347,5.0,0
19,7,Tommy Chong,Comedian,30.0,0.1211,0.12047275,0.05,0,10,6.0,5.0,11.0,6.0,0,11.60541586073501,12.047276445673175,23.652692306408184,6.0,0
19,8,Alfonso Ribeiro,Actor/Actress,41.0,0.162,0.15948085,0.05,0,99,2.0,1.0,3.0,1.0,0,16.532258064516128,15.948085861196637,32.480343925712766,2.0,0
19,8,Bethany Mota,Social Media Personality,40.0,0.1268,0.13573769,0.05,0,11,3.0,6.0,9.0,5.0,0,16.129032258064516,13.573769732983564,29.70280199104808,3.0,0
19,8,Janel Parrish,Actor/Actress,43.0,0.1603,0.15786,0.05,0,99,1.0,3.0,4.0,2.0,0,17.338709677419356,15.786000852444046,33.1247105298634,1.0,0
19,8,Lea Thompson,Actor/Actress,32.0,0.1608,0.15922707,0.05,0,9,5.0,2.0,7.0,3.0,0,12.903225806451612,15.922707859826223,28.825933666277834,5.0,0
19,8,Michael Waltrip,Racing Driver,25.0,0.1056,0.104896456,0.08,1,8,7.0,7.0,14.0,7.0,1,10.080645161290322,10.489646166440892,20.570291327731212,7.0,1
19,8,Sadie Robertson,TV Personality,38.0,0.1454,0.14314398,0.05,0,99,4.0,4.0,8.0,4.0,0,15.32258064516129,14.314398772977533,29.63697941813882,4.0,0
19,8,Tommy Chong,Comedian,29.0,0.1391,0.1396539,0.05,0,10,6.0,5.0,11.0,6.0,0,11.693548387096774,13.965390754131098,25.658939141227872,6.0,0
19,9,Alfonso Ribeiro,Actor/Actress,38.5,0.1813,0.18286891,0.05,0,99,1.0,2.0,3.0,2.0,0,17.990654205607477,18.286890817131095,36.27754502273857,2.0,0
19,9,Bethany Mota,Social Media Personality,37.0,0.161,0.15860943,0.05,0,11,3.0,5.0,8.0,3.0,0,17.289719626168225,15.860942841390571,33.150662467558796,4.0,0
19,9,Janel Parrish,Actor/Actress,38.5,0.1907,0.19011746,0.05,0,99,1.0,1.0,2.0,1.0,0,17.990654205607477,19.01174580988254,37.00240001549002,1.0,0
19,9,Lea Thompson,Actor/Actress,35.0,0.1341,0.13403809,0.08,1,9,5.0,6.0,11.0,6.0,1,16.355140186915886,13.403808865961912,29.758949052877796,6.0,1
19,9,Sadie Robertson,TV Personality,36.5,0.1694,0.16581202,0.05,0,99,4.0,4.0,8.0,3.0,0,17.056074766355138,16.581201834187983,33.63727660054312,3.0,0
19,9,Tommy Chong,Comedian,28.5,0.1634,0.1685541,0.05,0,10,6.0,3.0,9.0,5.0,0,13.317757009345794,16.855409831445904,30.173166840791698,5.0,0
19,10,Alfonso Ribeiro,Actor/Actress,37.5,0.2217,0.22317801,0.05,0,99,3.0,2.0,5.0,2.0,0,20.54794520547945,22.31779966093202,42.865744866411475,2.0,0
19,10,Bethany Mota,Social Media Personality,38.0,0.1893,0.18337639,0.05,0,11,2.0,4.0,6.0,3.0,0,20.82191780821918,18.337637899741726,39.159555707960905,4.0,0
19,10,Janel Parrish,Actor/Actress,39.0,0.2299,0.23547441,0.05,0,99,1.0,1.0,2.0,1.0,0,21.36986301369863,23.547439587153622,44.91730260085225,1.0,0
19,10,Sadie Robertson,TV Personality,37.0,0.2014,0.20443629,0.05,0,99,4.0,3.0,7.0,4.0,0,20.273972602739725,20.44362777338233,40.71760037612206,3.0,0
19,10,Tommy Chong,Comedian,31.0,0.1577,0.15353496,0.08,1,10,5.0,5.0,10.0,5.0,1,16.986301369863014,15.353495078790294,32.33979644865331,5.0,1
19,11,Alfonso Ribeiro,Actor/Actress,40.0,0.2858,0.2859398,0.05,0,99,1.0,1.0,2.0,1.0,0,25.586408499804897,28.593981143759244,54.18038964356414,1.0,0
19,11,Bethany Mota,Social Media Personality,38.0,0.1812,0.18262558,0.08,1,11,4.0,4.0,8.0,4.0,1,24.307088074814654,18.26255873050235,42.56964680531701,4.0,1
19,11,Janel Parrish,Actor/Actress,38.99980000000001,0.2833,0.28189152,0.05,0,99,3.0,2.0,5.0,2.0,0,24.94662035526728,28.189153127566126,53.13577348283341,2.0,0
19,11,Sadie Robertson,TV Personality,39.333200000000005,0.2497,0.24954306,0.05,0,99,2.0,3.0,5.0,2.0,0,25.159883070113153,24.954306998172278,50.11419006828543,3.0,0
20,1,Charlotte McKinney,Model,22.0,0.0745,0.073113866,0.05,0,3,11.0,11.0,22.0,12.0,1,6.918238993710692,7.3113861832509865,14.22962517696168,12.0,1
20,1,Chris Soules,TV Personality,26.0,0.0785,0.07938813,0.05,0,8,5.0,9.0,14.0,7.0,0,8.176100628930817,7.938812547487685,16.1149131764185,8.0,0
20,1,Michael Sam,Athlete,26.0,0.0837,0.08479389,0.05,0,4,5.0,7.0,12.0,5.0,0,8.176100628930817,8.479388516674852,16.65548914560567,5.0,0
20,1,Nastia Liukin,Athlete,30.0,0.0844,0.08396118,0.05,0,9,3.0,8.0,11.0,4.0,0,9.433962264150944,8.396117521421301,17.830079785572245,3.0,0
20,1,Noah Galloway,Motivational Speaker,26.0,0.0692,0.0762967,0.05,0,99,5.0,10.0,15.0,10.0,0,8.176100628930817,7.629669565108833,15.80577019403965,10.0,0
20,1,Patti LaBelle,Singer/Rapper,25.0,0.0962,0.093650736,0.05,0,6,8.0,1.0,9.0,3.0,0,7.861635220125786,9.365073066190835,17.226708286316622,4.0,0
20,1,Redfoo,Singer/Rapper,22.0,0.0965,0.08988953,0.05,0,2,11.0,3.0,14.0,7.0,0,6.918238993710692,8.988952487629707,15.907191481340398,9.0,0
20,1,Riker Lynch,Actor/Actress,31.0,0.0899,0.08821059,0.05,0,99,2.0,4.0,6.0,2.0,0,9.748427672955975,8.821058497199665,18.569486170155642,2.0,0
20,1,Robert Herjavec,Entrepreneur,28.0,0.057,0.06731792,0.05,0,8,4.0,12.0,16.0,11.0,0,8.80503144654088,6.731791616287879,15.53682306282876,11.0,0
20,1,Rumer Willis,Actor/Actress,32.0,0.0913,0.08996766,0.05,0,99,1.0,2.0,3.0,1.0,0,10.062893081761008,8.996765487184367,19.059658568945373,1.0,0
20,1,Suzanne Somers,Actor/Actress,25.0,0.0892,0.086866215,0.05,0,5,8.0,5.0,13.0,6.0,0,7.861635220125786,8.686621004862602,16.548256224988386,6.0,0
20,1,Willow Shields,Actor/Actress,25.0,0.0896,0.08654364,0.05,0,7,8.0,6.0,14.0,7.0,0,7.861635220125786,8.65436350670128,16.515998726827064,7.0,0
20,2,Charlotte McKinney,Model,26.0,0.0773,0.07891342,0.05,0,3,11.0,10.0,21.0,12.0,1,7.492795389048991,7.891341565976213,15.384136955025205,11.0,0
20,2,Chris Soules,TV Personality,21.0,0.0792,0.079618104,0.05,0,8,12.0,8.0,20.0,11.0,0,6.051873198847262,7.9618099621004506,14.013683160947712,12.0,1
20,2,Michael Sam,Athlete,28.0,0.0828,0.084718026,0.05,0,4,6.0,7.0,13.0,7.0,0,8.069164265129682,8.471802134050883,16.540966399180565,7.0,0
20,2,Nastia Liukin,Athlete,34.0,0.0833,0.08575115,0.05,0,9,1.0,6.0,7.0,4.0,0,9.798270893371757,8.5751145283687,18.37338542174046,1.0,0
20,2,Noah Galloway,Motivational Speaker,27.0,0.0773,0.07916952,0.05,0,99,10.0,9.0,19.0,10.0,0,7.780979827089338,7.916951564567662,15.697931391657,8.0,0
20,2,Patti LaBelle,Singer/Rapper,28.0,0.0963,0.09431955,0.05,0,6,6.0,1.0,7.0,4.0,0,8.069164265129682,9.431954481242503,17.501118746372185,5.0,0
20,2,Redfoo,Singer/Rapper,31.0,0.0643,0.06733655,0.08,1,2,5.0,12.0,17.0,8.0,0,8.93371757925072,6.733654629648994,15.667372208899714,9.0,0
20,2,Riker Lynch,Actor/Actress,32.0,0.0897,0.088808015,0.05,0,99,2.0,4.0,6.0,3.0,0,9.221902017291066,8.880801011555944,18.10270302884701,4.0,0
20,2,Robert Herjavec,Entrepreneur,28.0,0.0773,0.07394467,0.05,0,8,6.0,11.0,17.0,8.0,0,8.069164265129682,7.394466593304337,15.46363085843402,10.0,0
20,2,Rumer Willis,Actor/Actress,32.0,0.0942,0.09048456,0.05,0,99,2.0,2.0,4.0,1.0,0,9.221902017291066,9.048455502334948,18.270357519626014,2.0,0
20,2,Suzanne Somers,Actor/Actress,28.0,0.0901,0.08772646,0.05,0,5,6.0,5.0,11.0,6.0,0,8.069164265129682,8.772645517504497,16.84180978263418,6.0,0
20,2,Willow Shields,Actor/Actress,32.0,0.0882,0.08921003,0.05,0,7,2.0,3.0,5.0,2.0,0,9.221902017291066,8.921002509344861,18.142904526635927,3.0,0
20,3,Charlotte McKinney,Model,22.0,0.0663,0.06395618,0.08,1,3,10.0,11.0,21.0,11.0,1,7.0287539936102235,6.395618102329889,13.424372095940113,11.0,1
20,3,Chris Soules,TV Personality,28.0,0.0906,0.087888144,0.05,0,8,7.0,8.0,15.0,8.0,0,8.945686900958465,8.788814540621033,17.734501441579496,6.0,0
20,3,Michael Sam,Athlete,24.0,0.0905,0.091050714,0.05,0,4,9.0,7.0,16.0,9.0,0,7.667731629392971,9.105071545681145,16.772803175074117,10.0,0
20,3,Nastia Liukin,Athlete,34.0,0.0926,0.1037926,0.05,0,9,1.0,1.0,2.0,1.0,0,10.86261980830671,10.379260166068162,21.24187997437487,1.0,0
20,3,Noah Galloway,Motivational Speaker,30.0,0.0797,0.08523855,0.05,0,99,5.0,9.0,14.0,6.0,0,9.584664536741213,8.523855136381682,18.108519673122895,5.0,0
20,3,Patti LaBelle,Singer/Rapper,22.0,0.1044,0.09994448,0.05,0,6,10.0,2.0,12.0,5.0,0,7.0287539936102235,9.99444815991117,17.023202153521396,9.0,0
20,3,Riker Lynch,Actor/Actress,34.0,0.0995,0.09745997,0.05,0,99,1.0,4.0,5.0,2.0,0,10.86261980830671,9.745997155935955,20.608616964242664,2.0,0
20,3,Robert Herjavec,Entrepreneur,29.0,0.0797,0.081057176,0.05,0,8,6.0,10.0,16.0,9.0,0,9.26517571884984,8.105717729691483,17.370893448541324,8.0,0
20,3,Rumer Willis,Actor/Actress,33.0,0.0994,0.09869023,0.05,0,99,3.0,3.0,6.0,3.0,0,10.543130990415335,9.86902315790437,20.412154148319708,3.0,0
20,3,Suzanne Somers,Actor/Actress,25.0,0.0976,0.09387548,0.05,0,5,8.0,6.0,14.0,6.0,0,7.987220447284344,9.38754815020077,17.374768597485115,7.0,0
20,3,Willow Shields,Actor/Actress,32.0,0.0997,0.09704646,0.05,0,7,4.0,5.0,9.0,4.0,0,10.223642172523961,9.704646155274338,19.9282883277983,4.0,0
20,4,Chris Soules,TV Personality,27.0,0.0958,0.09500421,0.05,0,8,10.0,8.0,18.0,10.0,1,8.307692307692308,9.50042122801011,17.808113535702418,9.0,0
20,4,Michael Sam,Athlete,30.0,0.0765,0.07774786,0.08,1,4,7.0,10.0,17.0,9.0,0,9.230769230769232,7.774786186594869,17.0055554173641,10.0,1
20,4,Nastia Liukin,Athlete,36.0,0.0987,0.10185665,0.05,0,9,2.0,6.0,8.0,3.0,0,11.076923076923077,10.185665244455965,21.26258832137904,3.0,0
20,4,Noah Galloway,Motivational Speaker,32.0,0.092,0.09562983,0.05,0,99,6.0,7.0,13.0,6.0,0,9.846153846153847,9.562983229511596,19.40913707566544,7.0,0
20,4,Patti LaBelle,Singer/Rapper,30.0,0.1169,0.11046314,0.05,0,6,7.0,1.0,8.0,3.0,0,9.230769230769232,11.046314265111542,20.277083495880774,5.0,0
20,4,Riker Lynch,Actor/Actress,34.0,0.1025,0.10655949,0.05,0,99,4.0,4.0,8.0,3.0,0,10.461538461538462,10.655949255742783,21.117487717281243,4.0,0
20,4,Robert Herjavec,Entrepreneur,34.0,0.092,0.09390688,0.05,0,8,4.0,9.0,13.0,6.0,0,10.461538461538462,9.390688225376516,19.852226686914978,6.0,0
20,4,Rumer Willis,Actor/Actress,35.0,0.1099,0.10753905,0.05,0,99,3.0,2.0,5.0,2.0,0,10.76923076923077,10.753905258093726,21.523136027324497,2.0,0
20,4,Suzanne Somers,Actor/Actress,28.0,0.1082,0.103770226,0.05,0,5,9.0,5.0,14.0,8.0,0,8.615384615384615,10.377022849048547,18.992407464433164,8.0,0
20,4,Willow Shields,Actor/Actress,39.0,0.1075,0.10752264,0.05,0,7,1.0,3.0,4.0,1.0,0,12.0,10.752264258054343,22.752264258054343,1.0,0
20,5,Chris Soules,TV Personality,27.0,0.1042,0.10430102,0.05,0,8,7.0,8.0,15.0,8.0,0,9.540636042402827,10.430101895698982,19.97073793810181,7.0,0
20,5,Nastia Liukin,Athlete,38.0,0.1104,0.1135447,0.05,0,9,2.0,5.0,7.0,4.0,0,13.427561837455832,11.354469886455302,24.782031723911132,3.0,0
20,5,Noah Galloway,Motivational Speaker,28.0,0.1042,0.10721981,0.05,0,99,5.0,6.0,11.0,5.0,0,9.89399293286219,10.721980892780191,20.61597382564238,6.0,0
20,5,Patti LaBelle,Singer/Rapper,27.0,0.1247,0.11660177,0.05,0,6,7.0,4.0,11.0,5.0,0,9.540636042402827,11.66017688339823,21.20081292580106,5.0,0
20,5,Riker Lynch,Actor/Actress,38.0,0.1202,0.11831819,0.05,0,99,2.0,3.0,5.0,2.0,0,13.427561837455832,11.831818881681812,25.259380719137646,2.0,0
20,5,Robert Herjavec,Entrepreneur,24.0,0.1042,0.1051784,0.05,0,8,9.0,7.0,16.0,9.0,1,8.480565371024735,10.517839894821602,18.998405265846337,8.0,0
20,5,Rumer Willis,Actor/Actress,39.0,0.1227,0.12332781,0.05,0,99,1.0,1.0,2.0,1.0,0,13.780918727915195,12.332780876672192,26.11369960458739,1.0,0
20,5,Suzanne Somers,Actor/Actress,28.0,0.0867,0.08997231,0.08,1,5,5.0,9.0,14.0,7.0,0,9.89399293286219,8.99723091002769,18.89122384288988,9.0,1
20,5,Willow Shields,Actor/Actress,34.0,0.1226,0.121536,0.05,0,7,4.0,2.0,6.0,3.0,0,12.014134275618375,12.153599878464002,24.167734154082375,4.0,0
20,6,Chris Soules,TV Personality,35.0,0.1212,0.11943516,0.05,0,8,5.0,5.0,10.0,5.0,0,12.36749116607774,11.943515988056483,24.311007154134224,5.0,0
20,6,Nastia Liukin,Athlete,36.5,0.1228,0.12791695,0.05,0,9,2.0,4.0,6.0,3.0,0,12.897526501766784,12.791694987208304,25.689221488975086,4.0,0
20,6,Noah Galloway,Motivational Speaker,34.0,0.1212,0.11848913,0.05,0,99,6.0,6.0,12.0,6.0,0,12.014134275618375,11.848912988151087,23.86304726376946,6.0,0
20,6,Patti LaBelle,Singer/Rapper,34.0,0.1009,0.102353595,0.08,1,6,6.0,8.0,14.0,7.0,0,12.014134275618375,10.23535948976464,22.249493765383015,8.0,1
20,6,Riker Lynch,Actor/Actress,38.0,0.1368,0.14352651,0.05,0,99,1.0,1.0,2.0,1.0,0,13.427561837455832,14.352650985647347,27.780212823103177,1.0,0
20,6,Robert Herjavec,Entrepreneur,33.5,0.1212,0.117340416,0.05,0,8,8.0,7.0,15.0,8.0,1,11.837455830388691,11.734041588265958,23.57149741865465,7.0,0
20,6,Rumer Willis,Actor/Actress,35.5,0.1437,0.14018774,0.05,0,99,4.0,2.0,6.0,3.0,0,12.54416961130742,14.018773985981225,26.562943597288644,2.0,0
20,6,Willow Shields,Actor/Actress,36.5,0.1322,0.1307505,0.05,0,7,2.0,3.0,5.0,2.0,0,12.897526501766784,13.075049986924947,25.97257648869173,3.0,0
20,7,Chris Soules,TV Personality,31.0,0.1472,0.14052092,0.05,0,8,6.0,5.0,11.0,6.0,0,12.204724409448819,14.052092056208368,26.256816465657188,6.0,0
20,7,Nastia Liukin,Athlete,41.0,0.1454,0.14970359,0.05,0,9,1.0,3.0,4.0,1.0,0,16.141732283464567,14.970359059881435,31.112091343346002,1.0,0
20,7,Noah Galloway,Motivational Speaker,38.0,0.1377,0.14306904,0.05,0,99,3.0,4.0,7.0,4.0,0,14.960629921259844,14.306904057227618,29.267533978487464,4.0,0
20,7,Riker Lynch,Actor/Actress,37.0,0.1633,0.15857312,0.05,0,99,4.0,1.0,5.0,2.0,0,14.566929133858267,15.85731206342925,30.424241197287515,2.0,0
20,7,Robert Herjavec,Entrepreneur,31.0,0.1377,0.1362162,0.05,0,8,6.0,6.0,12.0,7.0,1,12.204724409448819,13.62162005448648,25.8263444639353,7.0,1
20,7,Rumer Willis,Actor/Actress,37.0,0.1541,0.15178874,0.05,0,99,4.0,2.0,6.0,3.0,0,14.566929133858267,15.178874060715497,29.745803194573764,3.0,0
20,7,Willow Shields,Actor/Actress,39.0,0.1146,0.120128386,0.08,1,7,2.0,7.0,9.0,5.0,0,15.354330708661418,12.012838648051355,27.367169356712772,5.0,0
20,8,Chris Soules,TV Personality,32.0,0.1369,0.13923587,0.08,1,8,4.0,5.0,9.0,4.0,0,15.130023640661939,13.923587139235874,29.053610779897813,5.0,0
20,8,Nastia Liukin,Athlete,38.0,0.1791,0.19562677,0.05,0,9,3.0,1.0,4.0,2.0,0,17.96690307328605,19.562677195626772,37.529580268912824,2.0,0
20,8,Noah Galloway,Motivational Speaker,31.5,0.1644,0.16702661,0.05,0,99,5.0,4.0,9.0,4.0,0,14.893617021276595,16.702661167026612,31.59627818830321,4.0,0
20,8,Riker Lynch,Actor/Actress,39.0,0.196,0.18038975,0.05,0,99,2.0,3.0,5.0,3.0,0,18.439716312056735,18.038975180389752,36.47869149244649,3.0,0
20,8,Robert Herjavec,Entrepreneur,31.0,0.1309,0.12964804,0.08,1,8,6.0,6.0,12.0,6.0,1,14.657210401891252,12.96480412964804,27.622014531539293,6.0,1
20,8,Rumer Willis,Actor/Actress,40.0,0.1926,0.18807295,0.05,0,99,1.0,2.0,3.0,1.0,0,18.912529550827422,18.80729518807295,37.71982473890037,1.0,0
20,9,Nastia Liukin,Athlete,40.0,0.1967,0.20276557,0.08,1,9,1.0,4.0,5.0,2.0,0,25.477707006369428,20.276557,45.754264006369425,4.0,1
20,9,Noah Galloway,Motivational Speaker,38.0,0.2361,0.22691418,0.05,0,99,4.0,3.0,7.0,4.0,1,24.203821656050955,22.691418,46.895239656050954,3.0,0
20,9,Riker Lynch,Actor/Actress,40.0,0.29,0.29460022,0.05,0,99,1.0,1.0,2.0,1.0,0,25.477707006369428,29.460022000000002,54.93772900636943,1.0,0
20,9,Rumer Willis,Actor/Actress,39.0,0.2772,0.27572003,0.05,0,99,3.0,2.0,5.0,2.0,0,24.840764331210192,27.572003000000002,52.41276733121019,2.0,0
20,10,Noah Galloway,Motivational Speaker,36.0,0.245,0.2529593,0.05,0,99,3.0,3.0,6.0,3.0,1,31.03448275862069,25.29593101183724,56.33041377045793,3.0,1
20,10,Riker Lynch,Actor/Actress,40.0,0.3811,0.37587938,0.05,0,99,1.0,1.0,2.0,1.0,0,34.48275862068966,37.587939503517575,72.07069812420724,1.0,0
20,10,Rumer Willis,Actor/Actress,40.0,0.3739,0.37116128,0.05,0,99,1.0,2.0,3.0,2.0,0,34.48275862068966,37.11612948464518,71.59888810533484,2.0,0
21,1,Alek Skarlatos,Military,22.0,0.0524,0.058161363,0.05,0,99,5.0,13.0,18.0,10.0,0,8.799999999999999,5.816136474484095,14.616136474484094,8.0,0
21,1,Alexa PenaVega,Actor/Actress,22.0,0.0809,0.08025045,0.05,0,9,5.0,7.0,12.0,5.0,0,8.799999999999999,8.025045240751357,16.825045240751358,5.0,0
21,1,Andy Grammer,Singer/Rapper,21.0,0.0869,0.08640054,0.05,0,8,7.0,1.0,8.0,3.0,0,8.4,8.640054259201628,17.04005425920163,4.0,0
21,1,Bindi Irwin,TV Personality,24.0,0.0725,0.07148881,0.05,0,99,1.0,11.0,12.0,5.0,0,9.6,7.148881214466436,16.748881214466437,6.0,0
21,1,Carlos PenaVega,Actor/Actress,23.0,0.0811,0.08026976,0.05,0,11,3.0,6.0,9.0,4.0,0,9.2,8.026976240809287,17.226976240809286,3.0,0
21,1,Chaka Khan,Singer/Rapper,13.0,0.0843,0.0827418,0.05,0,2,12.0,4.0,16.0,8.0,0,5.2,8.27418024822541,13.474180248225409,11.0,0
21,1,Gary Busey,Actor/Actress,15.0,0.0821,0.08132086,0.05,0,4,9.0,5.0,14.0,7.0,0,6.0,8.132086243962586,14.132086243962586,9.0,0
21,1,Hayes Grier,Social Media Personality,21.0,0.0646,0.06618875,0.05,0,7,7.0,12.0,19.0,12.0,0,8.4,6.618875198566257,15.018875198566256,7.0,0
21,1,Kim Zolciak-Biermann,TV Personality,12.0,0.0737,0.072066106,0.05,0,98,13.0,10.0,23.0,13.0,1,4.8,7.206610816198325,12.006610816198325,13.0,1
21,1,Nick Carter,Singer/Rapper,24.0,0.0848,0.08534105,0.05,0,99,1.0,2.0,3.0,1.0,0,9.6,8.534105256023159,18.134105256023158,1.0,0
21,1,Paula Deen,TV Personality,15.0,0.0726,0.074217185,0.05,0,6,9.0,9.0,18.0,10.0,0,6.0,7.421718722651563,13.421718722651562,12.0,0
21,1,Tamar Braxton,Singer/Rapper,23.0,0.0873,0.084234856,0.05,0,98,3.0,3.0,6.0,2.0,0,9.2,8.423485852704575,17.623485852704576,2.0,0
21,1,Victor Espinoza,Athlete,15.0,0.0767,0.07731844,0.05,0,2,9.0,8.0,17.0,9.0,0,6.0,7.7318442319553276,13.731844231955328,10.0,0
21,2,Alek Skarlatos,Military,22.5,0.0727,0.06589785,0.05,0,99,4.0,11.0,15.0,8.0,0,8.317929759704251,6.589785527182842,14.907715286887093,8.0,0
21,2,Alexa PenaVega,Actor/Actress,23.0,0.0794,0.08310635,0.05,0,9,3.0,6.0,9.0,3.0,0,8.502772643253234,8.310635664850853,16.813408308104087,4.0,0
21,2,Andy Grammer,Singer/Rapper,22.0,0.0866,0.08875049,0.05,0,8,8.0,1.0,9.0,3.0,0,8.133086876155268,8.875049710003978,17.008136586159246,3.0,0
21,2,Bindi Irwin,TV Personality,24.0,0.0727,0.074521884,0.05,0,99,2.0,9.0,11.0,6.0,0,8.872458410351202,7.45218899617512,16.32464740652632,6.0,0
21,2,Carlos PenaVega,Actor/Actress,22.5,0.0854,0.08322391,0.05,0,11,4.0,5.0,9.0,3.0,0,8.317929759704251,8.322391665791333,16.640321425495586,5.0,0
21,2,Chaka Khan,Singer/Rapper,15.0,0.0605,0.058403656,0.08,1,2,13.0,13.0,26.0,13.0,1,5.545286506469501,5.840366067229286,11.385652573698787,13.0,1
21,2,Gary Busey,Actor/Actress,16.5,0.0829,0.08405775,0.05,0,4,12.0,4.0,16.0,9.0,0,6.099815157116451,8.405775672462054,14.505590829578505,11.0,0
21,2,Hayes Grier,Social Media Personality,22.5,0.0727,0.070375964,0.05,0,7,4.0,10.0,14.0,7.0,0,8.317929759704251,7.037596963007757,15.355526722712007,7.0,0
21,2,Kim Zolciak-Biermann,TV Personality,18.5,0.0739,0.07682984,0.05,0,98,9.0,8.0,17.0,11.0,0,6.839186691312385,7.682984614638769,14.522171305951154,10.0,0
21,2,Nick Carter,Singer/Rapper,22.5,0.0856,0.08724629,0.05,0,99,4.0,2.0,6.0,2.0,0,8.317929759704251,8.724629697970377,17.042559457674628,2.0,0
21,2,Paula Deen,TV Personality,18.5,0.0782,0.07753747,0.05,0,6,9.0,7.0,16.0,9.0,0,6.839186691312385,7.7537476202998095,14.592934311612193,9.0,0
21,2,Tamar Braxton,Singer/Rapper,24.5,0.0888,0.08658451,0.05,0,98,1.0,3.0,4.0,1.0,0,9.057301293900185,8.658451692676136,17.71575298657632,1.0,0
21,2,Victor Espinoza,Athlete,18.5,0.0605,0.063463956,0.08,1,2,9.0,12.0,21.0,12.0,0,6.839186691312385,6.34639610771169,13.185582799024075,12.0,0
21,3,Alek Skarlatos,Military,33.0,0.0866,0.090662666,0.05,0,99,3.0,9.0,12.0,4.0,0,10.819672131147541,9.066266464006004,19.885938595153547,6.0,0
21,3,Alexa PenaVega,Actor/Actress,36.0,0.101,0.11015494,0.05,0,9,1.0,3.0,4.0,2.0,0,11.80327868852459,11.015493834767593,22.818772523292182,2.0,0
21,3,Andy Grammer,Singer/Rapper,29.0,0.1078,0.10775899,0.05,0,8,8.0,4.0,12.0,4.0,0,9.508196721311474,10.775898838361519,20.28409555967299,4.0,0
21,3,Bindi Irwin,TV Personality,32.0,0.0909,0.091148555,0.05,0,99,5.0,8.0,13.0,7.0,0,10.491803278688524,9.11485536327717,19.606658641965694,7.0,0
21,3,Carlos PenaVega,Actor/Actress,31.0,0.109,0.099715434,0.05,0,11,6.0,6.0,12.0,4.0,0,10.163934426229508,9.971543250426853,20.13547767665636,5.0,0
21,3,Gary Busey,Actor/Actress,25.0,0.1094,0.09980208,0.05,0,4,9.0,5.0,14.0,8.0,0,8.19672131147541,9.980207850296884,18.176929161772293,8.0,0
21,3,Hayes Grier,Social Media Personality,30.0,0.072,0.07949626,0.05,0,7,7.0,10.0,17.0,9.0,1,9.836065573770492,7.949625880755612,17.785691454526102,9.0,0
21,3,Nick Carter,Singer/Rapper,36.0,0.1124,0.11879462,0.05,0,99,1.0,1.0,2.0,1.0,0,11.80327868852459,11.879461821808073,23.682740510332664,1.0,0
21,3,Paula Deen,TV Personality,20.0,0.0958,0.09157997,0.05,0,6,10.0,7.0,17.0,9.0,1,6.557377049180328,9.157996862630048,15.715373911810376,10.0,1
21,3,Tamar Braxton,Singer/Rapper,33.0,0.115,0.1108865,0.05,0,98,3.0,2.0,5.0,3.0,0,10.819672131147541,11.088649833670255,21.908321964817794,3.0,0
21,4,Alek Skarlatos,Military,24.0,0.0933,0.08917756,0.05,0,99,6.0,8.0,14.0,8.0,0,10.16949152542373,8.91775555411222,19.08724707953595,8.0,0
21,4,Alexa PenaVega,Actor/Actress,21.0,0.1057,0.1116841,0.05,0,9,8.0,2.0,10.0,4.0,0,8.898305084745763,11.168409441579525,20.06671452632529,7.0,0
21,4,Andy Grammer,Singer/Rapper,23.0,0.1105,0.109754585,0.05,0,8,7.0,3.0,10.0,4.0,0,9.745762711864407,10.975457951227101,20.721220663091508,5.0,0
21,4,Bindi Irwin,TV Personality,28.0,0.0967,0.09614623,0.05,0,99,1.0,7.0,8.0,3.0,0,11.864406779661017,9.614622519268872,21.479029298929888,3.0,0
21,4,Carlos PenaVega,Actor/Actress,25.0,0.101,0.10280668,0.05,0,11,5.0,5.0,10.0,4.0,0,10.59322033898305,10.280667485966624,20.873887824949676,4.0,0
21,4,Gary Busey,Actor/Actress,16.0,0.0777,0.07707326,0.08,1,4,10.0,10.0,20.0,10.0,1,6.779661016949152,7.707325614633718,14.48698663158287,10.0,1
21,4,Hayes Grier,Social Media Personality,27.0,0.0933,0.089163795,0.05,0,7,2.0,9.0,11.0,7.0,0,11.440677966101696,8.916379054181046,20.357057020282742,6.0,0
21,4,Nick Carter,Singer/Rapper,27.0,0.1142,0.1180365,0.05,0,99,2.0,1.0,3.0,1.0,0,11.440677966101696,11.803649409817528,23.244327375919223,1.0,0
21,4,Paula Deen,TV Personality,18.0,0.0942,0.09699159,0.05,0,6,9.0,6.0,15.0,9.0,0,7.627118644067797,9.699158515042074,17.32627715910987,9.0,0
21,4,Tamar Braxton,Singer/Rapper,27.0,0.1135,0.10916575,0.05,0,98,2.0,4.0,6.0,2.0,0,11.440677966101696,10.916574454171277,22.35725242027297,2.0,0
21,5,Alek Skarlatos,Military,29.0,0.0982,0.098627925,0.05,0,99,7.0,8.0,15.0,7.0,1,9.634551495016613,9.862793042453617,19.49734453747023,7.0,0
21,5,Alexa PenaVega,Actor/Actress,40.0,0.1196,0.12126064,0.05,0,9,1.0,3.0,4.0,1.0,0,13.2890365448505,12.126064666933557,25.415101211784055,1.0,0
21,5,Andy Grammer,Singer/Rapper,36.0,0.1234,0.12446935,0.05,0,8,4.0,1.0,5.0,2.0,0,11.960132890365449,12.446935684581463,24.407068574946912,3.0,0
21,5,Bindi Irwin,TV Personality,37.0,0.1041,0.10286203,0.05,0,99,3.0,7.0,10.0,5.0,0,12.29235880398671,10.286203565741195,22.578562369727905,5.0,0
21,5,Carlos PenaVega,Actor/Actress,39.0,0.1188,0.11779805,0.05,0,11,2.0,4.0,6.0,3.0,0,12.956810631229235,11.77980564788931,24.736616279118543,2.0,0
21,5,Hayes Grier,Social Media Personality,30.0,0.0803,0.08982931,0.05,0,7,6.0,9.0,15.0,7.0,1,9.966777408637874,8.982931494061232,18.949708902699108,9.0,1
21,5,Nick Carter,Singer/Rapper,35.0,0.1248,0.12290809,0.05,0,99,5.0,2.0,7.0,4.0,0,11.627906976744185,12.290809675994533,23.918716652738716,4.0,0
21,5,Paula Deen,TV Personality,26.0,0.1026,0.10717338,0.05,0,6,9.0,6.0,15.0,7.0,1,8.637873754152823,10.717338589453622,19.355212343606446,8.0,0
21,5,Tamar Braxton,Singer/Rapper,29.0,0.1282,0.11507117,0.05,0,98,7.0,5.0,12.0,6.0,0,9.634551495016613,11.50711763289147,21.14166912790808,6.0,0
21,6,Alek Skarlatos,Military,30.0,0.0975,0.096241765,0.05,0,99,7.0,7.0,14.0,7.0,0,9.584664536741213,9.624176432630767,19.20884096937198,8.0,0
21,6,Alexa PenaVega,Actor/Actress,30.0,0.1205,0.12472703,0.05,0,9,7.0,3.0,10.0,6.0,0,9.584664536741213,12.47270291269108,22.05736744943229,6.0,0
21,6,Andy Grammer,Singer/Rapper,40.0,0.1289,0.12409359,0.05,0,8,1.0,4.0,5.0,1.0,0,12.779552715654951,12.409358913134488,25.18891162878944,1.0,0
21,6,Bindi Irwin,TV Personality,40.0,0.1096,0.108819366,0.05,0,99,1.0,6.0,7.0,5.0,0,12.779552715654951,10.881936523826445,23.661489239481398,5.0,0
21,6,Carlos PenaVega,Actor/Actress,38.0,0.12,0.12628837,0.05,0,11,5.0,1.0,6.0,2.0,0,12.140575079872203,12.628836911598142,24.769411991470346,3.0,0
21,6,Hayes Grier,Social Media Personality,32.0,0.0975,0.094024196,0.05,0,7,6.0,8.0,14.0,7.0,0,10.223642172523961,9.402419534183066,19.626061706707027,7.0,0
21,6,Nick Carter,Singer/Rapper,39.0,0.123,0.1253939,0.05,0,99,4.0,2.0,6.0,2.0,0,12.460063897763577,12.539389912224271,24.99945380998785,2.0,0
21,6,Paula Deen,TV Personality,24.0,0.0812,0.08075439,0.08,1,6,9.0,9.0,18.0,9.0,1,7.667731629392971,8.075438943471926,15.743170572864898,9.0,1
21,6,Tamar Braxton,Singer/Rapper,40.0,0.1219,0.1196574,0.05,0,98,1.0,5.0,6.0,2.0,0,12.779552715654951,11.965739916239821,24.74529263189477,4.0,0
21,7,Alek Skarlatos,Military,26.5,0.1056,0.110068075,0.05,0,99,8.0,7.0,15.0,8.0,1,11.990950226244344,11.006806608448665,22.997756834693007,7.0,0
21,7,Alexa PenaVega,Actor/Actress,27.5,0.1362,0.13395241,0.05,0,9,5.0,4.0,9.0,5.0,0,12.44343891402715,13.395239914985565,25.838678829012714,3.0,0
21,7,Andy Grammer,Singer/Rapper,28.0,0.1395,0.13925228,0.05,0,8,2.0,1.0,3.0,1.0,0,12.669683257918551,13.925226872056623,26.594910129975176,1.0,0
21,7,Bindi Irwin,TV Personality,29.0,0.1236,0.12034505,0.05,0,99,1.0,6.0,7.0,2.0,0,13.122171945701359,12.034504025205173,25.156675970906534,6.0,0
21,7,Carlos PenaVega,Actor/Actress,28.0,0.1308,0.13374183,0.05,0,11,2.0,5.0,7.0,2.0,0,12.669683257918551,13.374181916691263,26.043865174609813,2.0,0
21,7,Hayes Grier,Social Media Personality,28.0,0.0879,0.094104156,0.08,1,7,2.0,8.0,10.0,7.0,0,12.669683257918551,9.410414837756399,22.08009809567495,8.0,1
21,7,Nick Carter,Singer/Rapper,27.0,0.1398,0.13439606,0.05,0,99,6.0,2.0,8.0,4.0,0,12.217194570135746,13.439604911392003,25.65679948152775,4.0,0
21,7,Tamar Braxton,Singer/Rapper,27.0,0.1366,0.13414022,0.05,0,98,6.0,3.0,9.0,5.0,0,12.217194570135746,13.414020913464306,25.63121548360005,5.0,0
21,8,Alek Skarlatos,Military,25.0,0.1371,0.13479292,0.05,0,99,6.0,6.0,12.0,6.0,0,12.886637793725134,13.479292215668675,26.365930009393807,6.0,0
21,8,Alexa PenaVega,Actor/Actress,26.9998,0.1545,0.15518193,0.05,0,9,5.0,1.0,6.0,2.0,0,13.917465724120795,15.518193248291091,29.435658972411886,4.0,0
21,8,Andy Grammer,Singer/Rapper,23.9998,0.1142,0.112734534,0.08,1,8,7.0,7.0,14.0,7.0,1,12.371069188873781,11.273453580375255,23.644522769249036,7.0,1
21,8,Bindi Irwin,TV Personality,28.0,0.1371,0.13737671,0.05,0,99,3.0,5.0,8.0,5.0,0,14.43303432897215,13.737671219802738,28.17070554877489,5.0,0
21,8,Carlos PenaVega,Actor/Actress,28.9998,0.151,0.15038092,0.05,0,11,2.0,4.0,6.0,2.0,0,14.948396747618805,15.038092240609474,29.98648898822828,2.0,0
21,8,Nick Carter,Singer/Rapper,33.0,0.1605,0.15489367,0.05,0,99,1.0,2.0,3.0,1.0,0,17.010361887717178,15.489367247829874,32.49972913554705,1.0,0
21,8,Tamar Braxton,Singer/Rapper,28.0,0.1456,0.1546393,0.05,0,98,3.0,3.0,6.0,2.0,0,14.43303432897215,15.463930247422883,29.896964576395035,3.0,0
21,9,Alek Skarlatos,Military,25.5,0.1562,0.1727618,0.05,0,99,5.0,4.0,9.0,6.0,1,15.501519756838904,17.276180172761805,32.77769992960071,4.0,0
21,9,Alexa PenaVega,Actor/Actress,30.0,0.1301,0.12685801,0.08,1,9,1.0,6.0,7.0,4.0,0,18.237082066869302,12.685801126858012,30.922883193727316,6.0,1
21,9,Bindi Irwin,TV Personality,30.0,0.1628,0.16553174,0.05,0,99,1.0,5.0,6.0,2.0,0,18.237082066869302,16.553174165531743,34.79025623240105,1.0,0
21,9,Carlos PenaVega,Actor/Actress,27.0,0.1797,0.18086438,0.05,0,11,4.0,1.0,5.0,1.0,0,16.41337386018237,18.086438180864384,34.49981204104675,2.0,0
21,9,Nick Carter,Singer/Rapper,27.5,0.1805,0.1758162,0.05,0,99,3.0,3.0,6.0,2.0,0,16.717325227963524,17.581620175816205,34.298945403779726,3.0,0
21,9,Tamar Braxton,Singer/Rapper,24.5,0.1907,0.17816786,0.05,0,98,6.0,2.0,8.0,5.0,0,14.893617021276595,17.816786178167867,32.710403199444464,5.0,0
21,10,Alek Skarlatos,Military,28.5,0.1869,0.23878995,0.05,0,99,3.0,4.0,7.0,4.0,1,24.050632911392405,23.878993806050307,47.929626717442716,4.0,1
21,10,Bindi Irwin,TV Personality,31.5,0.2463,0.2393207,0.05,0,99,1.0,3.0,4.0,2.0,0,26.582278481012654,23.932068803396554,50.51434728440921,2.0,0
21,10,Carlos PenaVega,Actor/Actress,31.5,0.2897,0.2462357,0.05,0,11,1.0,2.0,3.0,1.0,0,26.582278481012654,24.623568768821556,51.20584724983421,1.0,0
21,10,Nick Carter,Singer/Rapper,27.0,0.2771,0.2756537,0.05,0,99,4.0,1.0,5.0,3.0,0,22.78481012658228,27.56536862173157,50.35017874831385,3.0,0
21,11,Alek Skarlatos,Military,27.9999,0.2454,0.27161393,0.05,0,99,4.0,1.0,5.0,3.0,1,23.72874892266858,27.161393814841812,50.89014273751039,3.0,0
21,11,Bindi Irwin,TV Personality,30.0,0.259,0.2554389,0.05,0,99,1.0,3.0,4.0,2.0,0,25.423750359110475,25.543890766316725,50.9676411254272,2.0,0
21,11,Carlos PenaVega,Actor/Actress,30.0,0.2044,0.20781364,0.08,1,11,1.0,4.0,5.0,3.0,1,25.423750359110475,20.781364623440936,46.20511498255141,4.0,1
21,11,Nick Carter,Singer/Rapper,30.0,0.2912,0.2651335,0.05,0,99,1.0,2.0,3.0,1.0,0,25.423750359110475,26.513350795400527,51.937101154511,1.0,0
22,1,Antonio Brown,Athlete,21.0,0.0859,0.08497341,0.05,0,9,4.0,6.0,10.0,2.0,0,8.860759493670885,8.49734057513297,17.358100068803857,2.0,0
22,1,Doug Flutie,Athlete,15.0,0.0858,0.08514581,0.05,0,6,11.0,5.0,16.0,11.0,0,6.329113924050633,8.51458057427097,14.843694498321604,11.0,0
22,1,Geraldo Rivera,Journalist,13.0,0.0709,0.07507511,0.05,0,2,12.0,10.0,22.0,12.0,1,5.485232067510549,7.507510624624468,12.992742692135018,12.0,1
22,1,Ginger Zee,News Anchor,23.0,0.0582,0.07087764,0.05,0,99,1.0,12.0,13.0,9.0,0,9.70464135021097,7.087763645611818,16.79240499582279,9.0,0
22,1,Jodie Sweetin,Actor/Actress,20.0,0.0919,0.08861541,0.05,0,8,8.0,4.0,12.0,5.0,0,8.438818565400844,8.861540556922971,17.300359122323815,6.0,0
22,1,Kim Fields,Actor/Actress,20.0,0.091,0.08892399,0.05,0,7,8.0,3.0,11.0,4.0,0,8.438818565400844,8.89239855538007,17.331217120780913,5.0,0
22,1,Marla Maples,TV Personality,21.0,0.0799,0.07981148,0.05,0,4,4.0,9.0,13.0,9.0,0,8.860759493670885,7.981147600942619,16.841907094613504,8.0,0
22,1,Mischa Barton,Actor/Actress,16.0,0.0923,0.08896894,0.05,0,3,10.0,2.0,12.0,5.0,0,6.751054852320674,8.896893555155321,15.647948407475996,10.0,0
22,1,Nyle DiMarco,Model,23.0,0.0757,0.07453586,0.05,0,99,1.0,11.0,12.0,5.0,0,9.70464135021097,7.4535856273207175,17.158226977531687,7.0,0
22,1,Paige VanZant,Athlete,21.0,0.0865,0.08491345,0.05,0,99,4.0,8.0,12.0,5.0,0,8.860759493670885,8.49134457543277,17.352104069103653,4.0,0
22,1,Von Miller,Athlete,21.0,0.0852,0.08497341,0.05,0,7,4.0,6.0,10.0,2.0,0,8.860759493670885,8.49734057513297,17.358100068803857,2.0,0
22,1,Wanya Morris,Singer/Rapper,23.0,0.0967,0.09318554,0.05,0,9,1.0,1.0,2.0,1.0,0,9.70464135021097,9.318553534072322,19.023194884283292,1.0,0
22,2,Antonio Brown,Athlete,19.0,0.0869,0.08590604,0.05,0,9,9.0,7.0,16.0,11.0,0,8.050847457627118,8.590604034362418,16.641451491989535,8.0,0
22,2,Doug Flutie,Athlete,20.0,0.0885,0.08657896,0.05,0,6,5.0,5.0,10.0,4.0,0,8.47457627118644,8.657896034631584,17.132472305818023,4.0,0
22,2,Geraldo Rivera,Journalist,13.0,0.0572,0.057487182,0.08,1,2,12.0,12.0,24.0,12.0,1,5.508474576271186,5.7487182229948735,11.25719279926606,12.0,1
22,2,Ginger Zee,News Anchor,21.0,0.0688,0.07507269,0.05,0,99,3.0,11.0,14.0,8.0,0,8.898305084745763,7.507269030029076,16.40557411477484,9.0,0
22,2,Jodie Sweetin,Actor/Actress,21.0,0.0908,0.089858435,0.05,0,8,3.0,4.0,7.0,2.0,0,8.898305084745763,8.985843535943374,17.88414862068914,3.0,0
22,2,Kim Fields,Actor/Actress,19.0,0.09,0.08996243,0.05,0,7,9.0,3.0,12.0,6.0,0,8.050847457627118,8.996243035984973,17.04709049361209,6.0,0
22,2,Marla Maples,TV Personality,20.0,0.0779,0.08168549,0.05,0,4,5.0,9.0,14.0,8.0,0,8.47457627118644,8.168549032674196,16.643125303860636,7.0,0
22,2,Mischa Barton,Actor/Actress,15.0,0.0929,0.090159215,0.05,0,3,11.0,2.0,13.0,7.0,0,6.3559322033898304,9.015921536063686,15.371853739453517,11.0,0
22,2,Nyle DiMarco,Model,20.0,0.075,0.077717595,0.05,0,99,5.0,10.0,15.0,10.0,0,8.47457627118644,7.771759531087039,16.246335802273478,10.0,0
22,2,Paige VanZant,Athlete,24.0,0.0931,0.085313074,0.05,0,99,1.0,8.0,9.0,3.0,0,10.16949152542373,8.53130743412523,18.700798959548962,2.0,0
22,2,Von Miller,Athlete,20.0,0.0838,0.08592014,0.05,0,7,5.0,6.0,11.0,5.0,0,8.47457627118644,8.592014034368058,17.0665903055545,5.0,0
22,2,Wanya Morris,Singer/Rapper,24.0,0.0952,0.094338745,0.05,0,9,1.0,1.0,2.0,1.0,0,10.16949152542373,9.4338745377355,19.60336606315923,1.0,0
22,3,Antonio Brown,Athlete,20.0,0.0911,0.09347652,0.05,0,9,8.0,5.0,13.0,7.0,0,8.438818565400844,9.34765208412887,17.78647064952971,7.0,0
22,3,Doug Flutie,Athlete,20.0,0.0992,0.09366195,0.05,0,6,8.0,4.0,12.0,6.0,0,8.438818565400844,9.366195084295756,17.805013649696598,6.0,0
22,3,Ginger Zee,News Anchor,21.0,0.0826,0.084523484,0.05,0,99,6.0,10.0,16.0,10.0,0,8.860759493670885,8.452348476071137,17.31310796974202,10.0,0
22,3,Jodie Sweetin,Actor/Actress,23.0,0.0985,0.096363865,0.05,0,8,3.0,3.0,6.0,2.0,0,9.70464135021097,9.63638658672748,19.341027936938453,2.0,0
22,3,Kim Fields,Actor/Actress,22.0,0.1015,0.09728772,0.05,0,7,5.0,2.0,7.0,3.0,0,9.282700421940929,9.728772087558948,19.011472509499875,4.0,0
22,3,Marla Maples,TV Personality,21.0,0.0885,0.089090124,0.05,0,4,6.0,8.0,14.0,8.0,0,8.860759493670885,8.909012480181113,17.769771973852,9.0,0
22,3,Mischa Barton,Actor/Actress,18.0,0.0688,0.07240814,0.08,1,3,11.0,11.0,22.0,11.0,1,7.59493670886076,7.240814065167327,14.835750774028087,11.0,1
22,3,Nyle DiMarco,Model,25.0,0.0826,0.08502362,0.05,0,99,1.0,9.0,10.0,4.0,0,10.548523206751055,8.502362076521258,19.050885283272315,3.0,0
22,3,Paige VanZant,Athlete,23.0,0.0901,0.09176935,0.05,0,99,3.0,7.0,10.0,4.0,0,9.70464135021097,9.176935082592417,18.881576432803385,5.0,0
22,3,Von Miller,Athlete,20.0,0.0924,0.093470424,0.05,0,7,8.0,6.0,14.0,8.0,0,8.438818565400844,9.347042484123383,17.78586104952423,8.0,0
22,3,Wanya Morris,Singer/Rapper,24.0,0.1046,0.102924794,0.05,0,9,2.0,1.0,3.0,1.0,0,10.126582278481013,10.292479492632316,20.419061771113327,1.0,0
22,4,Antonio Brown,Athlete,35.0,0.1012,0.105098315,0.05,0,9,3.0,3.0,6.0,3.0,0,10.9717868338558,10.509831457960672,21.481618291816474,3.0,0
22,4,Doug Flutie,Athlete,24.0,0.1058,0.09930914,0.05,0,6,10.0,7.0,17.0,9.0,0,7.523510971786834,9.930913960276344,17.454424932063176,9.0,0
22,4,Ginger Zee,News Anchor,36.0,0.0885,0.09755443,0.05,0,99,1.0,8.0,9.0,5.0,0,11.285266457680251,9.755442960978227,21.04070941865848,4.0,0
22,4,Jodie Sweetin,Actor/Actress,27.0,0.1083,0.102223635,0.05,0,8,9.0,6.0,15.0,8.0,0,8.463949843260188,10.222363459110545,18.686313302370735,8.0,0
22,4,Kim Fields,Actor/Actress,32.0,0.1137,0.106083244,0.05,0,7,6.0,2.0,8.0,4.0,0,10.031347962382444,10.608324357566701,20.639672319949145,5.0,0
22,4,Marla Maples,TV Personality,28.0,0.0736,0.074841045,0.08,1,4,8.0,10.0,18.0,10.0,1,8.77742946708464,7.484104470063581,16.261533937148222,10.0,1
22,4,Nyle DiMarco,Model,34.0,0.0891,0.093226895,0.05,0,99,5.0,9.0,14.0,7.0,0,10.658307210031348,9.32268946270924,19.980996672740588,7.0,0
22,4,Paige VanZant,Athlete,36.0,0.1044,0.10361241,0.05,0,99,1.0,4.0,5.0,2.0,0,11.285266457680251,10.361240958555035,21.646507416235288,2.0,0
22,4,Von Miller,Athlete,32.0,0.1018,0.10360599,0.05,0,7,6.0,5.0,11.0,6.0,0,10.031347962382444,10.360598958557603,20.391946920940047,6.0,0
22,4,Wanya Morris,Singer/Rapper,35.0,0.1134,0.1144449,0.05,0,9,3.0,1.0,4.0,1.0,0,10.9717868338558,11.444489954222039,22.416276788077838,1.0,0
22,5,Antonio Brown,Athlete,26.0,0.1137,0.11802261,0.05,0,9,9.0,2.0,11.0,6.0,0,9.420289855072465,11.802261047209042,21.222550902281505,8.0,0
22,5,Doug Flutie,Athlete,28.0,0.1134,0.109747306,0.05,0,6,7.0,7.0,14.0,9.0,1,10.144927536231885,10.974730643898923,21.119658180130806,9.0,1
22,5,Ginger Zee,News Anchor,32.0,0.0993,0.10453371,0.05,0,99,3.0,8.0,11.0,6.0,0,11.594202898550725,10.453371041813483,22.04757394036421,5.0,0
22,5,Jodie Sweetin,Actor/Actress,35.0,0.1203,0.11501089,0.05,0,8,2.0,4.0,6.0,1.0,0,12.681159420289855,11.501089046004354,24.18224846629421,1.0,0
22,5,Kim Fields,Actor/Actress,28.0,0.1209,0.11517219,0.05,0,7,7.0,3.0,10.0,4.0,0,10.144927536231885,11.517219046068874,21.662146582300757,6.0,0
22,5,Nyle DiMarco,Model,37.0,0.08,0.08856043,0.05,0,99,1.0,9.0,10.0,4.0,0,13.405797101449277,8.85604303542417,22.261840136873445,4.0,0
22,5,Paige VanZant,Athlete,31.0,0.1154,0.11328607,0.05,0,99,4.0,5.0,9.0,3.0,0,11.231884057971014,11.328607045314428,22.560491103285443,3.0,0
22,5,Von Miller,Athlete,29.0,0.111,0.10989169,0.05,0,7,6.0,6.0,12.0,8.0,0,10.507246376811594,10.989169043956675,21.49641542076827,7.0,0
22,5,Wanya Morris,Singer/Rapper,30.0,0.1261,0.1257751,0.05,0,9,5.0,1.0,6.0,1.0,0,10.869565217391305,12.577510050310039,23.447075267701344,2.0,0
22,6,Antonio Brown,Athlete,27.0,0.1167,0.115954496,0.05,0,9,3.0,4.0,7.0,3.0,0,11.894273127753303,11.595449228945625,23.489722356698927,3.0,0
22,6,Doug Flutie,Athlete,21.0,0.0834,0.08549272,0.08,1,6,9.0,9.0,18.0,9.0,1,9.251101321585903,8.549271726423305,17.800373048009206,9.0,1
22,6,Ginger Zee,News Anchor,24.0,0.1002,0.103144206,0.05,0,99,6.0,7.0,13.0,8.0,0,10.572687224669604,10.314420269938552,20.887107494608156,8.0,0
22,6,Jodie Sweetin,Actor/Actress,25.0,0.122,0.12274587,0.05,0,8,4.0,2.0,6.0,2.0,0,11.013215859030836,12.27458660721323,23.287802466244067,4.0,0
22,6,Kim Fields,Actor/Actress,24.0,0.1215,0.11814377,0.05,0,7,6.0,3.0,9.0,5.0,0,10.572687224669604,11.814376621939948,22.38706384660955,5.0,0
22,6,Nyle DiMarco,Model,25.0,0.1002,0.09970695,0.05,0,99,4.0,8.0,12.0,7.0,0,11.013215859030836,9.97069468093777,20.983910539968605,7.0,0
22,6,Paige VanZant,Athlete,28.0,0.1152,0.1153174,0.05,0,99,2.0,6.0,8.0,4.0,0,12.334801762114537,11.531739630984331,23.86654139309887,2.0,0
22,6,Von Miller,Athlete,24.0,0.1152,0.11545971,0.05,0,7,6.0,5.0,11.0,6.0,0,10.572687224669604,11.54597063052894,22.118657855198542,6.0,0
22,6,Wanya Morris,Singer/Rapper,29.0,0.1256,0.12403491,0.05,0,9,1.0,1.0,2.0,1.0,0,12.77533039647577,12.4034906030883,25.17882099956407,1.0,0
22,7,Antonio Brown,Athlete,26.0,0.1272,0.13330409,0.05,0,9,5.0,3.0,8.0,4.0,0,12.149532710280374,13.330408733391822,25.479941443672196,4.0,0
22,7,Ginger Zee,News Anchor,27.5,0.1231,0.12580515,0.05,0,99,2.0,6.0,8.0,4.0,0,12.850467289719624,12.580514748389703,25.430982038109327,5.0,0
22,7,Jodie Sweetin,Actor/Actress,25.5,0.1389,0.1341713,0.05,0,8,8.0,2.0,10.0,6.0,0,11.91588785046729,13.417129731657404,25.333017582124693,6.0,0
22,7,Kim Fields,Actor/Actress,26.0,0.1025,0.10242758,0.08,1,7,5.0,8.0,13.0,8.0,1,12.149532710280374,10.242757795144843,22.392290505425215,8.0,1
22,7,Nyle DiMarco,Model,28.0,0.1231,0.12678131,0.05,0,99,1.0,5.0,6.0,2.0,0,13.084112149532709,12.678130746437386,25.762242895970097,3.0,0
22,7,Paige VanZant,Athlete,27.5,0.1357,0.13252825,0.05,0,99,2.0,4.0,6.0,2.0,0,12.850467289719624,13.252824734943502,26.103292024663126,2.0,0
22,7,Von Miller,Athlete,26.0,0.1025,0.10301139,0.08,1,7,5.0,7.0,12.0,7.0,0,12.149532710280374,10.301138793977223,22.4506715042576,7.0,0
22,7,Wanya Morris,Singer/Rapper,27.5,0.147,0.14197095,0.05,0,9,2.0,1.0,3.0,1.0,0,12.850467289719624,14.197094716058107,27.04756200577773,1.0,0
22,8,Antonio Brown,Athlete,27.0,0.1679,0.1691993,0.05,0,9,5.0,3.0,8.0,5.0,1,15.976331360946746,16.919930338398608,32.89626169934535,5.0,0
22,8,Ginger Zee,News Anchor,30.0,0.1629,0.16641769,0.05,0,99,1.0,4.0,5.0,1.0,0,17.75147928994083,16.641769332835388,34.39324862277621,1.0,0
22,8,Jodie Sweetin,Actor/Actress,30.0,0.1357,0.1353937,0.08,1,8,1.0,6.0,7.0,3.0,0,17.75147928994083,13.539370270787407,31.290849560728233,6.0,1
22,8,Nyle DiMarco,Model,29.0,0.1629,0.16223715,0.05,0,99,3.0,5.0,8.0,5.0,1,17.159763313609467,16.223715324474306,33.38347863808377,4.0,0
22,8,Paige VanZant,Athlete,28.0,0.1699,0.1754852,0.05,0,99,4.0,2.0,6.0,2.0,0,16.56804733727811,17.548520350970406,34.116567688248516,2.0,0
22,8,Wanya Morris,Singer/Rapper,25.0,0.2007,0.19126694,0.05,0,9,6.0,1.0,7.0,3.0,0,14.792899408284024,19.126694382533888,33.91959379081791,3.0,0
22,9,Antonio Brown,Athlete,27.5,0.1778,0.18522999,0.08,1,9,5.0,4.0,9.0,5.0,1,19.16376306620209,18.522998814770013,37.6867618809721,4.0,0
22,9,Ginger Zee,News Anchor,28.0,0.2135,0.21577895,0.05,0,99,4.0,3.0,7.0,4.0,0,19.51219512195122,21.57789478422105,41.09008990617227,3.0,0
22,9,Nyle DiMarco,Model,28.5,0.2135,0.21863028,0.05,0,99,3.0,2.0,5.0,2.0,0,19.860627177700348,21.863027781369723,41.723654959070075,2.0,0
22,9,Paige VanZant,Athlete,29.5,0.2174,0.22069582,0.05,0,99,2.0,1.0,3.0,1.0,0,20.557491289198605,22.06958177930418,42.62707306850278,1.0,0
22,9,Wanya Morris,Singer/Rapper,30.0,0.1778,0.15966497,0.08,1,9,1.0,5.0,6.0,3.0,0,20.905923344947734,15.966496840335031,36.87242018528276,5.0,1
22,10,Ginger Zee,News Anchor,28.3332,0.2818,0.31687587,0.05,0,99,3.0,2.0,5.0,2.0,1,32.56704628527028,31.687585732496572,64.25463201776685,2.0,0
22,10,Nyle DiMarco,Model,28.9998,0.3594,0.3065754,0.05,0,99,2.0,3.0,5.0,2.0,1,33.333256704628525,30.65753877369845,63.99079547832697,3.0,1
22,10,Paige VanZant,Athlete,29.666600000000003,0.3588,0.37654877,0.05,0,99,1.0,1.0,2.0,1.0,0,34.099697010101195,37.65487549380498,71.75457250390618,1.0,0
23,1,Amber Rose,Model,24.0,0.0699,0.06779488,0.05,0,6,9.0,11.0,20.0,12.0,0,7.2727272727272725,6.77948775593844,14.052215028665714,12.0,0
23,1,Babyface,Singer/Rapper,26.0,0.0868,0.08562538,0.05,0,4,5.0,2.0,7.0,2.0,0,7.878787878787878,8.562537691748643,16.44132557053652,3.0,0
23,1,Calvin Johnson Jr.,Athlete,26.0,0.0776,0.080865376,0.05,0,99,5.0,7.0,12.0,6.0,0,7.878787878787878,8.086537308884656,15.965325187672534,6.0,0
23,1,Jake T. Austin,Actor/Actress,22.0,0.0815,0.08116949,0.05,0,2,11.0,5.0,16.0,9.0,0,6.666666666666667,8.116948707789845,14.783615374456513,11.0,0
23,1,James Hinchcliffe,Racing Driver,31.0,0.053,0.057503335,0.05,0,99,1.0,13.0,14.0,7.0,0,9.393939393939393,5.750333292988001,15.144272686927394,7.0,0
23,1,Jana Kramer,Singer/Rapper,27.0,0.0863,0.084178425,0.05,0,11,3.0,3.0,6.0,1.0,0,8.181818181818182,8.417842196957679,16.59966037877586,2.0,0
23,1,Laurie Hernandez,Athlete,31.0,0.0786,0.07721203,0.05,0,99,1.0,9.0,10.0,5.0,0,9.393939393939393,7.721202722036702,17.115142115976095,1.0,0
23,1,Marilu Henner,Actor/Actress,27.0,0.0814,0.08105191,0.05,0,9,3.0,6.0,9.0,4.0,0,8.181818181818182,8.105190708213133,16.287008890031316,4.0,0
23,1,Maureen McCormick,Actor/Actress,22.0,0.0821,0.08246635,0.05,0,7,11.0,4.0,15.0,8.0,0,6.666666666666667,8.246634703121149,14.913301369787817,10.0,0
23,1,Rick Perry,Politician,20.0,0.0654,0.06469264,0.05,0,3,13.0,12.0,25.0,13.0,1,6.0606060606060606,6.469263767106503,12.529869827712563,13.0,1
23,1,Ryan Lochte,Athlete,24.0,0.0777,0.07756137,0.05,0,8,9.0,8.0,17.0,10.0,0,7.2727272727272725,7.756136720779078,15.02886399350635,8.0,0
23,1,Terra Jole,TV Personality,25.0,0.0742,0.07379685,0.05,0,10,7.0,10.0,17.0,10.0,0,7.575757575757576,7.379684734331349,14.955442310088925,9.0,0
23,1,Vanilla Ice,Singer/Rapper,25.0,0.0855,0.086082,0.05,0,4,7.0,1.0,8.0,3.0,0,7.575757575757576,8.60819969010481,16.183957265862386,5.0,0
23,2,Amber Rose,Model,24.0,0.0708,0.06926421,0.05,0,6,10.0,11.0,21.0,11.0,0,6.8181818181818175,6.9264214086588645,13.744603226840681,11.0,0
23,2,Babyface,Singer/Rapper,30.0,0.0848,0.084844984,0.05,0,4,3.0,2.0,5.0,1.0,0,8.522727272727272,8.484498900585436,17.00722617331271,1.0,0
23,2,Calvin Johnson Jr.,Athlete,28.0,0.0754,0.08032536,0.05,0,99,6.0,6.0,12.0,6.0,0,7.954545454545454,8.032536473919652,15.987081928465106,6.0,0
23,2,Jake T. Austin,Actor/Actress,24.0,0.0589,0.05935095,0.08,1,2,10.0,13.0,23.0,12.0,1,6.8181818181818175,5.935095350170625,12.753277168352444,13.0,1
23,2,James Hinchcliffe,Racing Driver,29.0,0.0708,0.0644373,0.05,0,99,4.0,12.0,16.0,9.0,0,8.238636363636363,6.443730380180093,14.682366743816456,9.0,0
23,2,Jana Kramer,Singer/Rapper,29.0,0.0829,0.08433056,0.05,0,11,4.0,3.0,7.0,2.0,0,8.238636363636363,8.433056497550332,16.671692861186695,3.0,0
23,2,Laurie Hernandez,Athlete,32.0,0.0785,0.07821733,0.05,0,99,1.0,7.0,8.0,3.0,0,9.090909090909092,7.821733461482275,16.912642552391368,2.0,0
23,2,Marilu Henner,Actor/Actress,27.0,0.0816,0.08116349,0.05,0,9,7.0,5.0,12.0,6.0,0,7.670454545454546,8.116349478864619,15.786804024319164,8.0,0
23,2,Maureen McCormick,Actor/Actress,26.0,0.0877,0.08422606,0.05,0,7,8.0,4.0,12.0,6.0,0,7.386363636363637,8.422606496933783,15.80897013329742,7.0,0
23,2,Rick Perry,Politician,22.0,0.0708,0.071990445,0.05,0,3,13.0,10.0,23.0,12.0,1,6.25,7.19904492474365,13.44904492474365,12.0,0
23,2,Ryan Lochte,Athlete,24.0,0.0782,0.077746086,0.05,0,8,10.0,8.0,18.0,10.0,0,6.8181818181818175,7.774609058701936,14.592790876883754,10.0,0
23,2,Terra Jole,TV Personality,31.0,0.073,0.07706336,0.05,0,10,2.0,9.0,11.0,5.0,0,8.806818181818182,7.706336454673851,16.513154636492033,4.0,0
23,2,Vanilla Ice,Singer/Rapper,26.0,0.0864,0.087039806,0.05,0,4,8.0,1.0,9.0,4.0,0,7.386363636363637,8.703981113534885,16.09034474989852,5.0,0
23,3,Amber Rose,Model,25.0,0.0757,0.0777328,0.05,0,6,8.0,10.0,18.0,11.0,0,7.6923076923076925,7.773280295384651,15.465587987692343,11.0,0
23,3,Babyface,Singer/Rapper,25.0,0.0901,0.08967692,0.05,0,4,8.0,3.0,11.0,6.0,0,7.6923076923076925,8.967692340772308,16.66000003308,7.0,0
23,3,Calvin Johnson Jr.,Athlete,32.0,0.0845,0.08631875,0.05,0,99,1.0,7.0,8.0,1.0,0,9.846153846153847,8.631875328011262,18.47802917416511,1.0,0
23,3,James Hinchcliffe,Racing Driver,29.0,0.0673,0.06913031,0.05,0,99,4.0,11.0,15.0,9.0,0,8.923076923076923,6.9130312626951875,15.836108185772112,10.0,0
23,3,Jana Kramer,Singer/Rapper,26.0,0.0977,0.09243839,0.05,0,11,7.0,2.0,9.0,3.0,0,8.0,9.243839351265894,17.243839351265894,6.0,0
23,3,Laurie Hernandez,Athlete,31.0,0.0838,0.08672863,0.05,0,99,2.0,6.0,8.0,1.0,0,9.538461538461538,8.672863329568806,18.211324868030346,2.0,0
23,3,Marilu Henner,Actor/Actress,28.0,0.0878,0.08923427,0.05,0,9,5.0,4.0,9.0,3.0,0,8.615384615384615,8.923427339090239,17.538811954474852,3.0,0
23,3,Maureen McCormick,Actor/Actress,28.0,0.0918,0.08868414,0.05,0,7,5.0,5.0,10.0,5.0,0,8.615384615384615,8.868414336999745,17.48379895238436,4.0,0
23,3,Rick Perry,Politician,23.0,0.0551,0.058706082,0.08,1,3,11.0,12.0,23.0,12.0,1,7.076923076923077,5.8706084230831195,12.947531500006196,12.0,1
23,3,Ryan Lochte,Athlete,25.0,0.0872,0.08536908,0.05,0,8,8.0,8.0,16.0,10.0,0,7.6923076923076925,8.536908324402516,16.229216016710208,9.0,0
23,3,Terra Jole,TV Personality,30.0,0.085,0.08241903,0.05,0,10,3.0,9.0,12.0,7.0,0,9.230769230769232,8.241903313192326,17.472672543961558,5.0,0
23,3,Vanilla Ice,Singer/Rapper,23.0,0.0941,0.09356156,0.05,0,4,11.0,1.0,12.0,7.0,0,7.076923076923077,9.356156355533942,16.43307943245702,8.0,0
23,4,Amber Rose,Model,24.0,0.0912,0.08646381,0.05,0,6,4.0,9.0,13.0,8.0,0,9.195402298850574,8.646380809779624,17.841783108630196,9.0,0
23,4,Babyface,Singer/Rapper,18.0,0.0759,0.073634766,0.08,1,4,11.0,10.0,21.0,11.0,1,6.896551724137931,7.36347643800352,14.26002816214145,11.0,1
23,4,Calvin Johnson Jr.,Athlete,23.0,0.0912,0.09559373,0.05,0,99,6.0,4.0,10.0,4.0,0,8.812260536398467,9.5593727896938,18.371633326092265,6.0,0
23,4,James Hinchcliffe,Racing Driver,28.0,0.0912,0.08698375,0.05,0,99,2.0,8.0,10.0,4.0,0,10.727969348659004,8.698374808635755,19.426344157294757,2.0,0
23,4,Jana Kramer,Singer/Rapper,23.0,0.0998,0.10331826,0.05,0,11,6.0,1.0,7.0,1.0,0,8.812260536398467,10.331825772699835,19.144086309098302,4.0,0
23,4,Laurie Hernandez,Athlete,30.0,0.0912,0.09423872,0.05,0,99,1.0,6.0,7.0,1.0,0,11.494252873563218,9.423871792674822,20.91812466623804,1.0,0
23,4,Marilu Henner,Actor/Actress,21.0,0.1023,0.10083675,0.05,0,9,10.0,2.0,12.0,7.0,0,8.045977011494253,10.083674778159157,18.12965178965341,7.0,0
23,4,Maureen McCormick,Actor/Actress,24.0,0.0988,0.0998703,0.05,0,7,4.0,3.0,7.0,1.0,0,9.195402298850574,9.987029780285345,19.18243207913592,3.0,0
23,4,Ryan Lochte,Athlete,22.0,0.0912,0.094595216,0.05,0,8,9.0,5.0,14.0,9.0,0,8.42911877394636,9.459521391890531,17.88864016583689,8.0,0
23,4,Terra Jole,TV Personality,25.0,0.0912,0.09174451,0.05,0,10,3.0,7.0,10.0,4.0,0,9.578544061302683,9.174450798162084,18.752994859464767,5.0,0
23,4,Vanilla Ice,Singer/Rapper,23.0,0.0759,0.07272021,0.08,1,4,6.0,11.0,17.0,10.0,0,8.812260536398467,7.272020840015542,16.08428137641401,10.0,0
23,5,Amber Rose,Model,24.0,0.0826,0.098330714,0.05,0,6,6.0,9.0,15.0,9.0,1,10.434782608695652,9.833071449165356,20.26785405786101,9.0,1
23,5,Calvin Johnson Jr.,Athlete,24.0,0.1182,0.11175354,0.05,0,99,6.0,5.0,11.0,7.0,0,10.434782608695652,11.17535405587677,21.610136664572423,7.0,0
23,5,James Hinchcliffe,Racing Driver,29.0,0.0999,0.09961039,0.05,0,99,1.0,8.0,9.0,3.0,0,12.608695652173912,9.961039049805194,22.569734701979108,3.0,0
23,5,Jana Kramer,Singer/Rapper,26.0,0.1255,0.12166551,0.05,0,11,4.0,2.0,6.0,2.0,0,11.304347826086957,12.166551060832756,23.470898886919713,2.0,0
23,5,Laurie Hernandez,Athlete,25.0,0.1213,0.11339753,0.05,0,99,5.0,4.0,9.0,3.0,0,10.869565217391305,11.339753056698765,22.20931827409007,5.0,0
23,5,Marilu Henner,Actor/Actress,27.0,0.1133,0.12181075,0.05,0,9,2.0,1.0,3.0,1.0,0,11.73913043478261,12.181075060905375,23.920205495687984,1.0,0
23,5,Maureen McCormick,Actor/Actress,24.0,0.1176,0.11640187,0.05,0,7,6.0,3.0,9.0,3.0,0,10.434782608695652,11.640187058200935,22.074969666896585,6.0,0
23,5,Ryan Lochte,Athlete,24.0,0.1132,0.110113405,0.05,0,8,6.0,6.0,12.0,8.0,0,10.434782608695652,11.011340555056702,21.446123163752354,8.0,0
23,5,Terra Jole,TV Personality,27.0,0.1085,0.106916286,0.05,0,10,2.0,7.0,9.0,3.0,0,11.73913043478261,10.691628653458144,22.430759088240755,4.0,0
23,6,Amber Rose,Model,28.0,0.0795,0.08231194,0.08,1,6,9.0,9.0,18.0,9.0,1,9.180327868852459,8.23119408231194,17.4115219511644,9.0,1
23,6,Calvin Johnson Jr.,Athlete,37.0,0.1215,0.11713553,0.05,0,99,3.0,4.0,7.0,2.0,0,12.131147540983607,11.71355311713553,23.844700658119137,2.0,0
23,6,James Hinchcliffe,Racing Driver,38.0,0.0956,0.09901435,0.05,0,99,2.0,8.0,10.0,6.0,0,12.459016393442624,9.901435099014352,22.360451492456974,5.0,0
23,6,Jana Kramer,Singer/Rapper,40.0,0.1304,0.12817398,0.05,0,11,1.0,1.0,2.0,1.0,0,13.114754098360656,12.817398128173979,25.932152226534633,1.0,0
23,6,Laurie Hernandez,Athlete,37.0,0.1149,0.11386947,0.05,0,99,3.0,5.0,8.0,4.0,0,12.131147540983607,11.386947113869471,23.51809465485308,3.0,0
23,6,Marilu Henner,Actor/Actress,34.0,0.1202,0.11943123,0.05,0,9,5.0,2.0,7.0,2.0,0,11.147540983606557,11.94312311943123,23.09066410303779,4.0,0
23,6,Maureen McCormick,Actor/Actress,31.0,0.1152,0.11852062,0.05,0,7,6.0,3.0,9.0,5.0,0,10.163934426229508,11.852062118520621,22.01599654475013,6.0,0
23,6,Ryan Lochte,Athlete,30.0,0.1151,0.11301627,0.05,0,8,7.0,6.0,13.0,7.0,0,9.836065573770492,11.30162711301627,21.137692686786764,7.0,0
23,6,Terra Jole,TV Personality,30.0,0.1076,0.1085266,0.05,0,10,7.0,7.0,14.0,8.0,0,9.836065573770492,10.8526601085266,20.68872568229709,8.0,0
23,7,Calvin Johnson Jr.,Athlete,37.0,0.1237,0.13009822,0.05,0,99,1.0,3.0,4.0,1.0,0,13.430127041742287,13.009822702530425,26.43994974427271,1.0,0
23,7,James Hinchcliffe,Racing Driver,37.0,0.1165,0.11685466,0.05,0,99,1.0,7.0,8.0,3.0,0,13.430127041742287,11.685466631015197,25.115593672757484,4.0,0
23,7,Jana Kramer,Singer/Rapper,34.5,0.1419,0.13865052,0.05,0,11,3.0,1.0,4.0,1.0,0,12.522686025408348,13.865052748712847,26.387738774121196,2.0,0
23,7,Laurie Hernandez,Athlete,34.5,0.1336,0.12884825,0.05,0,99,3.0,5.0,8.0,3.0,0,12.522686025408348,12.884825695780586,25.407511721188932,3.0,0
23,7,Marilu Henner,Actor/Actress,32.0,0.1402,0.13397853,0.05,0,9,8.0,2.0,10.0,6.0,0,11.61524500907441,13.397853723484102,25.01309873255851,5.0,0
23,7,Maureen McCormick,Actor/Actress,33.0,0.097,0.100520626,0.08,1,7,6.0,8.0,14.0,8.0,1,11.978221415607985,10.05206314281141,22.030284558419396,8.0,1
23,7,Ryan Lochte,Athlete,33.0,0.1286,0.12948376,0.05,0,8,6.0,4.0,10.0,6.0,0,11.978221415607985,12.948376699212341,24.926598114820326,6.0,0
23,7,Terra Jole,TV Personality,34.5,0.1187,0.12156538,0.05,0,10,3.0,6.0,9.0,5.0,0,12.522686025408348,12.156538656453087,24.679224681861434,7.0,0
23,8,Calvin Johnson Jr.,Athlete,30.0,0.1404,0.14430502,0.05,0,99,3.0,4.0,7.0,3.0,0,14.925387985460684,14.430502519498093,29.35589050495878,4.0,0
23,8,James Hinchcliffe,Racing Driver,34.9998,0.1369,0.13702074,0.05,0,99,1.0,6.0,7.0,3.0,0,17.41285314711756,13.702074493274683,31.114927640392242,2.0,0
23,8,Jana Kramer,Singer/Rapper,30.0,0.161,0.16064502,0.05,0,11,3.0,1.0,4.0,1.0,0,14.925387985460684,16.06450257832209,30.989890563782776,3.0,0
23,8,Laurie Hernandez,Athlete,33.0,0.1494,0.14853385,0.05,0,99,2.0,3.0,5.0,2.0,0,16.41792678400675,14.85338553472188,31.27131231872863,1.0,0
23,8,Marilu Henner,Actor/Actress,23.0,0.1583,0.15324916,0.05,0,9,7.0,2.0,9.0,5.0,0,11.442797455519857,15.324916551696996,26.767714007216853,5.0,0
23,8,Ryan Lochte,Athlete,26.0,0.114,0.115265824,0.08,1,8,5.0,7.0,12.0,7.0,1,12.935336254065923,11.526582814956983,24.461919069022905,7.0,1
23,8,Terra Jole,TV Personality,24.0,0.1401,0.14098035,0.05,0,10,6.0,5.0,11.0,6.0,0,11.940310388368545,14.09803550752928,26.038345895897827,6.0,0
23,9,Calvin Johnson Jr.,Athlete,37.0,0.1706,0.17249551,0.05,0,99,4.0,2.0,6.0,3.0,0,16.299559471365637,17.24955065500899,33.54911012637463,3.0,0
23,9,James Hinchcliffe,Racing Driver,36.0,0.1624,0.16548637,0.05,0,99,5.0,5.0,10.0,5.0,0,15.859030837004406,16.548636669027267,32.40766750603167,5.0,0
23,9,Jana Kramer,Singer/Rapper,40.0,0.1958,0.19116277,0.05,0,11,1.0,1.0,2.0,1.0,0,17.62114537444934,19.116276617674473,36.737421992123814,1.0,0
23,9,Laurie Hernandez,Athlete,40.0,0.1734,0.17230302,0.05,0,99,1.0,3.0,4.0,2.0,0,17.62114537444934,17.23030165539397,34.851447029843314,2.0,0
23,9,Marilu Henner,Actor/Actress,36.0,0.1353,0.13219932,0.08,1,9,5.0,6.0,11.0,6.0,1,15.859030837004406,13.219931735601367,29.078962572605775,6.0,1
23,9,Terra Jole,TV Personality,38.0,0.1624,0.16635303,0.05,0,10,3.0,4.0,7.0,4.0,0,16.740088105726873,16.63530266729395,33.375390773020825,4.0,0
23,10,Calvin Johnson Jr.,Athlete,28.0,0.2157,0.20103018,0.05,0,99,5.0,3.0,8.0,5.0,1,19.112627986348123,20.10301639175869,39.215644378106816,4.0,0
23,10,James Hinchcliffe,Racing Driver,29.5,0.1869,0.20287664,0.05,0,99,3.0,2.0,5.0,1.0,0,20.13651877133106,20.287662376987008,40.42418114831807,2.0,0
23,10,Jana Kramer,Singer/Rapper,29.0,0.237,0.2271765,0.05,0,11,4.0,1.0,5.0,1.0,0,19.795221843003414,22.717648182588146,42.51287002559156,1.0,0
23,10,Laurie Hernandez,Athlete,30.0,0.2047,0.19225146,0.05,0,99,1.0,4.0,5.0,1.0,0,20.477815699658702,19.225144461988446,39.70296016164715,3.0,0
23,10,Terra Jole,TV Personality,30.0,0.1557,0.1766653,0.08,1,10,1.0,5.0,6.0,4.0,0,20.477815699658702,17.666528586677714,38.14434428633642,5.0,1
23,11,Calvin Johnson Jr.,Athlete,38.3331,0.2609,0.2623291,0.05,0,99,3.0,1.0,4.0,2.0,0,25.191616266698034,26.2329102623291,51.42452652902713,3.0,0
23,11,James Hinchcliffe,Racing Driver,38.9998,0.2609,0.25990692,0.05,0,99,2.0,3.0,5.0,3.0,0,25.629755904896033,25.990692259906922,51.62044816480295,2.0,0
23,11,Jana Kramer,Singer/Rapper,35.5,0.2173,0.2163824,0.08,1,11,4.0,4.0,8.0,4.0,1,23.32976924558098,21.6382402163824,44.968009461963376,4.0,1
23,11,Laurie Hernandez,Athlete,39.333200000000005,0.2609,0.26138157,0.05,0,99,1.0,2.0,3.0,1.0,0,25.848858582824956,26.138157261381572,51.987015844206525,1.0,0
24,1,Bonner Bolton,Athlete,22.0,0.0817,0.08127729,0.05,0,8,9.0,10.0,19.0,11.0,0,7.28476821192053,8.127729308853713,15.412497520774242,10.0,0
24,1,Charo,Actor/Actress,21.0,0.0876,0.08627051,0.05,0,3,10.0,4.0,14.0,8.0,0,6.95364238410596,8.62705132782795,15.58069371193391,8.0,0
24,1,Chris Kattan,Comedian,17.0,0.0633,0.06949684,0.05,0,2,12.0,12.0,24.0,12.0,1,5.629139072847682,6.949684264088002,12.578823336935685,12.0,1
24,1,David Ross,Athlete,28.0,0.0834,0.083165415,0.05,0,99,3.0,7.0,10.0,5.0,0,9.271523178807946,8.31654181602859,17.588064994836536,5.0,0
24,1,Erika Jayne,Singer/Rapper,24.0,0.0912,0.089460015,0.05,0,5,7.0,2.0,9.0,4.0,0,7.9470198675496695,8.946001839948071,16.89302170749774,7.0,0
24,1,Heather Morris,Actor/Actress,28.0,0.0878,0.086630166,0.05,0,6,3.0,3.0,6.0,1.0,0,9.271523178807946,8.663016929194642,17.934540108002587,4.0,0
24,1,Mr. T,Actor/Actress,20.0,0.0876,0.08627051,0.05,0,4,11.0,4.0,15.0,9.0,0,6.622516556291391,8.62705132782795,15.24956788411934,11.0,0
24,1,Nancy Kerrigan,Athlete,28.0,0.0827,0.08268293,0.05,0,7,3.0,9.0,12.0,7.0,0,9.271523178807946,8.268293314195144,17.53981649300309,6.0,0
24,1,Nick Viall,TV Personality,24.0,0.0766,0.07594153,0.05,0,7,7.0,11.0,18.0,10.0,0,7.9470198675496695,7.594153288577823,15.541173156127492,9.0,0
24,1,Normani,Singer/Rapper,27.0,0.0922,0.09052279,0.05,0,99,6.0,1.0,7.0,2.0,0,8.940397350993377,9.052279343986616,17.99267669497999,3.0,0
24,1,Rashad Jennings,Athlete,31.0,0.0828,0.082986146,0.05,0,99,2.0,8.0,10.0,5.0,0,10.264900662251655,8.298614915347367,18.56351557759902,2.0,0
24,1,Simone Biles,Athlete,32.0,0.083,0.08529582,0.05,0,9,1.0,6.0,7.0,2.0,0,10.596026490066226,8.529582324124126,19.12560881419035,1.0,0
24,2,Bonner Bolton,Athlete,28.0,0.0827,0.08448551,0.05,0,8,5.0,7.0,12.0,5.0,0,8.536585365853659,8.44855048463842,16.985135850492078,6.0,0
24,2,Charo,Actor/Actress,25.0,0.0885,0.08677548,0.05,0,3,9.0,4.0,13.0,6.0,0,7.621951219512195,8.677547470669603,16.2994986901818,9.0,0
24,2,Chris Kattan,Comedian,22.0,0.0602,0.058921624,0.08,1,2,11.0,12.0,23.0,12.0,1,6.707317073170732,5.892162040578115,12.599479113748847,12.0,1
24,2,David Ross,Athlete,27.0,0.0844,0.08343642,0.05,0,99,8.0,8.0,16.0,9.0,0,8.231707317073171,8.343641491037868,16.575348808111038,8.0,0
24,2,Erika Jayne,Singer/Rapper,28.0,0.0951,0.09078665,0.05,0,5,5.0,2.0,7.0,3.0,0,8.536585365853659,9.078664446201469,17.615249812055126,4.0,0
24,2,Heather Morris,Actor/Actress,30.0,0.0883,0.087121576,0.05,0,6,3.0,3.0,6.0,2.0,0,9.146341463414634,8.712157068558419,17.858498531973055,3.0,0
24,2,Mr. T,Actor/Actress,22.0,0.0868,0.08641955,0.05,0,4,11.0,5.0,16.0,9.0,0,6.707317073170732,8.641954472840775,15.349271546011508,10.0,0
24,2,Nancy Kerrigan,Athlete,28.0,0.0816,0.0825352,0.05,0,7,5.0,10.0,15.0,8.0,0,8.536585365853659,8.25351949653531,16.79010486238897,7.0,0
24,2,Nick Viall,TV Personality,25.0,0.0742,0.077244885,0.05,0,7,9.0,11.0,20.0,11.0,0,7.621951219512195,7.7244880288062285,15.346439248318424,11.0,0
24,2,Normani,Singer/Rapper,32.0,0.096,0.094238326,0.05,0,99,1.0,1.0,2.0,1.0,0,9.75609756097561,9.423832025146245,19.179929586121855,1.0,0
24,2,Rashad Jennings,Athlete,32.0,0.0837,0.08460058,0.05,0,99,1.0,6.0,7.0,3.0,0,9.75609756097561,8.460057483936492,18.2161550449121,2.0,0
24,2,Simone Biles,Athlete,29.0,0.0787,0.08343426,0.05,0,9,4.0,9.0,13.0,6.0,0,8.841463414634147,8.343425491051043,17.18488890568519,5.0,0
24,3,Bonner Bolton,Athlete,24.0,0.0916,0.08954525,0.05,0,8,9.0,8.0,17.0,9.0,0,7.6190476190476195,8.954524417955913,16.573572037003533,10.0,0
24,3,Charo,Actor/Actress,24.0,0.0727,0.06844798,0.08,1,3,9.0,11.0,20.0,11.0,1,7.6190476190476195,6.844797555088158,14.463845174135777,11.0,1
24,3,David Ross,Athlete,31.0,0.0918,0.09152157,0.05,0,99,5.0,6.0,11.0,5.0,0,9.841269841269842,9.152156405109833,18.993426246379677,5.0,0
24,3,Erika Jayne,Singer/Rapper,26.0,0.1003,0.09781837,0.05,0,5,7.0,2.0,9.0,3.0,0,8.253968253968253,9.781836364180636,18.035804618148887,7.0,0
24,3,Heather Morris,Actor/Actress,33.0,0.0933,0.094003305,0.05,0,6,2.0,3.0,5.0,2.0,0,10.476190476190476,9.400329888978556,19.876520365169032,2.0,0
24,3,Mr. T,Actor/Actress,24.0,0.0973,0.0924206,0.05,0,4,9.0,4.0,13.0,7.0,0,7.6190476190476195,9.24205939926614,16.86110701831376,9.0,0
24,3,Nancy Kerrigan,Athlete,33.0,0.089,0.09125188,0.05,0,7,2.0,7.0,9.0,3.0,0,10.476190476190476,9.125187406862818,19.601377883053296,3.0,0
24,3,Nick Viall,TV Personality,26.0,0.0874,0.08672481,0.05,0,7,7.0,10.0,17.0,9.0,0,8.253968253968253,8.67248043628877,16.926448690257025,8.0,0
24,3,Normani,Singer/Rapper,34.0,0.1011,0.107292846,0.05,0,99,1.0,1.0,2.0,1.0,0,10.793650793650794,10.729283902596546,21.52293469624734,1.0,0
24,3,Rashad Jennings,Athlete,28.0,0.0874,0.09168171,0.05,0,99,6.0,5.0,11.0,5.0,0,8.88888888888889,9.168170404068924,18.057059292957813,6.0,0
24,3,Simone Biles,Athlete,32.0,0.088,0.089291744,0.05,0,9,4.0,9.0,13.0,7.0,0,10.158730158730158,8.929173819603701,19.08790397833386,4.0,0
24,4,Bonner Bolton,Athlete,32.0,0.0997,0.099611744,0.05,0,8,5.0,8.0,13.0,7.0,0,9.815950920245399,9.961174270504735,19.777125190750134,6.0,0
24,4,David Ross,Athlete,31.0,0.103,0.09962503,0.05,0,99,7.0,7.0,14.0,8.0,0,9.509202453987731,9.962502870487464,19.471705324475195,8.0,0
24,4,Erika Jayne,Singer/Rapper,30.0,0.1088,0.105530754,0.05,0,5,8.0,3.0,11.0,6.0,0,9.202453987730062,10.553075262810022,19.755529250540086,7.0,0
24,4,Heather Morris,Actor/Actress,35.0,0.1,0.103091255,0.05,0,6,3.0,4.0,7.0,3.0,0,10.736196319018406,10.309125365981371,21.045321684999777,4.0,0
24,4,Mr. T,Actor/Actress,28.0,0.0802,0.074595466,0.08,1,4,10.0,10.0,20.0,10.0,1,8.588957055214724,7.459546503025896,16.04850355824062,10.0,1
24,4,Nancy Kerrigan,Athlete,33.0,0.0963,0.10720385,0.05,0,7,4.0,2.0,6.0,1.0,0,10.122699386503067,10.720384860634997,20.843084247138066,5.0,0
24,4,Nick Viall,TV Personality,30.0,0.0963,0.09328297,0.05,0,7,8.0,9.0,17.0,9.0,0,9.202453987730062,9.328296878732141,18.530750866462203,9.0,0
24,4,Normani,Singer/Rapper,32.0,0.113,0.11320298,0.05,0,99,5.0,1.0,6.0,1.0,0,9.815950920245399,11.320297852836129,21.136248773081526,3.0,0
24,4,Rashad Jennings,Athlete,39.0,0.0988,0.10139023,0.05,0,99,1.0,6.0,7.0,3.0,0,11.96319018404908,10.139022868192702,22.102213052241783,1.0,0
24,4,Simone Biles,Athlete,36.0,0.1039,0.102465734,0.05,0,9,2.0,5.0,7.0,3.0,0,11.042944785276074,10.246573266794549,21.289518052070623,2.0,0
24,5,Bonner Bolton,Athlete,30.0,0.1095,0.10926092,0.05,0,8,8.0,6.0,14.0,7.0,0,9.868421052631579,10.926091322582337,20.794512375213916,7.0,0
24,5,David Ross,Athlete,29.0,0.1095,0.108924486,0.05,0,99,9.0,7.0,16.0,9.0,1,9.539473684210527,10.892447924668229,20.431921608878756,8.0,0
24,5,Erika Jayne,Singer/Rapper,32.0,0.0912,0.08816685,0.08,1,5,6.0,9.0,15.0,8.0,0,10.526315789473683,8.816684453365564,19.343000242839246,9.0,1
24,5,Heather Morris,Actor/Actress,34.0,0.1166,0.12289145,0.05,0,6,4.0,1.0,5.0,2.0,0,11.18421052631579,12.289144238073057,23.473354764388844,4.0,0
24,5,Nancy Kerrigan,Athlete,36.0,0.1145,0.11651813,0.05,0,7,3.0,4.0,7.0,3.0,0,11.842105263157894,11.651812277587638,23.49391754074553,3.0,0
24,5,Nick Viall,TV Personality,34.0,0.1095,0.1036308,0.05,0,7,4.0,8.0,12.0,6.0,0,11.18421052631579,10.36307935748908,21.54728988380487,6.0,0
24,5,Normani,Singer/Rapper,39.0,0.1239,0.12155882,0.05,0,99,1.0,2.0,3.0,1.0,0,12.828947368421053,12.155881246335362,24.984828614756417,1.0,0
24,5,Rashad Jennings,Athlete,32.0,0.1134,0.116981216,0.05,0,99,6.0,3.0,9.0,5.0,0,10.526315789473683,11.698120874716505,22.224436664190186,5.0,0
24,5,Simone Biles,Athlete,38.0,0.1118,0.11206739,0.05,0,9,2.0,5.0,7.0,3.0,0,12.5,11.206738305182224,23.706738305182224,2.0,0
24,6,Bonner Bolton,Athlete,31.5,0.1293,0.116611466,0.05,0,8,6.0,7.0,13.0,6.0,1,11.71003717472119,11.661146763256056,23.371183937977246,6.0,0
24,6,David Ross,Athlete,31.0,0.1251,0.11777572,0.05,0,99,7.0,6.0,13.0,6.0,1,11.524163568773234,11.77757216488601,23.301735733659243,8.0,1
24,6,Heather Morris,Actor/Actress,37.0,0.1041,0.10411792,0.08,1,6,1.0,8.0,9.0,5.0,0,13.754646840148698,10.41179214576509,24.16643898591379,5.0,0
24,6,Nancy Kerrigan,Athlete,33.5,0.125,0.14219902,0.05,0,7,5.0,2.0,7.0,2.0,0,12.453531598513012,14.219902199078632,26.673433797591642,2.0,0
24,6,Nick Viall,TV Personality,30.5,0.125,0.11979721,0.05,0,7,8.0,5.0,13.0,6.0,1,11.338289962825279,11.979721167716097,23.318011130541375,7.0,0
24,6,Normani,Singer/Rapper,36.0,0.1408,0.14536197,0.05,0,99,2.0,1.0,3.0,1.0,0,13.382899628252787,14.536197203506763,27.91909683175955,1.0,0
24,6,Rashad Jennings,Athlete,35.0,0.125,0.12262784,0.05,0,99,3.0,4.0,7.0,2.0,0,13.011152416356877,12.26278417167898,25.27393658803586,4.0,0
24,6,Simone Biles,Athlete,34.5,0.1257,0.13150884,0.05,0,9,4.0,3.0,7.0,2.0,0,12.825278810408921,13.150884184112376,25.976162994521296,3.0,0
24,7,Bonner Bolton,Athlete,31.0,0.1487,0.15080848,0.05,0,8,7.0,2.0,9.0,4.0,0,12.25296442687747,15.080848,27.333812426877472,5.0,0
24,7,David Ross,Athlete,32.0,0.1518,0.14813273,0.05,0,99,6.0,3.0,9.0,4.0,0,12.648221343873518,14.813272999999999,27.461494343873518,4.0,0
24,7,Nancy Kerrigan,Athlete,36.0,0.1207,0.12879017,0.08,1,7,4.0,6.0,10.0,6.0,0,14.229249011857709,12.879017000000001,27.108266011857708,6.0,0
24,7,Nick Viall,TV Personality,34.0,0.116,0.11712768,0.08,1,7,5.0,7.0,12.0,7.0,1,13.438735177865613,11.712768,25.151503177865614,7.0,1
24,7,Normani,Singer/Rapper,42.0,0.1709,0.16295214,0.05,0,99,1.0,1.0,2.0,1.0,0,16.600790513833992,16.295213999999998,32.89600451383399,1.0,0
24,7,Rashad Jennings,Athlete,39.0,0.1465,0.14784676,0.05,0,99,2.0,4.0,6.0,2.0,0,15.41501976284585,14.784676,30.19969576284585,2.0,0
24,7,Simone Biles,Athlete,39.0,0.1454,0.14434204,0.05,0,9,2.0,5.0,7.0,3.0,0,15.41501976284585,14.434204000000001,29.849223762845853,3.0,0
24,8,Bonner Bolton,Athlete,29.0,0.1673,0.14768435,0.08,1,8,5.0,5.0,10.0,5.0,1,16.6189111747851,14.76843396620962,31.38734514099472,5.0,1
24,8,David Ross,Athlete,32.5,0.2038,0.20524314,0.05,0,99,4.0,3.0,7.0,4.0,0,18.624641833810887,20.524312563298118,39.14895439710901,4.0,0
24,8,Normani,Singer/Rapper,39.5,0.2273,0.2450584,0.05,0,99,1.0,1.0,2.0,1.0,0,22.636103151862464,24.505838284591324,47.14194143645379,1.0,0
24,8,Rashad Jennings,Athlete,37.5,0.2008,0.19642484,0.05,0,99,2.0,4.0,6.0,3.0,0,21.48997134670487,19.642482625026215,41.13245397173108,3.0,0
24,8,Simone Biles,Athlete,36.0,0.2008,0.20558934,0.05,0,9,3.0,2.0,5.0,2.0,0,20.630372492836678,20.55893256087472,41.189305053711394,2.0,0
24,9,David Ross,Athlete,35.0,0.2632,0.26132166,0.05,0,99,4.0,2.0,6.0,4.0,1,23.1023102310231,26.132165477356693,49.23447570837979,3.0,0
24,9,Normani,Singer/Rapper,38.0,0.2861,0.28406236,0.05,0,99,3.0,1.0,4.0,1.0,0,25.082508250825082,28.4062354318753,53.48874368270038,1.0,0
24,9,Rashad Jennings,Athlete,38.5,0.2459,0.24981517,0.05,0,99,2.0,3.0,5.0,2.0,0,25.412541254125415,24.981516500369676,50.394057754495094,2.0,0
24,9,Simone Biles,Athlete,40.0,0.2048,0.20480083,0.08,1,9,1.0,4.0,5.0,2.0,0,26.4026402640264,20.48008259039835,46.88272285442475,4.0,1
24,10,David Ross,Athlete,36.3333,0.3381,0.33045498,0.05,0,99,3.0,2.0,5.0,3.0,1,31.502925005917636,33.04549700863509,64.54842201455273,2.0,0
24,10,Normani,Singer/Rapper,39.333200000000005,0.3822,0.38092005,0.05,0,99,2.0,1.0,3.0,1.0,0,34.103999632369195,38.09200385723988,72.19600348960907,1.0,0
24,10,Rashad Jennings,Athlete,39.6666,0.2797,0.288625,0.05,0,99,1.0,3.0,4.0,2.0,0,34.39307536171315,28.862499134125024,63.255574495838175,3.0,1
25,1,Barbara Corcoran,Entrepreneur,14.0,0.0528,0.06076518,0.05,0,2,13.0,13.0,26.0,13.0,1,5.857740585774058,6.076518303825916,11.934258889599974,13.0,1
25,1,Debbie Gibson,Singer/Rapper,17.0,0.0858,0.0838187,0.05,0,2,10.0,1.0,11.0,5.0,0,7.112970711297072,8.38187041909352,15.494841130390592,9.0,0
25,1,Derek Fisher,Athlete,18.0,0.0771,0.07687918,0.05,0,4,7.0,9.0,16.0,10.0,0,7.531380753138076,7.687918384395919,15.219299137533994,10.0,0
25,1,Drew Scott,TV Personality,16.0,0.0712,0.0731441,0.05,0,10,11.0,11.0,22.0,12.0,0,6.694560669456067,7.314410365720519,14.008971035176586,11.0,0
25,1,Frankie Muniz,Actor/Actress,19.0,0.0813,0.08078122,0.05,0,99,5.0,3.0,8.0,3.0,0,7.949790794979079,8.078122403906121,16.0279131988852,5.0,0
25,1,Jordan Fisher,Actor/Actress,22.0,0.0811,0.08003981,0.05,0,99,1.0,4.0,5.0,1.0,0,9.205020920502092,8.00398140019907,17.20900232070116,1.0,0
25,1,Lindsey Stirling,Musician,22.0,0.082,0.07773721,0.05,0,99,1.0,6.0,7.0,2.0,0,9.205020920502092,7.773721388686069,16.97874230918816,2.0,0
25,1,Nick Lachey,Singer/Rapper,18.0,0.0848,0.08361927,0.05,0,6,7.0,2.0,9.0,4.0,0,7.531380753138076,8.361927418096371,15.893308171234448,6.0,0
25,1,Nikki Bella,Athlete,20.0,0.0773,0.07671815,0.05,0,7,4.0,10.0,14.0,8.0,0,8.368200836820083,7.6718153835907685,16.040016220410852,4.0,0
25,1,Sasha Pieterse,Actor/Actress,18.0,0.0817,0.07988376,0.05,0,5,7.0,5.0,12.0,6.0,0,7.531380753138076,7.98837639941882,15.519757152556895,8.0,0
25,1,Terrell Owens,Athlete,15.0,0.0769,0.07697222,0.05,0,8,12.0,8.0,20.0,11.0,0,6.2761506276150625,7.697222384861119,13.97337301247618,12.0,0
25,1,Vanessa Lachey,TV Personality,21.0,0.0736,0.07263097,0.05,0,7,3.0,12.0,15.0,9.0,0,8.786610878661087,7.263097363154869,16.049708241815956,3.0,0
25,1,Victoria Arlen,Athlete,19.0,0.0744,0.07701018,0.05,0,9,5.0,7.0,12.0,6.0,0,7.949790794979079,7.701018385050919,15.650809180029999,7.0,0
25,2,Barbara Corcoran,Entrepreneur,17.0,0.0487,0.04988189,0.08,1,2,13.0,13.0,26.0,13.0,1,6.2157221206581355,4.988188945129921,11.203911065788056,13.0,1
25,2,Debbie Gibson,Singer/Rapper,20.5,0.0645,0.060886916,0.08,1,2,7.0,12.0,19.0,12.0,0,7.495429616087751,6.088691533024393,13.584121149112145,12.0,0
25,2,Derek Fisher,Athlete,19.0,0.0806,0.079671055,0.05,0,4,11.0,7.0,18.0,11.0,0,6.946983546617916,7.967105412361841,14.914088958979757,11.0,0
25,2,Drew Scott,TV Personality,20.5,0.0776,0.07674093,0.05,0,10,7.0,10.0,17.0,9.0,0,7.495429616087751,7.6740929155849775,15.16952253167273,8.0,0
25,2,Frankie Muniz,Actor/Actress,24.0,0.084,0.08351962,0.05,0,99,1.0,2.0,3.0,1.0,0,8.775137111517367,8.35196190812842,17.127099019645787,1.0,0
25,2,Jordan Fisher,Actor/Actress,24.0,0.0796,0.08264572,0.05,0,99,1.0,5.0,6.0,2.0,0,8.775137111517367,8.264571909089709,17.039709020607077,2.0,0
25,2,Lindsey Stirling,Musician,22.5,0.0862,0.08326213,0.05,0,99,4.0,3.0,7.0,3.0,0,8.226691042047532,8.326212908411659,16.55290395045919,3.0,0
25,2,Nick Lachey,Singer/Rapper,19.0,0.0846,0.08618625,0.05,0,6,11.0,1.0,12.0,5.0,0,6.946983546617916,8.618624905195126,15.565608451813041,7.0,0
25,2,Nikki Bella,Athlete,19.5,0.0778,0.07949616,0.05,0,7,9.0,8.0,17.0,9.0,0,7.129798903107861,7.949615912554224,15.079414815662084,10.0,0
25,2,Sasha Pieterse,Actor/Actress,22.5,0.0817,0.082817055,0.05,0,5,4.0,4.0,8.0,4.0,0,8.226691042047532,8.28170540890124,16.508396450948773,4.0,0
25,2,Terrell Owens,Athlete,19.5,0.0796,0.08005531,0.05,0,8,9.0,6.0,15.0,7.0,0,7.129798903107861,8.005530911939159,15.135329815047019,9.0,0
25,2,Vanessa Lachey,TV Personality,23.5,0.0776,0.07549116,0.05,0,7,3.0,11.0,14.0,6.0,0,8.592321755027422,7.5491159169597255,16.14143767198715,5.0,0
25,2,Victoria Arlen,Athlete,22.0,0.0776,0.079345815,0.05,0,9,6.0,9.0,15.0,7.0,0,8.043875685557587,7.934581412719605,15.978457098277193,6.0,0
25,3,Derek Fisher,Athlete,21.0,0.0916,0.09001782,0.05,0,4,6.0,6.0,12.0,5.0,0,8.60655737704918,9.001781837967926,17.608339215017104,8.0,0
25,3,Drew Scott,TV Personality,23.0,0.0697,0.08382465,0.05,0,10,3.0,11.0,14.0,8.0,0,9.426229508196721,8.382464849115632,17.808694357312355,7.0,0
25,3,Frankie Muniz,Actor/Actress,21.0,0.0949,0.09367302,0.05,0,99,6.0,3.0,9.0,4.0,0,8.60655737704918,9.367301831388565,17.973859208437744,4.0,0
25,3,Jordan Fisher,Actor/Actress,25.0,0.0968,0.0925653,0.05,0,99,2.0,5.0,7.0,2.0,0,10.245901639344263,9.256529833382462,19.502431472726727,2.0,0
25,3,Lindsey Stirling,Musician,27.0,0.0997,0.09738767,0.05,0,99,1.0,1.0,2.0,1.0,0,11.065573770491802,9.738766824702196,20.804340595194,1.0,0
25,3,Nick Lachey,Singer/Rapper,21.0,0.0972,0.09736711,0.05,0,6,6.0,2.0,8.0,3.0,0,8.60655737704918,9.736710824739205,18.343268201788383,3.0,0
25,3,Nikki Bella,Athlete,21.0,0.0888,0.08940513,0.05,0,7,6.0,8.0,14.0,8.0,0,8.60655737704918,8.940512839070767,17.54707021611995,10.0,0
25,3,Sasha Pieterse,Actor/Actress,19.0,0.1012,0.09291575,0.05,0,5,11.0,4.0,15.0,11.0,1,7.786885245901639,9.291574832751651,17.07846007865329,11.0,1
25,3,Terrell Owens,Athlete,21.0,0.0876,0.0897864,0.05,0,8,6.0,7.0,13.0,6.0,0,8.60655737704918,8.978639838384481,17.58519721543366,9.0,0
25,3,Vanessa Lachey,TV Personality,23.0,0.0863,0.084244534,0.05,0,7,3.0,10.0,13.0,6.0,0,9.426229508196721,8.424453248359839,17.85068275655656,6.0,0
25,3,Victoria Arlen,Athlete,22.0,0.0862,0.088812634,0.05,0,9,5.0,9.0,14.0,8.0,0,9.01639344262295,8.88126324013726,17.89765668276021,5.0,0
25,4,Derek Fisher,Athlete,23.0,0.0723,0.070317715,0.08,1,4,10.0,11.0,21.0,11.0,1,8.487084870848708,7.031771507031771,15.518856377880478,11.0,1
25,4,Drew Scott,TV Personality,24.0,0.0868,0.08641656,0.05,0,10,4.0,10.0,14.0,10.0,0,8.856088560885608,8.641656008641656,17.497744569527264,10.0,0
25,4,Frankie Muniz,Actor/Actress,24.0,0.1018,0.09492896,0.05,0,99,4.0,4.0,8.0,3.0,0,8.856088560885608,9.492896009492895,18.348984570378505,4.0,0
25,4,Jordan Fisher,Actor/Actress,29.0,0.0976,0.0953406,0.05,0,99,1.0,3.0,4.0,1.0,0,10.70110701107011,9.534060009534059,20.23516702060417,1.0,0
25,4,Lindsey Stirling,Musician,26.0,0.0943,0.09722598,0.05,0,99,3.0,2.0,5.0,2.0,0,9.59409594095941,9.722598009722597,19.31669395068201,2.0,0
25,4,Nick Lachey,Singer/Rapper,22.0,0.1028,0.099391714,0.05,0,6,11.0,1.0,12.0,7.0,0,8.118081180811808,9.939171409939172,18.05725259075098,6.0,0
25,4,Nikki Bella,Athlete,24.0,0.0888,0.0913639,0.05,0,7,4.0,8.0,12.0,7.0,0,8.856088560885608,9.13639000913639,17.992478570021998,8.0,0
25,4,Sasha Pieterse,Actor/Actress,24.0,0.0888,0.093406335,0.05,0,5,4.0,5.0,9.0,5.0,0,8.856088560885608,9.340633509340632,18.19672207022624,5.0,0
25,4,Terrell Owens,Athlete,24.0,0.0894,0.09183934,0.05,0,8,4.0,7.0,11.0,6.0,0,8.856088560885608,9.183934009183934,18.040022570069542,7.0,0
25,4,Vanessa Lachey,TV Personality,24.0,0.0868,0.08678217,0.05,0,7,4.0,9.0,13.0,9.0,0,8.856088560885608,8.678217008678217,17.534305569563827,9.0,0
25,4,Victoria Arlen,Athlete,27.0,0.0906,0.092986725,0.05,0,9,2.0,6.0,8.0,3.0,0,9.96309963099631,9.298672509298672,19.26177214029498,3.0,0
25,5,Drew Scott,TV Personality,25.0,0.0967,0.09558558,0.05,0,10,6.0,8.0,14.0,8.0,0,9.578544061302683,9.558558,19.137102061302684,7.0,0
25,5,Frankie Muniz,Actor/Actress,29.0,0.107,0.10571009,0.05,0,99,2.0,4.0,6.0,2.0,0,11.11111111111111,10.571009,21.68212011111111,2.0,0
25,5,Jordan Fisher,Actor/Actress,30.0,0.1086,0.10897377,0.05,0,99,1.0,1.0,2.0,1.0,0,11.494252873563218,10.897377,22.391629873563218,1.0,0
25,5,Lindsey Stirling,Musician,28.0,0.1097,0.10573966,0.05,0,99,3.0,3.0,6.0,2.0,0,10.727969348659004,10.573966,21.301935348659004,3.0,0
25,5,Nick Lachey,Singer/Rapper,22.0,0.1071,0.10685762,0.05,0,6,10.0,2.0,12.0,6.0,0,8.42911877394636,10.685762,19.11488077394636,8.0,0
25,5,Nikki Bella,Athlete,27.0,0.0967,0.102864616,0.05,0,7,4.0,5.0,9.0,4.0,0,10.344827586206897,10.2864616,20.6312891862069,4.0,0
25,5,Sasha Pieterse,Actor/Actress,24.0,0.0805,0.078381814,0.08,1,5,8.0,10.0,18.0,10.0,1,9.195402298850574,7.8381814,17.033583698850574,10.0,1
25,5,Terrell Owens,Athlete,25.0,0.0967,0.10041008,0.05,0,8,6.0,6.0,12.0,6.0,0,9.578544061302683,10.041008,19.619552061302684,6.0,0
25,5,Vanessa Lachey,TV Personality,24.0,0.0967,0.0954236,0.05,0,7,8.0,9.0,17.0,9.0,0,9.195402298850574,9.54236,18.737762298850576,9.0,0
25,5,Victoria Arlen,Athlete,27.0,0.1001,0.10005317,0.05,0,9,4.0,7.0,11.0,5.0,0,10.344827586206897,10.005317,20.350144586206895,5.0,0
25,6,Drew Scott,TV Personality,30.0,0.1097,0.10693062,0.05,0,10,8.0,8.0,16.0,8.0,0,9.803921568627452,10.693061422574683,20.496982991202135,8.0,0
25,6,Frankie Muniz,Actor/Actress,31.0,0.1134,0.115264565,0.05,0,99,6.0,4.0,10.0,5.0,0,10.130718954248366,11.526455877571381,21.657174831819745,6.0,0
25,6,Jordan Fisher,Actor/Actress,39.0,0.1165,0.11566748,0.05,0,99,2.0,3.0,5.0,1.0,0,12.745098039215685,11.566747375395641,24.311845414611327,2.0,0
25,6,Lindsey Stirling,Musician,40.0,0.1274,0.115159884,0.05,0,99,1.0,5.0,6.0,4.0,0,13.071895424836603,11.51598777813666,24.587883202973263,1.0,0
25,6,Nick Lachey,Singer/Rapper,26.0,0.0913,0.08717653,0.08,1,6,9.0,9.0,18.0,9.0,1,8.49673202614379,8.717652529246763,17.214384555390552,9.0,1
25,6,Nikki Bella,Athlete,36.0,0.1109,0.11831495,0.05,0,7,4.0,1.0,5.0,1.0,0,11.76470588235294,11.831494361099304,23.596200243452245,4.0,0
25,6,Terrell Owens,Athlete,37.0,0.1097,0.11667635,0.05,0,8,3.0,2.0,5.0,1.0,0,12.091503267973856,11.667634369947743,23.759137637921597,3.0,0
25,6,Vanessa Lachey,TV Personality,36.0,0.1097,0.112190045,0.05,0,7,4.0,7.0,11.0,6.0,0,11.76470588235294,11.21900389417379,22.98370977652673,5.0,0
25,6,Victoria Arlen,Athlete,31.0,0.1115,0.11261963,0.05,0,9,6.0,6.0,12.0,7.0,0,10.130718954248366,11.26196239185403,21.392681346102396,7.0,0
25,7,Drew Scott,TV Personality,28.5,0.123,0.121306345,0.05,0,10,2.0,6.0,8.0,4.0,0,13.25581395348837,12.130633420373625,25.386447373861998,5.0,0
25,7,Frankie Muniz,Actor/Actress,30.0,0.1328,0.1331271,0.05,0,99,1.0,3.0,4.0,1.0,0,13.953488372093023,13.312708815168914,27.266197187261938,1.0,0
25,7,Jordan Fisher,Actor/Actress,27.0,0.1373,0.1463313,0.05,0,99,4.0,1.0,5.0,2.0,0,12.558139534883722,14.633128697651546,27.19126823253527,2.0,0
25,7,Lindsey Stirling,Musician,25.5,0.1425,0.14256619,0.05,0,99,6.0,2.0,8.0,4.0,0,11.86046511627907,14.256617731161022,26.11708284744009,4.0,0
25,7,Nikki Bella,Athlete,24.0,0.1024,0.096959904,0.08,1,7,8.0,7.0,15.0,8.0,1,11.162790697674419,9.69598953705693,20.85878023473135,8.0,1
25,7,Terrell Owens,Athlete,24.5,0.1298,0.1327648,0.05,0,8,7.0,4.0,11.0,6.0,0,11.395348837209303,13.276478818393384,24.671827655602687,6.0,0
25,7,Vanessa Lachey,TV Personality,27.0,0.0979,0.09677571,0.08,1,7,4.0,8.0,12.0,7.0,0,12.558139534883722,9.677570138696257,22.23570967357998,7.0,0
25,7,Victoria Arlen,Athlete,28.5,0.1343,0.13016874,0.05,0,9,2.0,5.0,7.0,3.0,0,13.25581395348837,13.016872841498317,26.27268679498669,3.0,0
25,8,Drew Scott,TV Personality,23.5,0.1617,0.1617297,0.05,0,10,6.0,5.0,11.0,6.0,1,15.015974440894569,16.17297,31.188944440894566,5.0,0
25,8,Frankie Muniz,Actor/Actress,26.5,0.1823,0.18210618,0.05,0,99,3.0,1.0,4.0,1.0,0,16.93290734824281,18.210618,35.14352534824281,3.0,0
25,8,Jordan Fisher,Actor/Actress,30.0,0.1723,0.17482942,0.05,0,99,1.0,3.0,4.0,1.0,0,19.169329073482427,17.482942,36.652271073482424,1.0,0
25,8,Lindsey Stirling,Musician,27.0,0.1831,0.17973216,0.05,0,99,2.0,2.0,4.0,1.0,0,17.252396166134183,17.973216,35.225612166134184,2.0,0
25,8,Terrell Owens,Athlete,25.5,0.1337,0.13431723,0.08,1,8,4.0,6.0,10.0,5.0,0,16.293929712460063,13.431723000000002,29.725652712460064,6.0,1
25,8,Victoria Arlen,Athlete,24.0,0.1669,0.16728531,0.05,0,9,5.0,4.0,9.0,4.0,0,15.335463258785943,16.728531,32.06399425878594,4.0,0
25,9,Drew Scott,TV Personality,24.0,0.1972,0.19712149,0.05,0,10,5.0,4.0,9.0,5.0,1,17.77777777777778,19.712148802878517,37.489926580656295,4.0,0
25,9,Frankie Muniz,Actor/Actress,25.5,0.2145,0.209418,0.05,0,99,4.0,3.0,7.0,3.0,0,18.88888888888889,20.941799790582003,39.830688679470896,3.0,0
25,9,Jordan Fisher,Actor/Actress,29.0,0.2053,0.21221201,0.05,0,99,1.0,2.0,3.0,1.0,0,21.48148148148148,21.221200787787993,42.702682269269474,2.0,0
25,9,Lindsey Stirling,Musician,28.5,0.2187,0.21652488,0.05,0,99,2.0,1.0,3.0,1.0,0,21.11111111111111,21.652487783475124,42.76359889458624,1.0,0
25,9,Victoria Arlen,Athlete,28.0,0.1642,0.16472363,0.08,1,9,3.0,5.0,8.0,4.0,0,20.74074074074074,16.472362835276375,37.21310357601712,5.0,1
25,10,Drew Scott,TV Personality,37.5,0.1958,0.19511327,0.08,1,10,4.0,4.0,8.0,4.0,1,23.97871457464638,19.511326609773473,43.49004118441985,4.0,1
25,10,Frankie Muniz,Actor/Actress,38.8887,0.2764,0.2721859,0.05,0,99,3.0,1.0,4.0,2.0,0,24.86669433277468,27.218589455628212,52.08528378840289,2.0,0
25,10,Jordan Fisher,Actor/Actress,40.0,0.2597,0.26398525,0.05,0,99,1.0,3.0,4.0,2.0,0,25.57729554628947,26.398524472029518,51.975820018318984,3.0,0
25,10,Lindsey Stirling,Musician,40.0,0.2681,0.2687156,0.05,0,99,1.0,2.0,3.0,1.0,0,25.57729554628947,26.87155946256881,52.44885500885828,1.0,0
26,1,Adam Rippon,Athlete,24.0,0.1039,0.10294976,0.05,0,99,1.0,5.0,6.0,3.0,0,11.428571428571429,10.294976576518689,21.723548005090116,2.0,0
26,1,Arike Ogunbowale,Athlete,20.0,0.1035,0.09931403,0.05,0,2,7.0,8.0,15.0,8.0,0,9.523809523809524,9.931403556158598,19.45521307996812,7.0,0
26,1,Chris Mazdzer,Athlete,21.0,0.1035,0.10332068,0.05,0,3,5.0,3.0,8.0,4.0,0,10.0,10.332068578595841,20.33206857859584,5.0,0
26,1,Jamie Anderson,Athlete,19.0,0.0862,0.08877165,0.08,1,1,8.0,9.0,17.0,9.0,0,9.047619047619047,8.877165497121267,17.924784544740312,9.0,0
26,1,Jennie Finch Daigle,Athlete,21.0,0.1035,0.10260566,0.05,0,3,5.0,6.0,11.0,6.0,0,10.0,10.260566574591728,20.260566574591728,6.0,0
26,1,Johnny Damon,Athlete,18.0,0.0843,0.08801634,0.08,1,1,9.0,10.0,19.0,10.0,1,8.571428571428571,8.801634492891532,17.373063064320103,10.0,1
26,1,Josh Norman,Athlete,24.0,0.1035,0.10493766,0.05,0,99,1.0,1.0,2.0,1.0,0,11.428571428571429,10.493766587650928,21.922338016222355,1.0,0
26,1,Kareem Abdul-Jabbar,Athlete,17.0,0.1035,0.103168294,0.05,0,2,10.0,4.0,14.0,7.0,0,8.095238095238095,10.316829977742477,18.412068072980574,8.0,0
26,1,Mirai Nagasu,Athlete,23.0,0.104,0.102199465,0.05,0,3,3.0,7.0,10.0,5.0,0,10.952380952380953,10.219947072317035,21.17232802469799,4.0,0
26,1,Tonya Harding,Athlete,23.0,0.1039,0.104716405,0.05,0,99,3.0,2.0,5.0,2.0,0,10.952380952380953,10.471641086411902,21.424022038792856,3.0,0
26,2,Adam Rippon,Athlete,37.0,0.1321,0.13833793,0.05,0,99,1.0,1.0,2.0,1.0,0,13.831775700934578,13.8337924466483,27.665568147582878,1.0,0
26,2,Arike Ogunbowale,Athlete,35.0,0.1039,0.11051376,0.08,1,2,3.0,7.0,10.0,5.0,0,13.084112149532709,11.051375557944976,24.135487707477687,6.0,0
26,2,Chris Mazdzer,Athlete,33.0,0.1308,0.12810208,0.05,0,3,4.0,5.0,9.0,4.0,0,12.33644859813084,12.810207487591699,25.14665608572254,4.0,0
26,2,Jennie Finch Daigle,Athlete,31.5,0.1308,0.12882832,0.05,0,3,6.0,4.0,10.0,5.0,0,11.775700934579438,12.882831484686738,24.658532419266177,5.0,0
26,2,Josh Norman,Athlete,31.5,0.1308,0.11960545,0.05,0,99,6.0,6.0,12.0,7.0,0,11.775700934579438,11.960544521578218,23.736245456157654,7.0,0
26,2,Kareem Abdul-Jabbar,Athlete,29.5,0.1089,0.10450691,0.08,1,2,8.0,8.0,16.0,8.0,1,11.02803738317757,10.450690581972374,21.478727965149943,8.0,1
26,2,Mirai Nagasu,Athlete,37.0,0.1319,0.13587286,0.05,0,3,1.0,2.0,3.0,2.0,0,13.831775700934578,13.58728545650858,27.41906115744316,2.0,0
26,2,Tonya Harding,Athlete,33.0,0.1308,0.13423273,0.05,0,99,4.0,3.0,7.0,3.0,0,12.33644859813084,13.423272463069097,25.759721061199937,3.0,0
26,3,Adam Rippon,Athlete,41.0,0.1821,0.18806851,0.05,0,99,1.0,1.0,2.0,1.0,0,19.431279620853083,18.806851564205548,38.238131185058634,1.0,0
26,3,Chris Mazdzer,Athlete,33.0,0.1517,0.15302117,0.08,1,3,5.0,5.0,10.0,5.0,0,15.639810426540285,15.302117459063524,30.94192788560381,5.0,0
26,3,Jennie Finch Daigle,Athlete,29.0,0.146,0.13200013,0.08,1,3,6.0,6.0,12.0,6.0,1,13.744075829383887,13.2000133960004,26.94408922538429,6.0,1
26,3,Josh Norman,Athlete,38.0,0.1821,0.18015204,0.05,0,99,2.0,3.0,5.0,2.0,0,18.009478672985782,18.01520454045614,36.02468321344192,2.0,0
26,3,Mirai Nagasu,Athlete,35.0,0.1517,0.1640489,0.08,1,3,3.0,4.0,7.0,4.0,0,16.587677725118482,16.404890492146716,32.9925682172652,4.0,0
26,3,Tonya Harding,Athlete,35.0,0.1863,0.18270922,0.05,0,99,3.0,2.0,5.0,2.0,0,16.587677725118482,18.27092254812768,34.85860027324616,3.0,0
26,4,Adam Rippon,Athlete,29.0,0.2873,0.29922748,0.05,0,99,1.0,3.0,4.0,2.0,0,33.91812865497076,29.922747700772522,63.840876355743276,3.0,1
26,4,Josh Norman,Athlete,28.5,0.3564,0.35970888,0.05,0,99,2.0,1.0,3.0,1.0,0,33.33333333333333,35.970887640291124,69.30422097362445,1.0,0
26,4,Tonya Harding,Athlete,28.0,0.3563,0.34106365,0.05,0,99,3.0,2.0,5.0,3.0,1,32.748538011695906,34.10636465893636,66.85490267063227,2.0,0
27,1,Alexis Ren,Social Media Personality,22.0,0.0667,0.07048974,0.05,0,99,3.0,11.0,14.0,9.0,0,8.627450980392156,7.048974747191322,15.676425727583478,7.0,0
27,1,Bobby Bones,Radio Personality,20.0,0.0667,0.064627305,0.05,0,99,5.0,12.0,17.0,10.0,0,7.8431372549019605,6.462731185049504,14.305868439951464,11.0,0
27,1,Danelle Umstead,Athlete,18.0,0.0786,0.08005887,0.05,0,2,9.0,8.0,17.0,10.0,0,7.0588235294117645,8.005887848624111,15.064711378035875,10.0,0
27,1,DeMarcus Ware,Athlete,23.0,0.0779,0.07949479,0.05,0,7,1.0,9.0,10.0,3.0,0,9.019607843137255,7.949479842644862,16.969087685782117,2.0,0
27,1,Evanna Lynch,Actor/Actress,18.0,0.0837,0.082901925,0.05,0,99,9.0,2.0,11.0,5.0,0,7.0588235294117645,8.290193378760497,15.349016908172262,8.0,0
27,1,Joe Amabile,TV Personality,14.0,0.0726,0.074057244,0.05,0,8,13.0,10.0,23.0,12.0,0,5.490196078431373,7.405725185006869,12.895921263438241,12.0,0
27,1,John Schneider,Actor/Actress,18.0,0.0832,0.08257689,0.05,0,7,9.0,4.0,13.0,8.0,0,7.0588235294117645,8.257689875315126,15.31651340472689,9.0,0
27,1,Juan Pablo Di Pace,Actor/Actress,22.0,0.0839,0.08133831,0.05,0,8,3.0,6.0,9.0,2.0,0,8.627450980392156,8.133831862186176,16.761282842578332,3.0,0
27,1,Mary Lou Retton,Athlete,20.0,0.0782,0.08053465,0.05,0,6,5.0,7.0,12.0,7.0,0,7.8431372549019605,8.05346585366738,15.896603108569341,6.0,0
27,1,Milo Manheim,Actor/Actress,20.0,0.0825,0.08206374,0.05,0,99,5.0,5.0,10.0,3.0,0,7.8431372549019605,8.206374869875734,16.049512124777696,4.0,0
27,1,Nancy McKeon,Actor/Actress,19.5,0.084,0.0825856,0.05,0,3,8.0,3.0,11.0,5.0,0,7.647058823529412,8.258560875407452,15.905619698936864,5.0,0
27,1,Nikki Glaser,Comedian,17.5,0.0555,0.05267836,0.08,1,1,12.0,13.0,25.0,13.0,1,6.862745098039216,5.267836558390675,12.130581656429891,13.0,1
27,1,Tinashe,Singer/Rapper,23.0,0.0865,0.08659247,0.05,0,4,1.0,1.0,2.0,1.0,0,9.019607843137255,8.659247917880279,17.678855761017534,1.0,0
27,2,Alexis Ren,Social Media Personality,24.5,0.0758,0.07733024,0.05,0,99,4.0,10.0,14.0,6.0,0,9.057301293900185,7.733023721611144,16.79032501551133,8.0,0
27,2,Bobby Bones,Radio Personality,19.5,0.0758,0.07267446,0.05,0,99,10.0,11.0,21.0,10.0,0,7.208872458410351,7.267445738371952,14.476318196782303,11.0,0
27,2,Danelle Umstead,Athlete,18.5,0.0631,0.06314941,0.08,1,2,11.0,12.0,23.0,12.0,1,6.839186691312385,6.3149407726621325,13.154127463974518,12.0,1
27,2,DeMarcus Ware,Athlete,23.5,0.0869,0.084542915,0.05,0,7,6.0,8.0,14.0,6.0,0,8.687615526802219,8.454291195645517,17.141906722447736,5.0,0
27,2,Evanna Lynch,Actor/Actress,24.0,0.0929,0.08826616,0.05,0,99,5.0,5.0,10.0,4.0,0,8.872458410351202,8.826615682241833,17.699074092593037,4.0,0
27,2,Joe Amabile,TV Personality,17.5,0.0817,0.0804778,0.05,0,8,12.0,9.0,21.0,10.0,0,6.469500924214418,8.04777971027993,14.517280634494348,10.0,0
27,2,John Schneider,Actor/Actress,21.5,0.0922,0.08870044,0.05,0,7,8.0,4.0,12.0,5.0,0,7.948243992606285,8.870043680678426,16.81828767328471,7.0,0
27,2,Juan Pablo Di Pace,Actor/Actress,26.0,0.085,0.08877468,0.05,0,8,1.0,2.0,3.0,2.0,0,9.611829944547134,8.877467680411161,18.489297624958297,2.0,0
27,2,Mary Lou Retton,Athlete,23.0,0.0816,0.086285785,0.05,0,6,7.0,7.0,14.0,6.0,0,8.502772643253234,8.628578189371185,17.13135083262442,6.0,0
27,2,Milo Manheim,Actor/Actress,26.0,0.0845,0.088761546,0.05,0,99,1.0,3.0,4.0,3.0,0,9.611829944547134,8.876154280458445,18.48798422500558,3.0,0
27,2,Nancy McKeon,Actor/Actress,20.5,0.0883,0.08808841,0.05,0,3,9.0,6.0,15.0,9.0,0,7.578558225508318,8.808840682881735,16.387398908390054,9.0,0
27,2,Tinashe,Singer/Rapper,26.0,0.0922,0.09294819,0.05,0,4,1.0,1.0,2.0,1.0,0,9.611829944547134,9.294818665386527,18.90664860993366,1.0,0
27,3,Alexis Ren,Social Media Personality,26.0,0.0825,0.08605573,0.05,0,99,5.0,9.0,14.0,6.0,0,9.59409594095941,8.605573266772772,18.19966920773218,7.0,0
27,3,Bobby Bones,Radio Personality,23.0,0.0825,0.08155839,0.05,0,99,8.0,10.0,18.0,9.0,0,8.487084870848708,8.155839252831017,16.642924123679727,9.0,0
27,3,DeMarcus Ware,Athlete,26.0,0.0935,0.094834775,0.05,0,7,5.0,5.0,10.0,5.0,0,9.59409594095941,9.483477793987811,19.077573734947222,5.0,0
27,3,Evanna Lynch,Actor/Actress,27.0,0.1025,0.09715771,0.05,0,99,2.0,3.0,5.0,3.0,0,9.96309963099631,9.715771301188909,19.67887093218522,3.0,0
27,3,Joe Amabile,TV Personality,18.0,0.0848,0.08903915,0.05,0,8,11.0,8.0,19.0,10.0,0,6.642066420664207,8.903915276021374,15.545981696685581,10.0,0
27,3,John Schneider,Actor/Actress,21.0,0.1042,0.09645949,0.05,0,7,10.0,4.0,14.0,6.0,0,7.7490774907749085,9.645949299024428,17.39502678979934,8.0,0
27,3,Juan Pablo Di Pace,Actor/Actress,30.0,0.0907,0.09803436,0.05,0,8,1.0,2.0,3.0,1.0,0,11.07011070110701,9.803436303906524,20.873547005013535,1.0,0
27,3,Mary Lou Retton,Athlete,24.0,0.0929,0.09349445,0.05,0,6,7.0,7.0,14.0,6.0,0,8.856088560885608,9.349445289832804,18.20553385071841,6.0,0
27,3,Milo Manheim,Actor/Actress,27.0,0.0927,0.094589114,0.05,0,99,2.0,6.0,8.0,4.0,0,9.96309963099631,9.458911693226263,19.422011324222574,4.0,0
27,3,Nancy McKeon,Actor/Actress,22.0,0.0687,0.06853266,0.08,1,3,9.0,11.0,20.0,11.0,1,8.118081180811808,6.853266212451252,14.97134739326306,11.0,1
27,3,Tinashe,Singer/Rapper,27.0,0.105,0.10024414,0.05,0,4,2.0,1.0,3.0,1.0,0,9.96309963099631,10.024414310756843,19.98751394175315,2.0,0
27,4,Alexis Ren,Social Media Personality,25.0,0.0968,0.096304916,0.05,0,99,4.0,8.0,12.0,6.0,0,10.775862068965516,9.630491388129188,20.406353457094703,5.0,0
27,4,Bobby Bones,Radio Personality,20.0,0.0968,0.09580298,0.05,0,99,9.0,9.0,18.0,10.0,1,8.620689655172415,9.580297789233448,18.20098744440586,9.0,0
27,4,DeMarcus Ware,Athlete,22.0,0.0968,0.10304118,0.05,0,7,7.0,5.0,12.0,6.0,0,9.482758620689655,10.30411777330941,19.786876393999066,6.0,0
27,4,Evanna Lynch,Actor/Actress,24.0,0.1064,0.106048085,0.05,0,99,5.0,4.0,9.0,3.0,0,10.344827586206897,10.604808266694217,20.949635852901114,3.0,0
27,4,Joe Amabile,TV Personality,15.0,0.1007,0.09959747,0.05,0,8,10.0,7.0,17.0,9.0,0,6.4655172413793105,9.95974678088557,16.42526402226488,10.0,1
27,4,John Schneider,Actor/Actress,21.0,0.112,0.10667677,0.05,0,7,8.0,1.0,9.0,3.0,0,9.051724137931034,10.66767676531111,19.719400903242146,7.0,0
27,4,Juan Pablo Di Pace,Actor/Actress,24.0,0.0968,0.10238085,0.05,0,8,5.0,6.0,11.0,5.0,0,10.344827586206897,10.238084774762134,20.582912360969033,4.0,0
27,4,Mary Lou Retton,Athlete,26.0,0.1021,0.106243856,0.05,0,6,2.0,2.0,4.0,1.0,0,11.206896551724139,10.624385366263521,21.83128191798766,2.0,0
27,4,Milo Manheim,Actor/Actress,29.0,0.1111,0.10619532,0.05,0,99,1.0,3.0,4.0,1.0,0,12.5,10.6195317663703,23.1195317663703,1.0,0
27,4,Tinashe,Singer/Rapper,26.0,0.0806,0.077708595,0.08,1,4,2.0,10.0,12.0,6.0,0,11.206896551724139,7.770859329041095,18.977755880765233,8.0,0
27,5,Alexis Ren,Social Media Personality,29.0,0.1015,0.10288616,0.05,0,99,1.0,8.0,9.0,4.0,0,13.063063063063062,10.288616102886163,23.351679165949225,3.0,0
27,5,Bobby Bones,Radio Personality,21.0,0.0776,0.09131147,0.05,0,99,8.0,9.0,17.0,9.0,1,9.45945945945946,9.13114709131147,18.59060655077093,8.0,0
27,5,DeMarcus Ware,Athlete,26.0,0.113,0.11346341,0.05,0,7,4.0,6.0,10.0,7.0,0,11.711711711711711,11.346341113463412,23.058052825175125,4.0,0
27,5,Evanna Lynch,Actor/Actress,24.0,0.1194,0.11619245,0.05,0,99,6.0,3.0,9.0,4.0,0,10.81081081081081,11.619245116192452,22.430055927003263,7.0,0
27,5,Joe Amabile,TV Personality,17.0,0.1016,0.10686351,0.05,0,8,9.0,7.0,16.0,8.0,0,7.657657657657657,10.68635110686351,18.344008764521167,9.0,1
27,5,John Schneider,Actor/Actress,24.0,0.1257,0.11810912,0.05,0,7,6.0,2.0,8.0,3.0,0,10.81081081081081,11.81091211810912,22.62172292891993,6.0,0
27,5,Juan Pablo Di Pace,Actor/Actress,29.0,0.1166,0.11389166,0.05,0,8,1.0,5.0,6.0,2.0,0,13.063063063063062,11.389166113891662,24.452229176954724,2.0,0
27,5,Mary Lou Retton,Athlete,25.0,0.1201,0.11420594,0.05,0,6,5.0,4.0,9.0,4.0,0,11.26126126126126,11.420594114205942,22.6818553754672,5.0,0
27,5,Milo Manheim,Actor/Actress,27.0,0.1244,0.12307627,0.05,0,99,3.0,1.0,4.0,1.0,0,12.162162162162163,12.307627123076271,24.469789285238434,1.0,0
27,6,Alexis Ren,Social Media Personality,27.0,0.1006,0.111506484,0.05,0,99,4.0,6.0,10.0,4.0,0,11.790393013100436,11.150647820166313,22.941040833266747,4.0,0
27,6,Bobby Bones,Radio Personality,22.0,0.1006,0.09908513,0.05,0,99,7.0,8.0,15.0,8.0,1,9.606986899563319,9.908512484757349,19.51549938432067,8.0,0
27,6,DeMarcus Ware,Athlete,26.0,0.1178,0.11342656,0.05,0,7,5.0,5.0,10.0,4.0,0,11.353711790393014,11.342655410181917,22.696367200574933,5.0,0
27,6,Evanna Lynch,Actor/Actress,29.0,0.1192,0.11815568,0.05,0,99,3.0,4.0,7.0,3.0,0,12.663755458515283,11.815567385590494,24.479322844105777,3.0,0
27,6,Joe Amabile,TV Personality,22.0,0.1124,0.110806614,0.05,0,8,7.0,7.0,14.0,7.0,0,9.606986899563319,11.080660823805635,20.687647723368954,6.0,0
27,6,John Schneider,Actor/Actress,19.0,0.1269,0.118832,0.05,0,7,9.0,3.0,12.0,6.0,0,8.296943231441048,11.88319938207363,20.18014261351468,7.0,0
27,6,Juan Pablo Di Pace,Actor/Actress,30.0,0.1185,0.122481674,0.05,0,8,1.0,1.0,2.0,1.0,0,13.100436681222707,12.248166763095329,25.348603444318037,1.0,0
27,6,Mary Lou Retton,Athlete,24.0,0.0837,0.08351342,0.08,1,6,6.0,9.0,15.0,8.0,1,10.480349344978166,8.35134156573024,18.831690910708403,9.0,1
27,6,Milo Manheim,Actor/Actress,30.0,0.1202,0.12219249,0.05,0,99,1.0,2.0,3.0,2.0,0,13.100436681222707,12.219248364599084,25.319685045821792,2.0,0
27,7,Alexis Ren,Social Media Personality,27.5,0.1216,0.12400665,0.05,0,99,4.0,5.0,9.0,4.0,0,12.643678160919542,12.40066611605995,25.044344276979494,4.0,0
27,7,Bobby Bones,Radio Personality,26.5,0.1216,0.12376027,0.05,0,99,6.0,6.0,12.0,5.0,0,12.183908045977011,12.376028113842533,24.559936159819543,5.0,0
27,7,DeMarcus Ware,Athlete,26.5,0.1012,0.09976477,0.08,1,7,6.0,7.0,13.0,7.0,1,12.183908045977011,9.976477897883013,22.160385943860025,8.0,1
27,7,Evanna Lynch,Actor/Actress,29.5,0.1384,0.14493908,0.05,0,99,1.0,1.0,2.0,1.0,0,13.563218390804598,14.493909304451838,28.057127695256437,1.0,0
27,7,Joe Amabile,TV Personality,23.5,0.1336,0.1283439,0.05,0,8,8.0,4.0,12.0,5.0,0,10.804597701149426,12.834391155095206,23.63898885624463,6.0,0
27,7,John Schneider,Actor/Actress,27.0,0.1012,0.09967057,0.08,1,7,5.0,8.0,13.0,7.0,1,12.413793103448276,9.967057897035211,22.38085100048349,7.0,0
27,7,Juan Pablo Di Pace,Actor/Actress,28.0,0.1362,0.13925795,0.05,0,8,3.0,3.0,6.0,3.0,0,12.873563218390805,13.925796253321662,26.799359471712467,3.0,0
27,7,Milo Manheim,Actor/Actress,29.0,0.1463,0.14025672,0.05,0,99,2.0,2.0,4.0,2.0,0,13.333333333333334,14.025673262310596,27.35900659564393,2.0,0
27,8,Alexis Ren,Social Media Personality,29.0,0.1665,0.17489289,0.05,0,99,2.0,3.0,5.0,2.0,0,18.012422360248447,17.489290224250315,35.50171258449876,3.0,0
27,8,Bobby Bones,Radio Personality,22.5,0.1665,0.16630208,0.05,0,99,6.0,4.0,10.0,5.0,1,13.975155279503104,16.63020916411464,30.605364443617745,5.0,0
27,8,Evanna Lynch,Actor/Actress,29.0,0.1908,0.18907271,0.05,0,99,2.0,2.0,4.0,1.0,0,18.012422360248447,18.907272323509062,36.91969468375751,1.0,0
27,8,Joe Amabile,TV Personality,23.0,0.1387,0.13863824,0.08,1,8,5.0,5.0,10.0,5.0,1,14.285714285714285,13.863824970467748,28.14953925618203,6.0,1
27,8,Juan Pablo Di Pace,Actor/Actress,30.0,0.1387,0.13761204,0.08,1,8,1.0,6.0,7.0,4.0,0,18.633540372670808,13.761204963284346,32.39474533595515,4.0,0
27,8,Milo Manheim,Actor/Actress,27.5,0.1987,0.19348197,0.05,0,99,4.0,1.0,5.0,2.0,0,17.080745341614907,19.34819835437388,36.42894369598879,2.0,0
27,9,Alexis Ren,Social Media Personality,28.5,0.1842,0.23205994,0.05,0,99,3.0,3.0,6.0,3.0,0,24.675324675324674,23.205995856479667,47.88132053180434,3.0,0
27,9,Bobby Bones,Radio Personality,27.0,0.2309,0.22321498,0.05,0,99,4.0,4.0,8.0,4.0,1,23.376623376623375,22.321499785719983,45.69812316234336,4.0,1
27,9,Evanna Lynch,Actor/Actress,30.0,0.2867,0.26882756,0.05,0,99,1.0,2.0,3.0,2.0,0,25.97402597402597,26.88275815062065,52.85678412464662,2.0,0
27,9,Milo Manheim,Actor/Actress,30.0,0.2982,0.27589744,0.05,0,99,1.0,1.0,2.0,1.0,0,25.97402597402597,27.589746207179694,53.563772181205664,1.0,0
28,1,Ally Brooke,Singer/Rapper,16.0,0.0932,0.09218736,0.05,0,99,7.0,2.0,9.0,4.0,0,8.121827411167512,9.218735917031376,17.34056332819889,5.0,0
28,1,Hannah Brown,TV Personality,20.0,0.0855,0.08109046,0.05,0,99,2.0,10.0,12.0,5.0,0,10.152284263959391,8.109045927018586,18.26133019097798,3.0,0
28,1,James Van Der Beek,Actor/Actress,21.0,0.088,0.08844183,0.05,0,10,1.0,4.0,5.0,2.0,0,10.65989847715736,8.844182920402353,19.504081397559716,1.0,0
28,1,Karamo Brown,TV Personality,17.0,0.0855,0.08118985,0.05,0,7,5.0,9.0,14.0,7.0,0,8.629441624365482,8.118984926929135,16.748426551294617,8.0,0
28,1,Kate Flannery,Actor/Actress,15.0,0.0877,0.08723667,0.05,0,8,9.0,6.0,15.0,8.0,0,7.614213197969544,8.723666921486997,16.337880119456543,9.0,0
28,1,Kel Mitchell,Actor/Actress,16.0,0.0884,0.08780714,0.05,0,99,7.0,5.0,12.0,5.0,0,8.121827411167512,8.780713920973575,16.902541332141087,6.0,0
28,1,Lamar Odom,Athlete,11.0,0.0855,0.08374099,0.05,0,4,12.0,8.0,20.0,11.0,0,5.583756345177665,8.37409892463311,13.957855269810775,11.0,0
28,1,Lauren Alaina,Singer/Rapper,19.0,0.0928,0.09297012,0.05,0,99,3.0,1.0,4.0,1.0,0,9.644670050761421,9.297011916326893,18.941681967088314,2.0,0
28,1,Mary Wilson,Singer/Rapper,17.0,0.093,0.09217324,0.05,0,2,5.0,3.0,8.0,3.0,0,8.629441624365482,9.217323917044084,17.846765541409567,4.0,0
28,1,Ray Lewis,Athlete,15.0,0.0855,0.08572728,0.05,0,98,9.0,7.0,16.0,10.0,0,7.614213197969544,8.572727922845448,16.186941120814993,10.0,0
28,1,Sailor Brinkley-Cook,Model,18.0,0.0855,0.077444516,0.05,0,6,4.0,11.0,15.0,8.0,0,9.137055837563452,7.744451530299937,16.88150736786339,7.0,0
28,1,Sean Spicer,Politician,12.0,0.0293,0.049990553,0.05,0,9,11.0,12.0,23.0,12.0,1,6.091370558375635,4.999055255008502,11.090425813384137,12.0,1
28,2,Ally Brooke,Singer/Rapper,20.0,0.0911,0.09369961,0.05,0,99,3.0,2.0,5.0,1.0,0,9.1324200913242,9.369960896930431,18.50238098825463,3.0,0
28,2,Hannah Brown,TV Personality,24.0,0.0865,0.083875135,0.05,0,99,1.0,8.0,9.0,6.0,0,10.95890410958904,8.387513407737353,19.346417517326394,1.0,0
28,2,James Van Der Beek,Actor/Actress,20.0,0.0909,0.09088287,0.05,0,10,3.0,3.0,6.0,2.0,0,9.1324200913242,9.088286900028844,18.220706991353044,4.0,0
28,2,Karamo Brown,TV Personality,19.0,0.0865,0.08351072,0.05,0,7,6.0,9.0,15.0,7.0,0,8.67579908675799,8.351071908138207,17.0268709948962,7.0,0
28,2,Kate Flannery,Actor/Actress,21.0,0.0865,0.08983073,0.05,0,8,2.0,5.0,7.0,3.0,0,9.58904109589041,8.983072901186198,18.572113997076606,2.0,0
28,2,Kel Mitchell,Actor/Actress,20.0,0.0906,0.08989173,0.05,0,99,3.0,4.0,7.0,3.0,0,9.1324200913242,8.989172901119098,18.121592992443297,6.0,0
28,2,Lamar Odom,Athlete,12.0,0.0865,0.08643483,0.05,0,4,12.0,7.0,19.0,9.0,0,5.47945205479452,8.643482904921688,14.122934959716208,11.0,0
28,2,Lauren Alaina,Singer/Rapper,19.0,0.0915,0.09461884,0.05,0,99,6.0,1.0,7.0,3.0,0,8.67579908675799,9.461883895919277,18.13768298267727,5.0,0
28,2,Mary Wilson,Singer/Rapper,15.0,0.0301,0.03727228,0.08,1,2,10.0,12.0,22.0,12.0,1,6.8493150684931505,3.727227959000492,10.576543027493642,12.0,1
28,2,Ray Lewis,Athlete,15.0,0.0865,0.08780614,0.05,0,98,10.0,6.0,16.0,8.0,0,6.8493150684931505,8.780613903413247,15.629928971906399,9.0,0
28,2,Sailor Brinkley-Cook,Model,18.0,0.0865,0.080042586,0.05,0,6,8.0,11.0,19.0,9.0,0,8.21917808219178,8.004258511953157,16.223436594144935,8.0,0
28,2,Sean Spicer,Politician,16.0,0.0865,0.08213454,0.05,0,9,9.0,10.0,19.0,9.0,0,7.30593607305936,8.213453909652008,15.519389982711369,10.0,0
28,3,Ally Brooke,Singer/Rapper,24.0,0.1121,0.10791235,0.05,0,99,1.0,2.0,3.0,1.0,0,12.121212121212121,10.791234870505182,22.912446991717303,1.0,0
28,3,Hannah Brown,TV Personality,21.0,0.1038,0.096601166,0.05,0,99,5.0,7.0,12.0,6.0,0,10.606060606060606,9.660116484078602,20.26617709013921,7.0,0
28,3,James Van Der Beek,Actor/Actress,23.0,0.1079,0.10266946,0.05,0,10,3.0,3.0,6.0,3.0,0,11.616161616161616,10.26694587679665,21.883107492958267,3.0,0
28,3,Karamo Brown,TV Personality,16.0,0.1038,0.09627156,0.05,0,7,8.0,8.0,16.0,8.0,0,8.080808080808081,9.627155884474128,17.70796396528221,8.0,0
28,3,Kate Flannery,Actor/Actress,24.0,0.1056,0.10253189,0.05,0,8,1.0,4.0,5.0,2.0,0,12.121212121212121,10.253188876961733,22.374400998173854,2.0,0
28,3,Kel Mitchell,Actor/Actress,20.0,0.1069,0.10252691,0.05,0,99,6.0,5.0,11.0,5.0,0,10.1010101010101,10.252690876967709,20.35370097797781,6.0,0
28,3,Lamar Odom,Athlete,12.0,0.1038,0.099341646,0.05,0,4,10.0,6.0,16.0,8.0,0,6.0606060606060606,9.934164480790026,15.994770541396086,10.0,1
28,3,Lauren Alaina,Singer/Rapper,20.0,0.1079,0.10829642,0.05,0,99,6.0,1.0,7.0,4.0,0,10.1010101010101,10.829641870044297,20.930651971054395,4.0,0
28,3,Sailor Brinkley-Cook,Model,23.0,0.1038,0.09107498,0.05,0,6,3.0,10.0,13.0,7.0,0,11.616161616161616,9.107497890710023,20.72365950687164,5.0,0
28,3,Sean Spicer,Politician,15.0,0.0444,0.09277363,0.05,0,9,9.0,9.0,18.0,10.0,1,7.575757575757576,9.277362888671643,16.853120464429217,9.0,0
28,4,Ally Brooke,Singer/Rapper,32.0,0.1113,0.11395664,0.05,0,99,1.0,2.0,3.0,2.0,0,11.347517730496454,11.395664113956641,22.743181844453098,2.0,0
28,4,Hannah Brown,TV Personality,32.0,0.1032,0.103589855,0.05,0,99,1.0,6.0,7.0,4.0,0,11.347517730496454,10.358985603589856,21.70650333408631,4.0,0
28,4,James Van Der Beek,Actor/Actress,28.0,0.1046,0.10593059,0.05,0,10,6.0,4.0,10.0,5.0,0,9.929078014184398,10.593059105930593,20.52213712011499,6.0,0
28,4,Karamo Brown,TV Personality,28.0,0.1032,0.102068365,0.05,0,7,6.0,7.0,13.0,6.0,0,9.929078014184398,10.206836602068366,20.135914616252762,7.0,0
28,4,Kate Flannery,Actor/Actress,26.0,0.1056,0.10580016,0.05,0,8,8.0,5.0,13.0,6.0,0,9.219858156028367,10.580016105800162,19.799874261828528,8.0,0
28,4,Kel Mitchell,Actor/Actress,32.0,0.1067,0.10824801,0.05,0,99,1.0,3.0,4.0,3.0,0,11.347517730496454,10.824801108248012,22.172318838744467,3.0,0
28,4,Lamar Odom,Athlete,20.0,0.0439,0.04892986,0.08,1,4,10.0,10.0,20.0,10.0,1,7.092198581560284,4.892986048929861,11.985184630490146,10.0,1
28,4,Lauren Alaina,Singer/Rapper,32.0,0.115,0.11442515,0.05,0,99,1.0,1.0,2.0,1.0,0,11.347517730496454,11.442515114425152,22.790032844921605,1.0,0
28,4,Sailor Brinkley-Cook,Model,31.0,0.1032,0.09692484,0.05,0,6,5.0,9.0,14.0,8.0,0,10.99290780141844,9.692484096924842,20.685391898343283,5.0,0
28,4,Sean Spicer,Politician,21.0,0.1032,0.10012652,0.05,0,9,9.0,8.0,17.0,9.0,0,7.446808510638298,10.012652100126521,17.45946061076482,9.0,0
28,5,Ally Brooke,Singer/Rapper,27.0,0.1201,0.12558594,0.05,0,99,1.0,1.0,2.0,1.0,0,12.558139534883722,12.558594301406265,25.11673383628999,1.0,0
28,5,Hannah Brown,TV Personality,25.0,0.1146,0.11038591,0.05,0,99,4.0,6.0,10.0,4.0,0,11.627906976744185,11.038591264926191,22.666498241670375,6.0,0
28,5,James Van Der Beek,Actor/Actress,26.0,0.1167,0.11800926,0.05,0,10,2.0,4.0,6.0,3.0,0,12.093023255813954,11.80092628322223,23.893949539036186,3.0,0
28,5,Karamo Brown,TV Personality,21.0,0.1146,0.10355205,0.05,0,7,8.0,8.0,16.0,8.0,1,9.767441860465116,10.355205248524927,20.122647108990044,7.0,0
28,5,Kate Flannery,Actor/Actress,24.0,0.1249,0.11538265,0.05,0,8,5.0,5.0,10.0,4.0,0,11.162790697674419,11.538265276918366,22.701055974592784,5.0,0
28,5,Kel Mitchell,Actor/Actress,26.0,0.119,0.12320868,0.05,0,99,2.0,2.0,4.0,2.0,0,12.093023255813954,12.320868295700839,24.413891551514794,2.0,0
28,5,Lauren Alaina,Singer/Rapper,23.0,0.1221,0.12133399,0.05,0,99,7.0,3.0,10.0,4.0,0,10.69767441860465,12.133399291201583,22.831073709806233,4.0,0
28,5,Sailor Brinkley-Cook,Model,24.0,0.0533,0.073328406,0.05,0,6,5.0,9.0,14.0,7.0,0,11.162790697674419,7.332840775988178,18.4956314736626,9.0,1
28,5,Sean Spicer,Politician,19.0,0.1146,0.10921309,0.05,0,9,9.0,7.0,16.0,8.0,1,8.837209302325581,10.921309262111423,19.758518564437004,8.0,0
28,6,Ally Brooke,Singer/Rapper,25.0,0.1229,0.12448408,0.05,0,99,6.0,2.0,8.0,4.0,0,10.964912280701753,12.448407887964327,23.413320168666083,4.0,0
28,6,Hannah Brown,TV Personality,24.0,0.1158,0.11252089,0.05,0,99,8.0,7.0,15.0,8.0,1,10.526315789473683,11.2520888987312,21.778404688204883,7.0,0
28,6,James Van Der Beek,Actor/Actress,27.0,0.118,0.11888708,0.05,0,10,1.0,5.0,6.0,3.0,0,11.842105263157894,11.888707893001628,23.73081315615952,3.0,0
28,6,Karamo Brown,TV Personality,25.0,0.1158,0.112438224,0.05,0,7,6.0,8.0,14.0,7.0,0,10.964912280701753,11.243822298805599,22.20873457950735,6.0,0
28,6,Kate Flannery,Actor/Actress,27.0,0.1181,0.11940769,0.05,0,8,1.0,3.0,4.0,1.0,0,11.842105263157894,11.940768892533079,23.782874155690973,2.0,0
28,6,Kel Mitchell,Actor/Actress,26.0,0.1167,0.119176455,0.05,0,99,4.0,4.0,8.0,4.0,0,11.403508771929824,11.917645392741191,23.321154164671015,5.0,0
28,6,Lauren Alaina,Singer/Rapper,26.0,0.1226,0.12455624,0.05,0,99,4.0,1.0,5.0,2.0,0,11.403508771929824,12.455623887899383,23.859132659829207,1.0,0
28,6,Sailor Brinkley-Cook,Model,27.0,0.0543,0.05428455,0.08,1,6,1.0,9.0,10.0,6.0,0,11.842105263157894,5.428454951143905,17.2705602143018,9.0,1
28,6,Sean Spicer,Politician,21.0,0.1158,0.1142448,0.05,0,9,9.0,6.0,15.0,8.0,1,9.210526315789473,11.42447989717968,20.635006212969152,8.0,0
28,7,Ally Brooke,Singer/Rapper,27.0,0.1363,0.1361139,0.05,0,99,1.0,2.0,3.0,2.0,0,13.366336633663368,13.611389591658313,26.977726225321682,2.0,0
28,7,Hannah Brown,TV Personality,26.0,0.131,0.13031726,0.05,0,99,4.0,6.0,10.0,5.0,0,12.871287128712872,13.03172560904823,25.903012737761102,5.0,0
28,7,James Van Der Beek,Actor/Actress,27.0,0.1351,0.13220946,0.05,0,10,1.0,4.0,5.0,3.0,0,13.366336633663368,13.22094560337163,26.587282237034998,3.0,0
28,7,Karamo Brown,TV Personality,24.5,0.0668,0.06993786,0.08,1,7,6.0,8.0,14.0,7.0,0,12.128712871287128,6.993785790186427,19.122498661473557,8.0,1
28,7,Kate Flannery,Actor/Actress,24.0,0.131,0.13111843,0.05,0,8,7.0,5.0,12.0,6.0,0,11.881188118811881,13.111842606644721,24.993030725456602,6.0,0
28,7,Kel Mitchell,Actor/Actress,25.5,0.136,0.1341598,0.05,0,99,5.0,3.0,8.0,4.0,0,12.623762376237623,13.41597959752061,26.039741973758233,4.0,0
28,7,Lauren Alaina,Singer/Rapper,27.0,0.1328,0.13624373,0.05,0,99,1.0,1.0,2.0,1.0,0,13.366336633663368,13.624372591268822,26.99070922493219,1.0,0
28,7,Sean Spicer,Politician,21.0,0.131,0.12989959,0.05,0,9,8.0,7.0,15.0,8.0,1,10.396039603960396,12.989958610301242,23.38599821426164,7.0,0
28,8,Ally Brooke,Singer/Rapper,30.0,0.1533,0.1546246,0.05,0,99,3.0,1.0,4.0,1.0,0,15.544105882304175,15.462459845375404,31.00656572767958,3.0,0
28,8,Hannah Brown,TV Personality,30.9998,0.1524,0.15037245,0.05,0,99,2.0,6.0,8.0,3.0,0,16.062139117675102,15.037244849627552,31.099383967302654,2.0,0
28,8,James Van Der Beek,Actor/Actress,31.9998,0.1524,0.15260442,0.05,0,10,1.0,3.0,4.0,1.0,0,16.58027598041857,15.260441847395581,31.840717827814153,1.0,0
28,8,Kate Flannery,Actor/Actress,25.9998,0.0846,0.08474094,0.08,1,8,5.0,7.0,12.0,7.0,1,13.471454803957736,8.474093915259061,21.945548719216795,7.0,1
28,8,Kel Mitchell,Actor/Actress,29.9998,0.1524,0.15156771,0.05,0,99,4.0,5.0,9.0,5.0,0,15.544002254931627,15.156770848432291,30.700773103363918,4.0,0
28,8,Lauren Alaina,Singer/Rapper,24.0,0.1524,0.15371539,0.05,0,99,6.0,2.0,8.0,3.0,0,12.43528470584334,15.371538846284613,27.806823552127952,5.0,0
28,8,Sean Spicer,Politician,20.0,0.1524,0.1523745,0.05,0,9,7.0,4.0,11.0,6.0,0,10.362737254869451,15.237449847625504,25.600187102494957,6.0,0
28,9,Ally Brooke,Singer/Rapper,40.0,0.1824,0.18175928,0.05,0,99,1.0,1.0,2.0,1.0,0,19.18465227817746,18.17592790912036,37.36058018729782,1.0,0
28,9,Hannah Brown,TV Personality,35.5,0.1776,0.17458159,0.05,0,99,4.0,5.0,9.0,4.0,0,17.026378896882495,17.458158912709205,34.4845378095917,5.0,0
28,9,James Van Der Beek,Actor/Actress,36.0,0.1776,0.18160352,0.05,0,10,3.0,2.0,5.0,2.0,0,17.26618705035971,18.16035190919824,35.42653895955795,3.0,0
28,9,Kel Mitchell,Actor/Actress,37.0,0.1776,0.17838745,0.05,0,99,2.0,3.0,5.0,2.0,0,17.74580335731415,17.838744910806277,35.58454826812043,2.0,0
28,9,Lauren Alaina,Singer/Rapper,35.0,0.1796,0.17808633,0.05,0,99,5.0,4.0,9.0,4.0,0,16.786570743405278,17.808632910956835,34.59520365436211,4.0,0
28,9,Sean Spicer,Politician,25.0,0.1053,0.105581835,0.08,1,9,6.0,6.0,12.0,6.0,1,11.990407673860911,10.558183447209082,22.548591121069993,6.0,1
28,10,Ally Brooke,Singer/Rapper,29.5,0.2158,0.21897249,0.05,0,99,1.0,1.0,2.0,1.0,0,21.454545454545453,21.897249656917488,43.35179511146294,1.0,0
28,10,Hannah Brown,TV Personality,27.0,0.2158,0.2106014,0.05,0,99,3.0,4.0,7.0,4.0,0,19.636363636363637,21.06014063180422,40.69650426816786,4.0,0
28,10,James Van Der Beek,Actor/Actress,25.5,0.1369,0.13698041,0.08,1,10,5.0,5.0,10.0,5.0,1,18.545454545454547,13.698041410941242,32.24349595639579,5.0,1
28,10,Kel Mitchell,Actor/Actress,28.5,0.2158,0.2181036,0.05,0,99,2.0,2.0,4.0,2.0,0,20.727272727272727,21.81036065431082,42.53763338158355,2.0,0
28,10,Lauren Alaina,Singer/Rapper,27.0,0.2158,0.21534207,0.05,0,99,3.0,3.0,6.0,3.0,0,19.636363636363637,21.53420764602623,41.170571282389865,3.0,0
28,11,Ally Brooke,Singer/Rapper,30.0,0.2743,0.2775247,0.05,0,99,1.0,1.0,2.0,1.0,0,25.64102564102564,27.752470555049406,53.39349619607505,1.0,0
28,11,Hannah Brown,TV Personality,29.0,0.1829,0.19743349,0.05,0,99,3.0,4.0,7.0,4.0,1,24.786324786324787,19.743349394866986,44.52967418119177,4.0,1
28,11,Kel Mitchell,Actor/Actress,29.5,0.2714,0.25544873,0.05,0,99,2.0,3.0,5.0,2.0,0,25.213675213675213,25.54487351089747,50.758548724572684,3.0,0
28,11,Lauren Alaina,Singer/Rapper,28.5,0.2714,0.26959306,0.05,0,99,4.0,2.0,6.0,3.0,0,24.358974358974358,26.95930653918613,51.31828089816049,2.0,0
29,1,AJ McLean,Singer/Rapper,18.0,0.0736,0.07395937,0.05,0,9,6.0,2.0,8.0,1.0,0,6.923076923076923,7.395936999999998,14.319013923076922,3.0,0
29,1,Anne Heche,Actor/Actress,18.0,0.0694,0.069473736,0.05,0,4,6.0,6.0,12.0,5.0,0,6.923076923076923,6.947373599999998,13.870450523076922,7.0,0
29,1,Carole Baskin,TV Personality,11.0,0.0693,0.06690565,0.05,0,3,15.0,11.0,26.0,15.0,1,4.230769230769231,6.6905649999999985,10.92133423076923,14.0,0
29,1,Charles Oakley,Athlete,12.0,0.0693,0.07234851,0.05,0,2,14.0,3.0,17.0,9.0,0,4.615384615384616,7.234850999999999,11.850235615384616,13.0,0
29,1,Chrishell Stause,Actor/Actress,13.0,0.0711,0.06911568,0.05,0,8,13.0,8.0,21.0,14.0,0,5.0,6.911567999999998,11.911567999999999,12.0,0
29,1,Jeannie Mai,TV Personality,18.0,0.0693,0.06685001,0.05,0,98,6.0,13.0,19.0,13.0,0,6.923076923076923,6.685000999999999,13.608077923076923,9.0,0
29,1,Jesse Metcalfe,Actor/Actress,18.0,0.0693,0.06945179,0.05,0,5,6.0,7.0,13.0,6.0,0,6.923076923076923,6.945178999999999,13.868255923076923,8.0,0
29,1,Johnny Weir,Athlete,18.0,0.0693,0.06981105,0.05,0,10,6.0,4.0,10.0,2.0,0,6.923076923076923,6.981104999999999,13.904181923076923,6.0,0
29,1,Justina Machado,Actor/Actress,21.0,0.0693,0.06825914,0.05,0,99,1.0,10.0,11.0,4.0,0,8.076923076923077,6.825913999999998,14.902837076923074,2.0,0
29,1,Kaitlyn Bristowe,TV Personality,20.0,0.0693,0.064389475,0.05,0,99,3.0,14.0,17.0,9.0,0,7.6923076923076925,6.4389474999999985,14.131255192307691,4.0,0
29,1,Monica Aldama,TV Personality,19.0,0.0693,0.06690293,0.05,0,7,5.0,12.0,17.0,9.0,0,7.307692307692308,6.690292999999999,13.997985307692307,5.0,0
29,1,Nelly,Singer/Rapper,16.0,0.0756,0.074093394,0.05,0,99,12.0,1.0,13.0,6.0,0,6.153846153846154,7.4093393999999995,13.563185553846154,10.0,0
29,1,Nev Schulman,Producer,20.0,0.0159,0.030359825,0.05,0,99,3.0,15.0,18.0,12.0,0,7.6923076923076925,3.0359824999999994,10.728290192307693,15.0,1
29,1,Skai Jackson,Actor/Actress,21.0,0.0709,0.06826839,0.05,0,10,1.0,9.0,10.0,2.0,0,8.076923076923077,6.826838999999999,14.903762076923076,1.0,0
29,1,Veron Davis,Athlete,17.0,0.0693,0.06981105,0.05,0,6,11.0,4.0,15.0,8.0,0,6.538461538461539,6.981104999999999,13.519566538461538,11.0,0
29,2,AJ McLean,Singer/Rapper,19.0,0.0758,0.07458077,0.05,0,9,5.0,1.0,6.0,1.0,0,6.95970695970696,7.458077156619619,14.41778411632658,3.0,0
29,2,Anne Heche,Actor/Actress,18.0,0.0726,0.07057721,0.05,0,4,6.0,5.0,11.0,7.0,0,6.593406593406594,7.057721148212143,13.651127741618737,9.0,0
29,2,Carole Baskin,TV Personality,16.0,0.069,0.06908255,0.05,0,3,12.0,10.0,22.0,12.0,0,5.86080586080586,6.9082551450733565,12.769061005879216,12.0,0
29,2,Charles Oakley,Athlete,15.0,0.0156,0.02026823,0.08,1,2,14.0,15.0,29.0,15.0,1,5.4945054945054945,2.026823042563284,7.521328537068778,15.0,1
29,2,Chrishell Stause,Actor/Actress,18.0,0.0716,0.06994693,0.05,0,8,6.0,8.0,14.0,8.0,0,6.593406593406594,6.9946931468885545,13.58809974029515,10.0,0
29,2,Jeannie Mai,TV Personality,18.0,0.069,0.068647295,0.05,0,98,6.0,11.0,17.0,11.0,0,6.593406593406594,6.86472964415932,13.458136237565913,11.0,0
29,2,Jesse Metcalfe,Actor/Actress,20.0,0.0693,0.07013574,0.05,0,5,4.0,6.0,10.0,5.0,0,7.326007326007327,7.0135741472850555,14.339581473292382,4.0,0
29,2,Johnny Weir,Athlete,18.0,0.069,0.070900165,0.05,0,10,6.0,3.0,9.0,3.0,0,6.593406593406594,7.090016648890347,13.683423242296941,7.0,0
29,2,Justina Machado,Actor/Actress,21.0,0.07,0.069989204,0.05,0,99,2.0,7.0,9.0,3.0,0,7.6923076923076925,6.99892054697733,14.691228239285023,2.0,0
29,2,Kaitlyn Bristowe,TV Personality,22.0,0.069,0.06708148,0.05,0,99,1.0,13.0,14.0,8.0,0,8.058608058608058,6.708148140871109,14.766756199479168,1.0,0
29,2,Monica Aldama,TV Personality,16.0,0.069,0.06861872,0.05,0,7,12.0,12.0,24.0,14.0,0,5.86080586080586,6.861872144099312,12.722678004905173,13.0,0
29,2,Nelly,Singer/Rapper,18.0,0.0734,0.07447217,0.05,0,99,6.0,2.0,8.0,2.0,0,6.593406593406594,7.447217156391559,14.040623749798153,6.0,0
29,2,Nev Schulman,Producer,21.0,0.069,0.065079845,0.05,0,99,2.0,14.0,16.0,10.0,0,7.6923076923076925,6.5079846366676755,14.200292328975369,5.0,0
29,2,Skai Jackson,Actor/Actress,15.0,0.069,0.06985077,0.05,0,10,14.0,9.0,23.0,13.0,0,5.4945054945054945,6.985077146686619,12.479582641192113,14.0,0
29,2,Veron Davis,Athlete,18.0,0.069,0.0707689,0.05,0,6,6.0,4.0,10.0,5.0,0,6.593406593406594,7.076890148614691,13.670296742021286,8.0,0
29,3,AJ McLean,Singer/Rapper,21.0,0.0805,0.08011549,0.05,0,9,7.0,2.0,9.0,2.0,0,7.473309608540925,8.01154940057747,15.484859009118395,3.0,0
29,3,Anne Heche,Actor/Actress,15.0,0.0758,0.07609132,0.05,0,4,13.0,3.0,16.0,10.0,0,5.338078291814947,7.60913238045662,12.947210672271567,13.0,0
29,3,Carole Baskin,TV Personality,12.0,0.0201,0.020616261,0.08,1,3,14.0,14.0,28.0,14.0,1,4.270462633451958,2.0616262030813104,6.332088836533268,14.0,1
29,3,Chrishell Stause,Actor/Actress,22.0,0.0754,0.07464747,0.05,0,8,4.0,9.0,13.0,5.0,0,7.829181494661921,7.464747373237368,15.29392886789929,6.0,0
29,3,Jeannie Mai,TV Personality,22.0,0.0744,0.07363516,0.05,0,98,4.0,11.0,15.0,8.0,0,7.829181494661921,7.363516368175819,15.19269786283774,7.0,0
29,3,Jesse Metcalfe,Actor/Actress,20.0,0.0745,0.07567284,0.05,0,5,9.0,5.0,14.0,6.0,0,7.11743772241993,7.56728437836422,14.68472210078415,9.0,0
29,3,Johnny Weir,Athlete,24.0,0.0744,0.07572392,0.05,0,10,1.0,4.0,5.0,1.0,0,8.540925266903916,7.572392378619619,16.113317645523534,1.0,0
29,3,Justina Machado,Actor/Actress,19.0,0.0744,0.075663805,0.05,0,99,10.0,6.0,16.0,10.0,0,6.761565836298933,7.566380878319044,14.327946714617976,11.0,0
29,3,Kaitlyn Bristowe,TV Personality,23.0,0.0744,0.071210735,0.05,0,99,3.0,12.0,15.0,8.0,0,8.185053380782918,7.121073856053693,15.30612723683661,5.0,0
29,3,Monica Aldama,TV Personality,21.0,0.0744,0.073887445,0.05,0,7,7.0,10.0,17.0,12.0,0,7.473309608540925,7.388744869437243,14.862054477978168,8.0,0
29,3,Nelly,Singer/Rapper,18.0,0.0787,0.08105538,0.05,0,99,11.0,1.0,12.0,4.0,0,6.405693950177936,8.10553840527692,14.511232355454856,10.0,0
29,3,Nev Schulman,Producer,24.0,0.0744,0.07084822,0.05,0,99,1.0,13.0,14.0,6.0,0,8.540925266903916,7.084822354241119,15.625747621145035,2.0,0
29,3,Skai Jackson,Actor/Actress,18.0,0.0744,0.07523125,0.05,0,10,11.0,8.0,19.0,13.0,0,6.405693950177936,7.523125376156268,13.928819326334203,12.0,0
29,3,Veron Davis,Athlete,22.0,0.0744,0.075600654,0.05,0,6,4.0,7.0,11.0,3.0,0,7.829181494661921,7.56006577800329,15.389247272665212,4.0,0
29,4,AJ McLean,Singer/Rapper,24.0,0.0809,0.08604673,0.05,0,9,3.0,2.0,5.0,1.0,0,7.973421926910299,8.604672612789734,16.578094539700032,2.0,0
29,4,Anne Heche,Actor/Actress,21.0,0.0254,0.024496164,0.08,1,4,10.0,13.0,23.0,13.0,1,6.976744186046512,2.449616289767267,9.426360475813778,13.0,1
29,4,Chrishell Stause,Actor/Actress,22.0,0.0809,0.08105101,0.05,0,8,8.0,8.0,16.0,11.0,0,7.308970099667775,8.105100635270473,15.414070734938248,10.0,0
29,4,Jeannie Mai,TV Personality,21.0,0.0809,0.080326125,0.05,0,98,10.0,9.0,19.0,12.0,0,6.976744186046512,8.032612138532453,15.009356324578965,12.0,0
29,4,Jesse Metcalfe,Actor/Actress,21.0,0.0809,0.08257262,0.05,0,5,10.0,3.0,13.0,6.0,0,6.976744186046512,8.257261628423226,15.234005814469738,11.0,0
29,4,Johnny Weir,Athlete,24.0,0.0814,0.08159596,0.05,0,10,3.0,4.0,7.0,2.0,0,7.973421926910299,8.159595632818197,16.133017559728497,3.0,0
29,4,Justina Machado,Actor/Actress,24.0,0.0809,0.08153569,0.05,0,99,3.0,5.0,8.0,3.0,0,7.973421926910299,8.153568633089412,16.12699055999971,4.0,0
29,4,Kaitlyn Bristowe,TV Personality,25.0,0.0809,0.07797279,0.05,0,99,2.0,11.0,13.0,6.0,0,8.305647840531561,7.797278649122462,16.102926489654024,5.0,0
29,4,Monica Aldama,TV Personality,24.0,0.0809,0.07910326,0.05,0,7,3.0,10.0,13.0,6.0,0,7.973421926910299,7.910325644035346,15.883747570945644,6.0,0
29,4,Nelly,Singer/Rapper,21.0,0.0844,0.08645419,0.05,0,99,10.0,1.0,11.0,5.0,0,6.976744186046512,8.645418610956163,15.622162797002675,7.0,0
29,4,Nev Schulman,Producer,24.0,0.0809,0.07604339,0.05,0,99,3.0,12.0,15.0,10.0,0,7.973421926910299,7.604338657804761,15.57776058471506,8.0,0
29,4,Skai Jackson,Actor/Actress,28.0,0.0809,0.08130096,0.05,0,10,1.0,7.0,8.0,3.0,0,9.30232558139535,8.130095634145697,17.432421215541048,1.0,0
29,4,Veron Davis,Athlete,22.0,0.0809,0.081501156,0.05,0,6,8.0,6.0,14.0,9.0,0,7.308970099667775,8.150115233244817,15.459085332912592,9.0,0
29,5,AJ McLean,Singer/Rapper,24.0,0.0878,0.09068877,0.05,0,9,5.0,3.0,8.0,4.0,0,8.362369337979095,9.068877145102034,17.43124648308113,6.0,0
29,5,Chrishell Stause,Actor/Actress,19.0,0.0878,0.088211775,0.05,0,8,11.0,6.0,17.0,10.0,0,6.620209059233449,8.821177641138842,15.441386700372291,11.0,0
29,5,Jeannie Mai,TV Personality,24.0,0.0878,0.08533301,0.05,0,98,5.0,9.0,14.0,8.0,0,8.362369337979095,8.533301136532819,16.895670474511913,9.0,0
29,5,Jesse Metcalfe,Actor/Actress,19.0,0.0311,0.034520917,0.08,1,5,11.0,12.0,23.0,12.0,1,6.620209059233449,3.4520917552334676,10.072300814466917,12.0,1
29,5,Johnny Weir,Athlete,29.0,0.0878,0.089358754,0.05,0,10,1.0,5.0,6.0,1.0,0,10.104529616724738,8.935875542974008,19.040405159698746,1.0,0
29,5,Justina Machado,Actor/Actress,24.0,0.0878,0.089472614,0.05,0,99,5.0,4.0,9.0,5.0,0,8.362369337979095,8.947261543156184,17.309630881135277,8.0,0
29,5,Kaitlyn Bristowe,TV Personality,27.0,0.0878,0.08533575,0.05,0,99,2.0,8.0,10.0,6.0,0,9.40766550522648,8.533575136537202,17.941240641763684,2.0,0
29,5,Monica Aldama,TV Personality,26.0,0.0878,0.08419426,0.05,0,7,3.0,10.0,13.0,7.0,0,9.059233449477352,8.419426134710818,17.478659584188172,4.0,0
29,5,Nelly,Singer/Rapper,24.0,0.0912,0.091443524,0.05,0,99,5.0,1.0,6.0,1.0,0,8.362369337979095,9.14435254630964,17.506721884288737,3.0,0
29,5,Nev Schulman,Producer,26.0,0.0878,0.08325604,0.05,0,99,3.0,11.0,14.0,8.0,0,9.059233449477352,8.325604133209666,17.38483758268702,7.0,0
29,5,Skai Jackson,Actor/Actress,24.0,0.0878,0.09088936,0.05,0,10,5.0,2.0,7.0,3.0,0,8.362369337979095,9.088936145422979,17.451305483402074,5.0,0
29,5,Veron Davis,Athlete,21.0,0.0878,0.08729521,0.05,0,6,10.0,7.0,17.0,10.0,0,7.317073170731707,8.729521139672338,16.046594310404046,10.0,0
29,6,AJ McLean,Singer/Rapper,27.0,0.1014,0.10054739,0.05,0,9,1.0,1.0,2.0,1.0,0,10.074626865671641,10.054738839124179,20.12936570479582,1.0,0
29,6,Chrishell Stause,Actor/Actress,24.0,0.0946,0.09734398,0.05,0,8,7.0,5.0,12.0,6.0,0,8.955223880597014,9.734397844249635,18.68962172484665,7.0,0
29,6,Jeannie Mai,TV Personality,25.0,0.0946,0.09256246,0.05,0,98,6.0,9.0,15.0,7.0,0,9.328358208955224,9.256245851900067,18.58460406085529,8.0,0
29,6,Johnny Weir,Athlete,22.0,0.0946,0.09579223,0.05,0,10,9.0,6.0,15.0,7.0,0,8.208955223880597,9.579222846732435,17.788178070613032,9.0,0
29,6,Justina Machado,Actor/Actress,27.0,0.0946,0.09832372,0.05,0,99,1.0,3.0,4.0,2.0,0,10.074626865671641,9.83237184268205,19.90699870835369,2.0,0
29,6,Kaitlyn Bristowe,TV Personality,27.0,0.0946,0.09358131,0.05,0,99,1.0,8.0,9.0,4.0,0,10.074626865671641,9.358130850269907,19.43275771594155,4.0,0
29,6,Monica Aldama,TV Personality,27.0,0.0946,0.094853446,0.05,0,7,1.0,7.0,8.0,3.0,0,10.074626865671641,9.485344448234487,19.55997131390613,3.0,0
29,6,Nelly,Singer/Rapper,24.0,0.1008,0.09870908,0.05,0,99,7.0,2.0,9.0,4.0,0,8.955223880597014,9.870907842065476,18.82613172266249,6.0,0
29,6,Nev Schulman,Producer,26.0,0.0946,0.09247369,0.05,0,99,5.0,10.0,15.0,7.0,0,9.701492537313433,9.247368852042099,18.94886138935553,5.0,0
29,6,Skai Jackson,Actor/Actress,18.0,0.099,0.0976087,0.05,0,10,11.0,4.0,15.0,7.0,0,6.7164179104477615,9.760869843826084,16.477287754273846,10.0,0
29,6,Veron Davis,Athlete,21.0,0.0368,0.03820401,0.08,1,6,10.0,11.0,21.0,11.0,1,7.835820895522389,3.8204009388735845,11.656221834395973,11.0,1
29,7,AJ McLean,Singer/Rapper,26.0,0.1156,0.10916772,0.05,0,9,5.0,1.0,6.0,2.0,0,10.0,10.916771737997479,20.91677173799748,4.0,0
29,7,Chrishell Stause,Actor/Actress,26.0,0.1041,0.10518989,0.05,0,8,5.0,5.0,10.0,6.0,0,10.0,10.51898874754427,20.51898874754427,7.0,0
29,7,Jeannie Mai,TV Personality,25.0,0.1036,0.10205029,0.05,0,98,8.0,8.0,16.0,8.0,0,9.615384615384617,10.20502875507931,19.820413370463925,8.0,0
29,7,Johnny Weir,Athlete,27.0,0.1036,0.10657685,0.05,0,10,2.0,4.0,6.0,2.0,0,10.384615384615385,10.657684744215565,21.042300128830952,3.0,0
29,7,Justina Machado,Actor/Actress,26.0,0.1036,0.10760904,0.05,0,99,5.0,3.0,8.0,4.0,0,10.0,10.76090374173831,20.76090374173831,6.0,0
29,7,Kaitlyn Bristowe,TV Personality,24.0,0.1036,0.103171356,0.05,0,99,9.0,7.0,16.0,8.0,0,9.230769230769232,10.317135352388753,19.547904583157987,9.0,0
29,7,Monica Aldama,TV Personality,22.0,0.0442,0.051943988,0.08,1,7,10.0,10.0,20.0,10.0,1,8.461538461538462,5.1943986753344324,13.655937136872893,10.0,1
29,7,Nelly,Singer/Rapper,27.0,0.1106,0.107656,0.05,0,99,2.0,2.0,4.0,1.0,0,10.384615384615385,10.765599741625605,21.15021512624099,2.0,0
29,7,Nev Schulman,Producer,30.0,0.1036,0.10159147,0.05,0,99,1.0,9.0,10.0,6.0,0,11.538461538461538,10.159146756180478,21.697608294642016,1.0,0
29,7,Skai Jackson,Actor/Actress,27.0,0.1073,0.10504342,0.05,0,10,2.0,6.0,8.0,4.0,0,10.384615384615385,10.504341747895799,20.888957132511184,5.0,0
29,8,AJ McLean,Singer/Rapper,27.0,0.1388,0.13706295,0.05,0,9,5.0,1.0,6.0,1.0,0,12.162184076007344,13.70629521930072,25.868479295308063,4.0,0
29,8,Chrishell Stause,Actor/Actress,27.0,0.0675,0.073713124,0.08,1,8,5.0,8.0,13.0,8.0,1,12.162184076007344,7.371312517941001,19.533496593948346,8.0,1
29,8,Johnny Weir,Athlete,30.0,0.1318,0.13044111,0.05,0,10,1.0,6.0,7.0,2.0,0,13.513537862230383,13.04411120870578,26.557649070936165,1.0,0
29,8,Justina Machado,Actor/Actress,28.9998,0.1318,0.13233013,0.05,0,99,3.0,4.0,7.0,2.0,0,13.062996509903623,13.23301321172821,26.296009721631833,3.0,0
29,8,Kaitlyn Bristowe,TV Personality,28.0,0.1318,0.13119712,0.05,0,99,4.0,5.0,9.0,5.0,0,12.61263533808169,13.119712209915397,25.732347547997087,5.0,0
29,8,Nelly,Singer/Rapper,24.0,0.135,0.1338904,0.05,0,99,8.0,2.0,10.0,6.0,0,10.810830289784306,13.389040214224643,24.19987050400895,7.0,0
29,8,Nev Schulman,Producer,30.0,0.1318,0.1279911,0.05,0,99,1.0,7.0,8.0,4.0,0,13.513537862230383,12.799110204785762,26.312648067016145,2.0,0
29,8,Skai Jackson,Actor/Actress,26.9998,0.1318,0.13337405,0.05,0,10,7.0,3.0,10.0,6.0,0,12.16209398575493,13.337405213398482,25.499499199153412,6.0,0
29,9,AJ McLean,Singer/Rapper,24.9998,0.0847,0.081123866,0.08,1,9,6.0,7.0,13.0,7.0,1,12.953317941214266,8.112386956945027,21.065704898159293,7.0,1
29,9,Johnny Weir,Athlete,30.0,0.1526,0.15806648,0.05,0,10,1.0,1.0,2.0,1.0,0,15.544105882304176,15.806648695492543,31.35075457779672,1.0,0
29,9,Justina Machado,Actor/Actress,25.9998,0.1526,0.15424898,0.05,0,99,5.0,2.0,7.0,3.0,0,13.471454803957739,15.424898678695541,28.896353482653282,5.0,0
29,9,Kaitlyn Bristowe,TV Personality,30.0,0.1526,0.1522408,0.05,0,99,1.0,4.0,5.0,2.0,0,15.544105882304176,15.22408066985955,30.768186552163726,2.0,0
29,9,Nelly,Singer/Rapper,24.0,0.1526,0.15277739,0.05,0,99,7.0,3.0,10.0,6.0,0,12.43528470584334,15.277739672220548,27.71302437806389,6.0,0
29,9,Nev Schulman,Producer,28.9998,0.1526,0.1504604,0.05,0,99,3.0,6.0,9.0,5.0,0,15.025865392188157,15.046040662025788,30.071906054213947,4.0,0
29,9,Skai Jackson,Actor/Actress,28.9998,0.1526,0.15108204,0.05,0,10,3.0,5.0,8.0,4.0,0,15.025865392188157,15.108204664761004,30.134070056949163,3.0,0
29,10,Johnny Weir,Athlete,28.5,0.1162,0.10766731,0.08,1,10,4.0,6.0,10.0,6.0,1,16.379310344827587,10.766730461663478,27.146040806491065,6.0,1
29,10,Justina Machado,Actor/Actress,29.0,0.1919,0.1911975,0.05,0,99,3.0,3.0,6.0,3.0,0,16.666666666666664,19.11974904401255,35.786415710679215,3.0,0
29,10,Kaitlyn Bristowe,TV Personality,30.0,0.1919,0.20441157,0.05,0,99,1.0,1.0,2.0,1.0,0,17.24137931034483,20.441155977942202,37.68253528828703,1.0,0
29,10,Nelly,Singer/Rapper,28.0,0.1919,0.1928445,0.05,0,99,6.0,2.0,8.0,4.0,0,16.091954022988507,19.284449035777552,35.37640305876606,4.0,0
29,10,Nev Schulman,Producer,30.0,0.1919,0.1892037,0.05,0,99,1.0,4.0,5.0,2.0,0,17.24137931034483,18.92036905398155,36.16174836432638,2.0,0
29,10,Skai Jackson,Actor/Actress,28.5,0.1162,0.11467547,0.08,1,10,4.0,5.0,9.0,5.0,0,16.379310344827587,11.467546426622679,27.846856771450266,5.0,0
29,11,Justina Machado,Actor/Actress,30.0,0.2714,0.25996637,0.05,0,99,1.0,2.0,3.0,1.0,0,25.31645569620253,25.996637779899135,51.31309347610167,1.0,0
29,11,Kaitlyn Bristowe,TV Personality,30.0,0.2693,0.240205,0.05,0,99,1.0,3.0,4.0,2.0,0,25.31645569620253,24.020500720615022,49.33695641681756,3.0,0
29,11,Nelly,Singer/Rapper,28.5,0.2782,0.2682142,0.05,0,99,4.0,1.0,5.0,3.0,1,24.050632911392405,26.821420804642628,50.87205371603503,2.0,0
29,11,Nev Schulman,Producer,30.0,0.1812,0.2316144,0.05,0,99,1.0,4.0,5.0,3.0,1,25.31645569620253,23.161440694843222,48.47789639104575,4.0,1
30,1,Amanda Kloots,TV Personality,28.0,0.0678,0.06544546,0.05,0,99,2.0,12.0,14.0,5.0,0,7.650273224043716,6.544545947643632,14.19481917168735,4.0,0
30,1,Brian Austin Green,Actor/Actress,24.0,0.0725,0.06979379,0.05,0,4,9.0,8.0,17.0,9.0,0,6.557377049180328,6.979378944164968,13.536755993345295,8.0,0
30,1,Christine Chiu,TV Personality,25.0,0.0678,0.065853626,0.05,0,3,7.0,11.0,18.0,10.0,0,6.830601092896176,6.5853625473171,13.415963640213276,11.0,0
30,1,Cody Rigsby,Fitness Instructor,24.0,0.0146,0.033946108,0.05,0,99,9.0,15.0,24.0,15.0,1,6.557377049180328,3.3946107728431136,9.951987822023442,15.0,1
30,1,Iman Shumpert,Athlete,21.0,0.0678,0.07049889,0.05,0,99,14.0,5.0,19.0,12.0,0,5.737704918032787,7.049888943600887,12.787593861633674,13.0,0
30,1,Jimmie Allen,Singer/Rapper,22.0,0.0765,0.07442332,0.05,0,8,13.0,1.0,14.0,5.0,0,6.0109289617486334,7.442331940461344,13.453260902209976,10.0,0
30,1,JoJo Siwa,Social Media Personality,29.0,0.0678,0.06406977,0.05,0,99,1.0,13.0,14.0,5.0,0,7.923497267759563,6.406976948744185,14.330474216503749,3.0,0
30,1,Kenya Moore,TV Personality,26.0,0.0678,0.067709565,0.05,0,6,5.0,10.0,15.0,8.0,0,7.103825136612022,6.770956445832349,13.87478158244437,6.0,0
30,1,Martin Kove,Actor/Actress,13.0,0.0741,0.07081037,0.05,0,2,15.0,4.0,19.0,12.0,0,3.551912568306011,7.0810369433517035,10.632949511657714,14.0,0
30,1,Matt James,Athlete,24.0,0.0678,0.07110196,0.05,0,4,9.0,3.0,12.0,4.0,0,6.557377049180328,7.110195943118433,13.667572992298762,7.0,0
30,1,Melanie C,Singer/Rapper,27.0,0.0777,0.07282958,0.05,0,5,4.0,2.0,6.0,1.0,0,7.377049180327869,7.2829579417363375,14.660007122064206,1.0,0
30,1,Melora Hardin,Actor/Actress,26.0,0.0711,0.070241034,0.05,0,9,5.0,6.0,11.0,3.0,0,7.103825136612022,7.024103343807172,14.127928480419193,5.0,0
30,1,"Mike ""The Miz"" Mizanin",Athlete,24.0,0.069,0.06973053,0.05,0,7,9.0,9.0,18.0,10.0,0,6.557377049180328,6.973052944215577,13.530429993395906,9.0,0
30,1,Olivia Jade,Social Media Personality,25.0,0.0678,0.063703895,0.05,0,8,7.0,14.0,21.0,14.0,0,6.830601092896176,6.3703894490368835,13.20099054193306,12.0,0
30,1,Suni Lee,Athlete,28.0,0.0699,0.06984211,0.05,0,9,2.0,7.0,9.0,2.0,0,7.650273224043716,6.984210944126312,14.63448416817003,2.0,0
30,2,Amanda Kloots,TV Personality,32.0,0.0686,0.06875038,0.05,0,99,1.0,9.0,10.0,3.0,0,8.311688311688311,6.87503833000184,15.18672664169015,1.0,0
30,2,Brian Austin Green,Actor/Actress,23.0,0.0739,0.0721037,0.05,0,4,13.0,6.0,19.0,11.0,0,5.974025974025974,7.210370346097777,13.184396320123751,10.0,0
30,2,Christine Chiu,TV Personality,24.0,0.0686,0.06790766,0.05,0,3,10.0,11.0,21.0,13.0,0,6.233766233766234,6.790766325956783,13.024532559723017,12.0,0
30,2,Cody Rigsby,Fitness Instructor,24.0,0.0686,0.062336013,0.05,0,99,10.0,14.0,24.0,14.0,0,6.233766233766234,6.233601599212877,12.46736783297911,14.0,0
30,2,Iman Shumpert,Athlete,25.0,0.0686,0.073218815,0.05,0,99,9.0,3.0,12.0,5.0,0,6.493506493506493,7.321881851450329,13.815388344956823,8.0,0
30,2,Jimmie Allen,Singer/Rapper,27.0,0.0771,0.07571801,0.05,0,8,5.0,1.0,6.0,2.0,0,7.012987012987012,7.571801363446465,14.584788376433476,3.0,0
30,2,JoJo Siwa,Social Media Personality,31.0,0.0686,0.065289296,0.05,0,99,2.0,13.0,15.0,7.0,0,8.051948051948052,6.528929913388636,14.580877965336688,4.0,0
30,2,Kenya Moore,TV Personality,24.0,0.0686,0.06861471,0.05,0,6,10.0,10.0,20.0,12.0,0,6.233766233766234,6.861471329350623,13.095237563116857,11.0,0
30,2,Martin Kove,Actor/Actress,15.0,0.0153,0.017536948,0.08,1,2,15.0,15.0,30.0,15.0,1,3.896103896103896,1.7536948841773543,5.64979878028125,15.0,1
30,2,Matt James,Athlete,22.0,0.0686,0.072448224,0.05,0,4,14.0,4.0,18.0,10.0,0,5.714285714285714,7.244822747751492,12.959108462037207,13.0,0
30,2,Melanie C,Singer/Rapper,30.0,0.0746,0.07323312,0.05,0,5,3.0,2.0,5.0,1.0,0,7.792207792207792,7.323312351518993,15.115520143726785,2.0,0
30,2,Melora Hardin,Actor/Actress,27.0,0.071,0.07212042,0.05,0,9,5.0,5.0,10.0,3.0,0,7.012987012987012,7.212042346178032,14.225029359165045,6.0,0
30,2,"Mike ""The Miz"" Mizanin",Athlete,26.0,0.0686,0.071995236,0.05,0,7,8.0,7.0,15.0,7.0,0,6.753246753246753,7.199523945577149,13.952770698823901,7.0,0
30,2,Olivia Jade,Social Media Personality,27.0,0.0686,0.06729724,0.05,0,8,5.0,12.0,17.0,9.0,0,7.012987012987012,6.729724323026767,13.74271133601378,9.0,0
30,2,Suni Lee,Athlete,28.0,0.0705,0.07143018,0.05,0,9,4.0,8.0,12.0,5.0,0,7.2727272727272725,7.14301834286488,14.415745615592153,5.0,0
30,3,Amanda Kloots,TV Personality,24.0,0.0722,0.07144541,0.05,0,99,1.0,11.0,12.0,5.0,0,8.053691275167784,7.144541564418782,15.198232839586566,4.0,0
30,3,Brian Austin Green,Actor/Actress,19.0,0.0801,0.077241845,0.05,0,4,12.0,5.0,17.0,12.0,0,6.375838926174497,7.724185110210622,14.100024036385118,12.0,0
30,3,Christine Chiu,TV Personality,21.0,0.0183,0.02069935,0.08,1,3,7.0,14.0,21.0,13.0,0,7.046979865771812,2.0699351635248773,9.116915029296688,14.0,1
30,3,Cody Rigsby,Fitness Instructor,18.0,0.0722,0.07085888,0.05,0,99,14.0,12.0,26.0,14.0,1,6.0402684563758395,7.085888559785196,13.126157016161034,13.0,0
30,3,Iman Shumpert,Athlete,19.0,0.0731,0.07743899,0.05,0,99,12.0,4.0,16.0,10.0,0,6.375838926174497,7.743899611768068,14.119738537942565,11.0,0
30,3,Jimmie Allen,Singer/Rapper,20.0,0.0833,0.081815496,0.05,0,8,10.0,2.0,12.0,5.0,0,6.7114093959731544,8.181550246342468,14.892959642315622,6.0,0
30,3,JoJo Siwa,Social Media Personality,24.0,0.0722,0.064928964,0.05,0,99,1.0,13.0,14.0,8.0,0,8.053691275167784,6.492896912938856,14.54658818810664,8.0,0
30,3,Kenya Moore,TV Personality,21.0,0.0722,0.074408434,0.05,0,6,7.0,8.0,15.0,9.0,0,7.046979865771812,7.440843987826673,14.487823853598485,9.0,0
30,3,Matt James,Athlete,20.0,0.0728,0.07835661,0.05,0,4,10.0,3.0,13.0,7.0,0,6.7114093959731544,7.835661619017266,14.54707101499042,7.0,0
30,3,Melanie C,Singer/Rapper,22.0,0.0832,0.08271508,0.05,0,5,5.0,1.0,6.0,1.0,0,7.38255033557047,8.271508653449182,15.654058989019653,1.0,0
30,3,Melora Hardin,Actor/Actress,23.0,0.0785,0.076939,0.05,0,9,4.0,7.0,11.0,2.0,0,7.718120805369128,7.693900607818146,15.412021413187274,2.0,0
30,3,"Mike ""The Miz"" Mizanin",Athlete,22.0,0.0764,0.076988496,0.05,0,7,5.0,6.0,11.0,2.0,0,7.38255033557047,7.698850208209166,15.081400543779637,5.0,0
30,3,Olivia Jade,Social Media Personality,24.0,0.0722,0.07193309,0.05,0,8,1.0,10.0,11.0,2.0,0,8.053691275167784,7.193309568271456,15.24700084343924,3.0,0
30,3,Suni Lee,Athlete,21.0,0.0734,0.074230276,0.05,0,9,7.0,9.0,16.0,10.0,0,7.046979865771812,7.423028186419225,14.470008052191037,10.0,0
30,4,Amanda Kloots,TV Personality,34.0,0.0851,0.08245796,0.05,0,99,4.0,7.0,11.0,5.0,0,8.15347721822542,8.245795579464426,16.399272797689846,8.0,0
30,4,Brian Austin Green,Actor/Actress,26.0,0.0287,0.025887389,0.08,1,4,13.0,13.0,26.0,13.0,1,6.235011990407674,2.588738767974323,8.823750758381998,13.0,1
30,4,Cody Rigsby,Fitness Instructor,29.0,0.0851,0.08218811,0.05,0,99,11.0,8.0,19.0,10.0,0,6.954436450839328,8.21881058084066,15.173247031679988,11.0,0
30,4,Iman Shumpert,Athlete,31.5,0.0851,0.08692407,0.05,0,99,9.0,4.0,13.0,8.0,0,7.553956834532374,8.692406556687267,16.246363391219642,9.0,0
30,4,Jimmie Allen,Singer/Rapper,32.5,0.0881,0.094758816,0.05,0,8,7.0,1.0,8.0,2.0,0,7.793764988009593,9.475881116730063,17.269646104739657,3.0,0
30,4,JoJo Siwa,Social Media Personality,35.0,0.0851,0.08165762,0.05,0,99,2.0,11.0,13.0,8.0,0,8.393285371702639,8.165761583546159,16.559046955248796,6.0,0
30,4,Kenya Moore,TV Personality,29.5,0.0851,0.08183731,0.05,0,6,10.0,10.0,20.0,11.0,0,7.074340527577938,8.18373058262974,15.258071110207679,10.0,0
30,4,Matt James,Athlete,28.5,0.0287,0.02985383,0.08,1,4,12.0,12.0,24.0,12.0,0,6.83453237410072,2.9853828477454747,9.819915221846195,12.0,0
30,4,Melanie C,Singer/Rapper,33.0,0.0871,0.09393923,0.05,0,5,6.0,2.0,8.0,2.0,0,7.913669064748201,9.393922520909952,17.30759158565815,2.0,0
30,4,Melora Hardin,Actor/Actress,36.5,0.0866,0.08721861,0.05,0,9,1.0,3.0,4.0,1.0,0,8.752997601918464,8.721860555185113,17.474858157103576,1.0,0
30,4,"Mike ""The Miz"" Mizanin",Athlete,32.5,0.0851,0.086686246,0.05,0,7,7.0,5.0,12.0,7.0,0,7.793764988009593,8.668624157900167,16.46238914590976,7.0,0
30,4,Olivia Jade,Social Media Personality,35.0,0.0851,0.08184171,0.05,0,8,2.0,9.0,11.0,5.0,0,8.393285371702639,8.184170582607301,16.57745595430994,5.0,0
30,4,Suni Lee,Athlete,34.0,0.0851,0.08474915,0.05,0,9,4.0,6.0,10.0,4.0,0,8.15347721822542,8.474914567779358,16.628391786004777,4.0,0
30,5,Amanda Kloots,TV Personality,39.0,0.0956,0.09174418,0.05,0,99,2.0,9.0,11.0,5.0,0,10.129870129870131,9.174418302755804,19.304288432625935,3.0,0
30,5,Cody Rigsby,Fitness Instructor,32.0,0.0956,0.09102199,0.05,0,99,9.0,10.0,19.0,11.0,1,8.311688311688311,9.102199300372577,17.41388761206089,9.0,0
30,5,Iman Shumpert,Athlete,28.0,0.097,0.099788144,0.05,0,99,11.0,2.0,13.0,9.0,0,7.2727272727272725,9.978814729300886,17.25154200202816,10.0,0
30,5,Jimmie Allen,Singer/Rapper,34.0,0.1006,0.0991333,0.05,0,8,8.0,4.0,12.0,7.0,0,8.831168831168831,9.913330327139901,18.744499158308734,6.0,0
30,5,JoJo Siwa,Social Media Personality,40.0,0.0956,0.09497868,0.05,0,99,1.0,7.0,8.0,2.0,0,10.38961038961039,9.497868313429654,19.887478703040046,1.0,0
30,5,Kenya Moore,TV Personality,36.0,0.0956,0.09178263,0.05,0,6,3.0,8.0,11.0,5.0,0,9.35064935064935,9.17826330288269,18.52891265353204,7.0,0
30,5,Melanie C,Singer/Rapper,36.0,0.0376,0.039420668,0.08,1,5,3.0,11.0,14.0,10.0,0,9.35064935064935,3.9420669300882087,13.292716280737558,11.0,1
30,5,Melora Hardin,Actor/Actress,36.0,0.0956,0.10036595,0.05,0,9,3.0,1.0,4.0,1.0,0,9.35064935064935,10.036595331207646,19.387244681857,2.0,0
30,5,"Mike ""The Miz"" Mizanin",Athlete,32.0,0.0956,0.099710785,0.05,0,7,9.0,3.0,12.0,7.0,0,8.311688311688311,9.971078829045602,18.282767140733913,8.0,0
30,5,Olivia Jade,Social Media Personality,36.0,0.0956,0.09508609,0.05,0,8,3.0,6.0,9.0,4.0,0,9.35064935064935,9.508609313784108,18.859258664433458,5.0,0
30,5,Suni Lee,Athlete,36.0,0.0956,0.09696755,0.05,0,9,3.0,5.0,8.0,2.0,0,9.35064935064935,9.696755319992926,19.047404670642276,4.0,0
30,6,Amanda Kloots,TV Personality,38.0,0.1035,0.10819123,0.05,0,99,3.0,3.0,6.0,2.0,0,10.43956043956044,10.819122653788076,21.258683093348516,3.0,0
30,6,Cody Rigsby,Fitness Instructor,36.0,0.1035,0.10249014,0.05,0,99,5.0,7.0,12.0,7.0,0,9.89010989010989,10.249013672031563,20.139123562141453,8.0,0
30,6,Iman Shumpert,Athlete,40.0,0.1055,0.10539174,0.05,0,99,1.0,6.0,7.0,3.0,0,10.989010989010989,10.539173662746443,21.52818465175743,2.0,0
30,6,Jimmie Allen,Singer/Rapper,38.0,0.114,0.112961225,0.05,0,8,3.0,1.0,4.0,1.0,0,10.43956043956044,11.29612213852409,21.73568257808453,1.0,0
30,6,JoJo Siwa,Social Media Personality,40.0,0.1035,0.10191066,0.05,0,99,1.0,8.0,9.0,4.0,0,10.989010989010989,10.191065673885898,21.180076662896887,4.0,0
30,6,Kenya Moore,TV Personality,32.0,0.0441,0.046188667,0.08,1,6,10.0,10.0,20.0,10.0,1,8.791208791208792,4.618866552196271,13.410075343405062,10.0,1
30,6,Melora Hardin,Actor/Actress,34.0,0.1124,0.108907595,0.05,0,9,8.0,2.0,10.0,5.0,0,9.340659340659341,10.890759151495708,20.23141849215505,6.0,0
30,6,"Mike ""The Miz"" Mizanin",Athlete,34.0,0.1045,0.10802303,0.05,0,7,8.0,4.0,12.0,7.0,0,9.340659340659341,10.802302654326317,20.142961994985658,7.0,0
30,6,Olivia Jade,Social Media Personality,36.0,0.1035,0.10003437,0.05,0,8,5.0,9.0,14.0,9.0,0,9.89010989010989,10.003436679890026,19.893546569999916,9.0,0
30,6,Suni Lee,Athlete,36.0,0.1055,0.105901375,0.05,0,9,5.0,5.0,10.0,5.0,0,9.89010989010989,10.590137161115612,20.480247051225504,5.0,0
30,7,Amanda Kloots,TV Personality,34.0,0.1154,0.11842401,0.05,0,99,6.0,3.0,9.0,4.0,0,10.397553516819572,11.842400467091977,22.239953983911548,7.0,0
30,7,Cody Rigsby,Fitness Instructor,36.0,0.1154,0.114825845,0.05,0,99,5.0,6.0,11.0,7.0,0,11.009174311926607,11.48258398328372,22.491758295210325,5.0,0
30,7,Iman Shumpert,Athlete,34.0,0.1157,0.120565586,0.05,0,99,6.0,2.0,8.0,3.0,0,10.397553516819572,12.056558057454886,22.454111574274457,6.0,0
30,7,Jimmie Allen,Singer/Rapper,38.0,0.1309,0.12765808,0.05,0,8,3.0,1.0,4.0,1.0,0,11.62079510703364,12.765807425538664,24.386602532572304,1.0,0
30,7,JoJo Siwa,Social Media Personality,39.0,0.1154,0.11428372,0.05,0,99,2.0,7.0,9.0,4.0,0,11.926605504587156,11.428371485723282,23.35497699031044,4.0,0
30,7,Melora Hardin,Actor/Actress,38.0,0.1225,0.11786389,0.05,0,9,3.0,4.0,7.0,2.0,0,11.62079510703364,11.786388469612517,23.407183576646155,3.0,0
30,7,"Mike ""The Miz"" Mizanin",Athlete,32.0,0.054,0.05794013,0.08,1,7,9.0,9.0,18.0,9.0,1,9.785932721712538,5.794012739269426,15.579945460981964,9.0,1
30,7,Olivia Jade,Social Media Personality,42.0,0.1154,0.11262681,0.05,0,8,1.0,8.0,9.0,4.0,0,12.844036697247708,11.262680493179374,24.106717190427084,2.0,0
30,7,Suni Lee,Athlete,34.0,0.1154,0.115811974,0.05,0,9,6.0,5.0,11.0,7.0,0,10.397553516819572,11.581196878846137,21.97875039566571,8.0,0
30,8,Amanda Kloots,TV Personality,42.0,0.1413,0.13453253,0.05,0,99,1.0,6.0,7.0,3.0,0,13.636363636363635,13.453253000000002,27.089616636363637,3.0,0
30,8,Cody Rigsby,Fitness Instructor,38.0,0.1413,0.1407209,0.05,0,99,5.0,2.0,7.0,3.0,0,12.337662337662337,14.072090000000001,26.40975233766234,5.0,0
30,8,Iman Shumpert,Athlete,35.0,0.1413,0.14044297,0.05,0,99,7.0,3.0,10.0,6.0,0,11.363636363636363,14.044297,25.407933363636364,6.0,0
30,8,Jimmie Allen,Singer/Rapper,32.0,0.0748,0.0737085,0.08,1,8,8.0,8.0,16.0,8.0,1,10.38961038961039,7.37085,17.76046038961039,8.0,1
30,8,JoJo Siwa,Social Media Personality,41.0,0.1413,0.13565978,0.05,0,99,4.0,4.0,8.0,5.0,0,13.311688311688311,13.565978000000001,26.877666311688312,4.0,0
30,8,Melora Hardin,Actor/Actress,42.0,0.1437,0.14106514,0.05,0,9,1.0,1.0,2.0,1.0,0,13.636363636363635,14.106514,27.742877636363637,1.0,0
30,8,Olivia Jade,Social Media Personality,36.0,0.0748,0.09867948,0.08,1,8,6.0,7.0,13.0,7.0,0,11.688311688311687,9.867948,21.556259688311687,7.0,0
30,8,Suni Lee,Athlete,42.0,0.1413,0.1351907,0.05,0,9,1.0,5.0,6.0,2.0,0,13.636363636363635,13.51907,27.155433636363632,2.0,0
30,9,Amanda Kloots,TV Personality,39.5,0.1919,0.19616424,0.05,0,99,2.0,1.0,3.0,1.0,0,17.47787610619469,19.616423313425187,37.09429941961987,1.0,0
30,9,Cody Rigsby,Fitness Instructor,35.5,0.1919,0.17953137,0.05,0,99,6.0,4.0,10.0,5.0,0,15.70796460176991,17.95313637164023,33.66110097341014,4.0,0
30,9,Iman Shumpert,Athlete,37.5,0.1919,0.19533183,0.05,0,99,3.0,2.0,5.0,3.0,0,16.5929203539823,19.533182316338625,36.126102670320925,3.0,0
30,9,JoJo Siwa,Social Media Personality,40.0,0.1919,0.18851462,0.05,0,99,1.0,3.0,4.0,2.0,0,17.699115044247787,18.851461340198856,36.55057638444664,2.0,0
30,9,Melora Hardin,Actor/Actress,36.0,0.1162,0.11967668,0.08,1,9,5.0,6.0,11.0,6.0,1,15.929203539823009,11.967667581131638,27.896871120954646,6.0,1
30,9,Suni Lee,Athlete,37.5,0.1162,0.120781295,0.08,1,9,3.0,5.0,8.0,4.0,0,16.5929203539823,12.078129077265483,28.671049431247784,5.0,0
30,10,Amanda Kloots,TV Personality,39.0,0.2677,0.2668456,0.05,0,99,3.0,2.0,5.0,2.0,0,24.840764331210192,26.684560533691208,51.5253248649014,2.0,0
30,10,Cody Rigsby,Fitness Instructor,38.0,0.2677,0.26402876,0.05,0,99,4.0,3.0,7.0,4.0,1,24.203821656050955,26.40287652805753,50.60669818410848,3.0,0
30,10,Iman Shumpert,Athlete,40.0,0.2848,0.28024518,0.05,0,99,1.0,1.0,2.0,1.0,0,25.477707006369428,28.024518560490367,53.50222556685979,1.0,0
30,10,JoJo Siwa,Social Media Personality,40.0,0.1798,0.18888044,0.05,0,99,1.0,4.0,5.0,2.0,0,25.477707006369428,18.888044377760888,44.36575138413032,4.0,1
31,1,Charli D'Amelio,Social Media Personality,32.0,0.0636,0.061667755,0.05,0,99,1.0,13.0,14.0,8.0,0,8.37696335078534,6.166775475332898,14.543738826118238,1.0,0
31,1,Cheryl Ladd,Actor/Actress,21.0,0.068,0.06895893,0.05,0,3,10.0,3.0,13.0,3.0,0,5.49738219895288,6.895892972416427,12.393275171369307,11.0,0
31,1,Daniel Durant,Actor/Actress,27.0,0.0682,0.065594174,0.05,0,9,6.0,7.0,13.0,3.0,0,7.068062827225131,6.55941737376233,13.627480200987462,6.0,0
31,1,Gabby Windey,TV Personality,28.0,0.0636,0.06407225,0.05,0,99,3.0,10.0,13.0,3.0,0,7.329842931937172,6.4072249743711,13.737067906308273,4.0,0
31,1,Heidi D'Amelio,Social Media Personality,24.0,0.0636,0.061825752,0.05,0,8,8.0,12.0,20.0,12.0,0,6.282722513089005,6.182575175269698,12.465297688358703,10.0,0
31,1,Jason Lewis,Actor/Actress,18.0,0.0112,0.015710782,0.08,1,1,15.0,16.0,31.0,16.0,1,4.712041884816754,1.571078193715687,6.283120078532441,16.0,1
31,1,Jessie James Decker,Singer/Rapper,20.0,0.0718,0.0730926,0.05,0,6,12.0,1.0,13.0,3.0,0,5.2356020942408374,7.309259970762959,12.544862065003796,9.0,0
31,1,Jordin Sparks,Singer/Rapper,26.0,0.0708,0.07174993,0.05,0,7,7.0,2.0,9.0,1.0,0,6.806282722513089,7.1749929713000276,13.981275693813117,3.0,0
31,1,Joseph Baena,Actor/Actress,23.0,0.0679,0.068715446,0.05,0,5,9.0,4.0,13.0,3.0,0,6.020942408376963,6.871544572513821,12.892486980890784,8.0,0
31,1,Sam Champion,News Anchor,20.0,0.0636,0.061276782,0.05,0,4,12.0,14.0,26.0,15.0,0,5.2356020942408374,6.127678175489287,11.363280269730124,14.0,0
31,1,Selma Blair,Actor/Actress,28.0,0.0668,0.06674011,0.05,0,98,3.0,6.0,9.0,1.0,0,7.329842931937172,6.6740109733039565,14.00385390524113,2.0,0
31,1,Shangela,TV Personality,28.0,0.0636,0.06349447,0.05,0,99,3.0,11.0,14.0,8.0,0,7.329842931937172,6.349446974602212,13.679289906539385,5.0,0
31,1,Teresa Giudice,TV Personality,20.0,0.0636,0.06511429,0.05,0,2,12.0,8.0,20.0,12.0,0,5.2356020942408374,6.511428973954284,11.74703106819512,13.0,0
31,1,Trevor Donovan,Actor/Actress,21.0,0.0665,0.067976385,0.05,0,9,10.0,5.0,15.0,10.0,0,5.49738219895288,6.797638472809446,12.295020671762327,12.0,0
31,1,Vinny Guadagnino,TV Personality,17.0,0.0636,0.06431646,0.05,0,8,16.0,9.0,25.0,14.0,0,4.450261780104712,6.431645974273416,10.881907754378128,15.0,0
31,1,Wayne Brady,Comedian,29.0,0.0636,0.059693888,0.05,0,99,2.0,15.0,17.0,11.0,0,7.591623036649215,5.969388776122445,13.56101181277166,7.0,0
31,2,Charli D'Amelio,Social Media Personality,32.0,0.0682,0.06625014,0.05,0,99,1.0,13.0,14.0,6.0,0,7.766990291262135,6.625013019498073,14.39200331076021,3.0,0
31,2,Cheryl Ladd,Actor/Actress,21.0,0.0685,0.07286807,0.05,0,3,15.0,4.0,19.0,13.0,0,5.097087378640777,7.286805921552722,12.383893300193499,14.0,0
31,2,Daniel Durant,Actor/Actress,29.0,0.0714,0.06833206,0.05,0,9,5.0,10.0,15.0,7.0,0,7.038834951456311,6.833204988685661,13.87203994014197,6.0,0
31,2,Gabby Windey,TV Personality,32.0,0.0682,0.06793565,0.05,0,99,1.0,11.0,12.0,3.0,0,7.766990291262135,6.793563994552529,14.560554285814664,2.0,0
31,2,Heidi D'Amelio,Social Media Personality,28.0,0.0682,0.068425156,0.05,0,8,6.0,9.0,15.0,7.0,0,6.796116504854369,6.842514587307841,13.63863109216221,9.0,0
31,2,Jessie James Decker,Singer/Rapper,25.0,0.0744,0.07632577,0.05,0,6,12.0,1.0,13.0,5.0,0,6.067961165048544,7.632575870378772,13.700537035427317,8.0,0
31,2,Jordin Sparks,Singer/Rapper,27.0,0.0761,0.07521343,0.05,0,7,9.0,2.0,11.0,2.0,0,6.553398058252427,7.5213418868414,14.074739945093828,5.0,0
31,2,Joseph Baena,Actor/Actress,24.0,0.0746,0.07241971,0.05,0,5,13.0,5.0,18.0,11.0,0,5.825242718446602,7.241969928188451,13.067212646635053,13.0,0
31,2,Sam Champion,News Anchor,26.0,0.0682,0.06855025,0.05,0,4,11.0,8.0,19.0,13.0,0,6.310679611650485,6.855023985456449,13.165703597106933,12.0,0
31,2,Selma Blair,Actor/Actress,28.0,0.069,0.07053076,0.05,0,98,6.0,6.0,12.0,3.0,0,6.796116504854369,7.053074956144906,13.849191460999275,7.0,0
31,2,Shangela,TV Personality,28.0,0.0682,0.067421004,0.05,0,99,6.0,12.0,18.0,11.0,0,6.796116504854369,6.7420994021692895,13.538215907023659,11.0,0
31,2,Teresa Giudice,TV Personality,23.0,0.015,0.016641552,0.08,1,2,14.0,15.0,29.0,15.0,1,5.582524271844661,1.664154953705067,7.246679225549728,15.0,1
31,2,Trevor Donovan,Actor/Actress,30.0,0.0733,0.07364234,0.05,0,9,4.0,3.0,7.0,1.0,0,7.281553398058252,7.36423291009353,14.64578630815178,1.0,0
31,2,Vinny Guadagnino,TV Personality,27.0,0.0682,0.069850996,0.05,0,8,9.0,7.0,16.0,10.0,0,6.553398058252427,6.985098566205412,13.538496624457839,10.0,0
31,2,Wayne Brady,Comedian,32.0,0.0682,0.06559326,0.05,0,99,1.0,14.0,15.0,7.0,0,7.766990291262135,6.559325029219895,14.326315320482031,4.0,0
31,3,Charli D'Amelio,Social Media Personality,33.0,0.0732,0.072905034,0.05,0,99,1.0,10.0,11.0,5.0,0,8.188585607940446,7.290503028184345,15.479088636124791,3.0,0
31,3,Cheryl Ladd,Actor/Actress,24.0,0.019,0.021216726,0.08,1,3,13.0,14.0,27.0,14.0,1,5.955334987593052,2.121672491794703,8.077007479387756,14.0,1
31,3,Daniel Durant,Actor/Actress,31.0,0.0775,0.07732702,0.05,0,9,5.0,3.0,8.0,1.0,0,7.6923076923076925,7.732701605632218,15.42500929793991,4.0,0
31,3,Gabby Windey,TV Personality,33.0,0.0732,0.07568378,0.05,0,99,1.0,7.0,8.0,1.0,0,8.188585607940446,7.568377614012742,15.756963221953189,1.0,0
31,3,Heidi D'Amelio,Social Media Personality,32.0,0.0732,0.071406536,0.05,0,8,4.0,12.0,16.0,10.0,0,7.94044665012407,7.140653235826686,15.081099885950756,6.0,0
31,3,Jessie James Decker,Singer/Rapper,26.0,0.0821,0.08285574,0.05,0,6,11.0,1.0,12.0,7.0,0,6.451612903225806,8.285573577435747,14.737186480661553,8.0,0
31,3,Jordin Sparks,Singer/Rapper,29.0,0.0802,0.07890043,0.05,0,7,7.0,2.0,9.0,3.0,0,7.196029776674938,7.8900425976078274,15.086072374282764,5.0,0
31,3,Joseph Baena,Actor/Actress,29.0,0.0763,0.07718417,0.05,0,5,7.0,4.0,11.0,5.0,0,7.196029776674938,7.718416606360752,14.91444638303569,7.0,0
31,3,Sam Champion,News Anchor,25.0,0.0732,0.07326471,0.05,0,4,12.0,8.0,20.0,12.0,0,6.20347394540943,7.326470626349997,13.529944571759426,12.0,0
31,3,Selma Blair,Actor/Actress,28.0,0.0743,0.07590698,0.05,0,98,9.0,6.0,15.0,8.0,0,6.9478908188585615,7.590697612874421,14.538588431732983,10.0,0
31,3,Shangela,TV Personality,30.0,0.0732,0.07103747,0.05,0,99,6.0,13.0,19.0,11.0,0,7.444168734491314,7.103746637708921,14.547915372200237,9.0,0
31,3,Trevor Donovan,Actor/Actress,27.0,0.0786,0.07649812,0.05,0,9,10.0,5.0,15.0,8.0,0,6.699751861042183,7.649811609859608,14.349563470901792,11.0,0
31,3,Vinny Guadagnino,TV Personality,23.0,0.0732,0.072838195,0.05,0,8,14.0,11.0,25.0,13.0,0,5.707196029776675,7.283819128525224,12.991015158301899,13.0,0
31,3,Wayne Brady,Comedian,33.0,0.0732,0.07297514,0.05,0,99,1.0,9.0,10.0,4.0,0,8.188585607940446,7.297513627826804,15.48609923576725,2.0,0
31,4,Charli D'Amelio,Social Media Personality,36.0,0.0787,0.07817492,0.05,0,99,1.0,11.0,12.0,6.0,0,8.780487804878048,7.81749236742214,16.59798017230019,4.0,0
31,4,Daniel Durant,Actor/Actress,29.0,0.0813,0.08300739,0.05,0,9,9.0,4.0,13.0,8.0,0,7.073170731707316,8.300739390134751,15.373910121842068,9.0,0
31,4,Gabby Windey,TV Personality,36.0,0.0787,0.08046471,0.05,0,99,1.0,6.0,7.0,2.0,0,8.780487804878048,8.046471378184155,16.8269591830622,2.0,0
31,4,Heidi D'Amelio,Social Media Personality,34.0,0.0787,0.07959288,0.05,0,8,4.0,8.0,12.0,6.0,0,8.292682926829269,7.959288374086554,16.251971300915823,5.0,0
31,4,Jessie James Decker,Singer/Rapper,31.0,0.0869,0.0860557,0.05,0,6,8.0,2.0,10.0,3.0,0,7.560975609756097,8.605570404461808,16.166546014217907,6.0,0
31,4,Jordin Sparks,Singer/Rapper,34.0,0.0885,0.08673334,0.05,0,7,4.0,1.0,5.0,1.0,0,8.292682926829269,8.673334407646719,16.966017334475985,1.0,0
31,4,Joseph Baena,Actor/Actress,28.0,0.0813,0.084926784,0.05,0,5,11.0,3.0,14.0,9.0,0,6.829268292682928,8.492678799155904,15.321947091838831,10.0,0
31,4,Sam Champion,News Anchor,25.0,0.0236,0.022500157,0.08,1,4,13.0,13.0,26.0,13.0,1,6.097560975609756,2.250015805750743,8.347576781360498,13.0,1
31,4,Selma Blair,Actor/Actress,32.0,0.0867,0.08256212,0.05,0,98,6.0,5.0,11.0,4.0,0,7.804878048780488,8.256212388041982,16.061090436822468,7.0,0
31,4,Shangela,TV Personality,32.0,0.0787,0.077383086,0.05,0,99,6.0,12.0,18.0,10.0,0,7.804878048780488,7.738308963700521,15.54318701248101,8.0,0
31,4,Trevor Donovan,Actor/Actress,28.0,0.0795,0.07994017,0.05,0,9,11.0,7.0,18.0,10.0,0,6.829268292682928,7.994017375718817,14.823285668401745,12.0,0
31,4,Vinny Guadagnino,TV Personality,29.0,0.0787,0.079438746,0.05,0,8,9.0,9.0,18.0,10.0,0,7.073170731707316,7.9438749733621234,15.017045705069439,11.0,0
31,4,Wayne Brady,Comedian,36.0,0.0787,0.07921995,0.05,0,99,1.0,10.0,11.0,4.0,0,8.780487804878048,7.9219953723337815,16.70248317721183,3.0,0
31,5,Charli D'Amelio,Social Media Personality,42.0,0.0861,0.088631645,0.05,0,99,1.0,4.0,5.0,1.0,0,9.364548494983277,8.863164508863164,18.22771300384644,1.0,0
31,5,Daniel Durant,Actor/Actress,33.5,0.0861,0.0883628,0.05,0,9,11.0,5.0,16.0,10.0,0,7.469342251950947,8.836280008836281,16.305622260787228,10.0,0
31,5,Gabby Windey,TV Personality,41.0,0.0861,0.08793617,0.05,0,99,2.0,7.0,9.0,4.0,0,9.141583054626533,8.793617008793616,17.935200063420147,2.0,0
31,5,Heidi D'Amelio,Social Media Personality,39.0,0.0861,0.084388696,0.05,0,8,5.0,10.0,15.0,8.0,0,8.695652173913043,8.43886960843887,17.13452178235191,7.0,0
31,5,Jessie James Decker,Singer/Rapper,36.0,0.0971,0.09343657,0.05,0,6,7.0,1.0,8.0,3.0,0,8.02675585284281,9.343657009343657,17.370412862186466,5.0,0
31,5,Jordin Sparks,Singer/Rapper,35.5,0.0922,0.09267214,0.05,0,7,9.0,2.0,11.0,6.0,0,7.915273132664437,9.267214009267214,17.182487141931652,6.0,0
31,5,Joseph Baena,Actor/Actress,35.0,0.0298,0.033222128,0.08,1,5,10.0,12.0,22.0,11.0,0,7.803790412486064,3.3222128033222122,11.126003215808277,12.0,1
31,5,Selma Blair,Actor/Actress,40.0,0.0921,0.089284465,0.05,0,98,4.0,3.0,7.0,2.0,0,8.918617614269788,8.928446508928447,17.847064123198237,3.0,0
31,5,Shangela,TV Personality,38.5,0.0861,0.08460127,0.05,0,99,6.0,9.0,15.0,8.0,0,8.58416945373467,8.460127008460127,17.044296462194797,8.0,0
31,5,Trevor Donovan,Actor/Actress,36.0,0.0861,0.088128015,0.05,0,9,7.0,6.0,13.0,7.0,0,8.02675585284281,8.812801508812802,16.83955736165561,9.0,0
31,5,Vinny Guadagnino,TV Personality,31.0,0.0861,0.08330257,0.05,0,8,12.0,11.0,23.0,12.0,1,6.911928651059086,8.330257008330259,15.242185659389346,11.0,0
31,5,Wayne Brady,Comedian,41.0,0.0861,0.08603353,0.05,0,99,2.0,8.0,10.0,5.0,0,9.141583054626533,8.603353008603353,17.744936063229886,4.0,0
31,6,Charli D'Amelio,Social Media Personality,40.0,0.1045,0.108244985,0.05,0,99,1.0,4.0,5.0,2.0,0,11.594202898550725,10.824497893828118,22.418700792378843,1.0,0
31,6,Daniel Durant,Actor/Actress,34.0,0.1045,0.10484226,0.05,0,9,5.0,6.0,11.0,6.0,0,9.855072463768117,10.484225412883378,20.339297876651493,7.0,0
31,6,Gabby Windey,TV Personality,37.0,0.1045,0.11019388,0.05,0,99,2.0,2.0,4.0,1.0,0,10.72463768115942,11.019387382914307,21.744025064073725,2.0,0
31,6,Heidi D'Amelio,Social Media Personality,36.0,0.1045,0.10330967,0.05,0,8,3.0,8.0,11.0,6.0,0,10.434782608695652,10.330966421465881,20.765749030161533,5.0,0
31,6,Jessie James Decker,Singer/Rapper,32.0,0.045,0.043852124,0.08,1,6,9.0,10.0,19.0,9.0,1,9.27536231884058,4.385212154428119,13.6605744732687,10.0,1
31,6,Jordin Sparks,Singer/Rapper,34.0,0.1129,0.11152393,0.05,0,7,5.0,1.0,6.0,3.0,0,9.855072463768117,11.152392375466027,21.007464839234146,4.0,0
31,6,Shangela,TV Personality,36.0,0.1045,0.105981305,0.05,0,99,3.0,5.0,8.0,4.0,0,10.434782608695652,10.598129906504726,21.03291251520038,3.0,0
31,6,Trevor Donovan,Actor/Actress,34.0,0.1106,0.108359456,0.05,0,9,5.0,3.0,8.0,4.0,0,9.855072463768117,10.83594499318708,20.691017456955198,6.0,0
31,6,Vinny Guadagnino,TV Personality,28.0,0.1045,0.09906731,0.05,0,8,10.0,9.0,19.0,9.0,1,8.115942028985506,9.906730445223095,18.0226724742086,9.0,0
31,6,Wayne Brady,Comedian,34.0,0.1045,0.104625136,0.05,0,99,5.0,7.0,12.0,8.0,0,9.855072463768117,10.46251301409927,20.31758547786739,8.0,0
31,7,Charli D'Amelio,Social Media Personality,39.0,0.1158,0.11926008,0.05,0,99,1.0,3.0,4.0,2.0,0,11.981566820276496,11.926008417410296,23.907575237686792,2.0,0
31,7,Daniel Durant,Actor/Actress,36.5,0.1197,0.1213616,0.05,0,9,4.0,2.0,6.0,3.0,0,11.213517665130567,12.136160424765615,23.34967808989618,3.0,0
31,7,Gabby Windey,TV Personality,35.5,0.1158,0.11802593,0.05,0,99,6.0,5.0,11.0,6.0,0,10.906298003072196,11.80259341309077,22.708891416162967,6.0,0
31,7,Heidi D'Amelio,Social Media Personality,35.0,0.1158,0.11605703,0.05,0,8,7.0,6.0,13.0,7.0,0,10.75268817204301,11.60570340619962,22.35839157824263,7.0,0
31,7,Jordin Sparks,Singer/Rapper,34.5,0.0543,0.055476855,0.08,1,7,8.0,9.0,17.0,8.0,1,10.599078341013826,5.547685694168999,16.146764035182827,9.0,1
31,7,Shangela,TV Personality,36.5,0.1158,0.11901068,0.05,0,99,4.0,4.0,8.0,4.0,0,11.213517665130567,11.901068416537393,23.11458608166796,5.0,0
31,7,Trevor Donovan,Actor/Actress,39.0,0.131,0.12175662,0.05,0,9,1.0,1.0,2.0,1.0,0,11.981566820276496,12.175662426148184,24.15722924642468,1.0,0
31,7,Vinny Guadagnino,TV Personality,31.5,0.1158,0.11309158,0.05,0,8,9.0,8.0,17.0,8.0,1,9.67741935483871,11.309158395820544,20.986577750659254,8.0,0
31,7,Wayne Brady,Comedian,38.0,0.1158,0.11595959,0.05,0,99,3.0,7.0,10.0,5.0,0,11.674347158218126,11.59595940585858,23.270306564076705,4.0,0
31,8,Charli D'Amelio,Social Media Personality,45.0,0.1417,0.1386533,0.05,0,99,1.0,6.0,7.0,3.0,0,14.331210191082802,13.865330277306608,28.196540468389408,2.0,0
31,8,Daniel Durant,Actor/Actress,39.0,0.1417,0.14287257,0.05,0,9,5.0,2.0,7.0,3.0,0,12.420382165605096,14.287257285745147,26.707639451350243,6.0,0
31,8,Gabby Windey,TV Personality,40.0,0.1417,0.14180748,0.05,0,99,4.0,3.0,7.0,3.0,0,12.738853503184714,14.18074828361497,26.91960178679968,5.0,0
31,8,Heidi D'Amelio,Social Media Personality,35.0,0.075,0.07310395,0.08,1,8,7.0,8.0,15.0,7.0,1,11.146496815286625,7.310395146207904,18.456891961494527,7.0,0
31,8,Shangela,TV Personality,42.0,0.1417,0.14103281,0.05,0,99,3.0,4.0,7.0,3.0,0,13.375796178343949,14.103281282065627,27.479077460409577,3.0,0
31,8,Trevor Donovan,Actor/Actress,39.0,0.1417,0.15007995,0.05,0,9,5.0,1.0,6.0,1.0,0,12.420382165605096,15.007995300159907,27.428377465765003,4.0,0
31,8,Vinny Guadagnino,TV Personality,29.0,0.075,0.07372332,0.08,1,8,8.0,7.0,15.0,7.0,1,9.235668789808917,7.3723321474466434,16.60800093725556,8.0,1
31,8,Wayne Brady,Comedian,45.0,0.1417,0.1387266,0.05,0,99,1.0,5.0,6.0,1.0,0,14.331210191082802,13.872660277453209,28.20387046853601,1.0,0
31,9,Charli D'Amelio,Social Media Personality,40.0,0.1919,0.18933362,0.05,0,99,1.0,4.0,5.0,2.0,0,18.181818181818183,18.933361715999578,37.11517989781776,2.0,0
31,9,Daniel Durant,Actor/Actress,34.5,0.1162,0.11537231,0.08,1,9,5.0,6.0,11.0,5.0,1,15.681818181818183,11.537230826941538,27.219049008759722,5.0,0
31,9,Gabby Windey,TV Personality,40.0,0.1919,0.19617389,0.05,0,99,1.0,1.0,2.0,1.0,0,18.181818181818183,19.61738870573917,37.799206887557354,1.0,0
31,9,Shangela,TV Personality,36.5,0.1919,0.19056138,0.05,0,99,3.0,3.0,6.0,4.0,0,16.590909090909093,19.056137714157938,35.647046805067035,4.0,0
31,9,Trevor Donovan,Actor/Actress,32.5,0.1162,0.116674475,0.08,1,9,6.0,5.0,11.0,5.0,1,14.772727272727273,11.667447324988292,26.440174597715565,6.0,1
31,9,Wayne Brady,Comedian,36.5,0.1919,0.19188434,0.05,0,99,3.0,2.0,5.0,2.0,0,16.590909090909093,19.188433712173495,35.779342803082585,3.0,0
31,10,Charli D'Amelio,Social Media Personality,40.0,0.1835,0.18892805,0.05,0,99,1.0,4.0,5.0,2.0,0,25.64102564102564,18.89280481107195,44.53383045209759,4.0,1
31,10,Gabby Windey,TV Personality,40.0,0.2722,0.27152896,0.05,0,99,1.0,1.0,2.0,1.0,0,25.64102564102564,27.152895728471044,52.79392136949669,1.0,0
31,10,Shangela,TV Personality,38.0,0.2722,0.27079424,0.05,0,99,3.0,2.0,5.0,2.0,0,24.358974358974358,27.079423729205764,51.43839808818012,2.0,0
31,10,Wayne Brady,Comedian,38.0,0.2722,0.26874876,0.05,0,99,3.0,3.0,6.0,4.0,1,24.358974358974358,26.87487573125124,51.2338500902256,3.0,0
32,1,Adrian Peterson,Athlete,18.0,0.0735,0.07639436,0.05,0,4,5.0,7.0,12.0,6.0,0,7.792207792207792,7.639436343774636,15.431644135982427,6.0,0
32,1,Alyson Hannigan,Actor/Actress,13.0,0.0761,0.077049516,0.05,0,99,11.0,4.0,15.0,8.0,0,5.627705627705628,7.704951946722838,13.332657574428467,11.0,0
32,1,Ariana Madix,TV Personality,21.0,0.0735,0.073520124,0.05,0,99,2.0,11.0,13.0,7.0,0,9.090909090909092,7.352012730840574,16.442921821749664,3.0,0
32,1,Barry Williams,Actor/Actress,16.0,0.0772,0.077757284,0.05,0,8,8.0,2.0,10.0,3.0,0,6.926406926406926,7.775728749907794,14.70213567631472,8.0,0
32,1,Charity Lawson,TV Personality,22.0,0.0735,0.07442588,0.05,0,99,1.0,8.0,9.0,2.0,0,9.523809523809524,7.442588334916475,16.966397858725998,2.0,0
32,1,Harry Jowsey,TV Personality,12.0,0.0735,0.07357804,0.05,0,9,12.0,10.0,22.0,12.0,0,5.194805194805195,7.357804331101195,12.55260952590639,12.0,0
32,1,Jamie Lynn Spears,Actor/Actress,15.0,0.0772,0.076808386,0.05,0,2,9.0,6.0,15.0,8.0,0,6.493506493506493,7.6808389456377535,14.174345439144247,9.0,0
32,1,Jason Mraz,Singer/Rapper,21.0,0.0816,0.08052139,0.05,0,99,2.0,1.0,3.0,1.0,0,9.090909090909092,8.052139362346272,17.143048453255364,1.0,0
32,1,Lele Pons,Social Media Personality,19.0,0.0735,0.07230274,0.05,0,7,4.0,12.0,16.0,10.0,0,8.225108225108226,7.230274325362346,15.45538255047057,5.0,0
32,1,Matt Walsh,Comedian,12.0,0.0194,0.019032309,0.08,1,1,12.0,14.0,26.0,14.0,1,5.194805194805195,1.9032309856453946,7.098036180450589,14.0,1
32,1,Mauricio Umansky,TV Personality,15.0,0.0735,0.073858246,0.05,0,6,9.0,9.0,18.0,11.0,0,6.493506493506493,7.385824932362123,13.879331425868616,10.0,0
32,1,Mira Sorvino,Actor/Actress,17.0,0.0767,0.07759723,0.05,0,5,7.0,3.0,10.0,3.0,0,7.35930735930736,7.759723349187551,15.119030708494911,7.0,0
32,1,Tyson Beckford,Model,12.0,0.0735,0.070275284,0.05,0,3,12.0,13.0,25.0,13.0,0,5.194805194805195,7.027528716238791,12.222333911043986,13.0,0
32,1,Xochitl Gomez,Actor/Actress,18.0,0.077,0.076879166,0.05,0,99,5.0,5.0,10.0,3.0,0,7.792207792207792,7.687916945956264,15.480124738164056,4.0,0
32,2,Adrian Peterson,Athlete,15.0,0.0803,0.082080014,0.05,0,4,10.0,6.0,16.0,9.0,0,6.302521008403361,8.208001506704022,14.510522515107382,10.0,0
32,2,Alyson Hannigan,Actor/Actress,19.0,0.0803,0.08208895,0.05,0,99,6.0,5.0,11.0,4.0,0,7.9831932773109235,8.208895106715637,16.19208838402656,6.0,0
32,2,Ariana Madix,TV Personality,20.0,0.0803,0.079531804,0.05,0,99,5.0,9.0,14.0,7.0,0,8.403361344537815,7.953180503391348,16.356541847929165,5.0,0
32,2,Barry Williams,Actor/Actress,15.0,0.0856,0.08405311,0.05,0,8,10.0,2.0,12.0,6.0,0,6.302521008403361,8.405311109269046,14.707832117672407,9.0,0
32,2,Charity Lawson,TV Personality,21.0,0.0803,0.08072508,0.05,0,99,3.0,7.0,10.0,3.0,0,8.823529411764707,8.072508104942608,16.896037516707317,3.0,0
32,2,Harry Jowsey,TV Personality,15.0,0.0803,0.07963778,0.05,0,9,10.0,8.0,18.0,10.0,0,6.302521008403361,7.963778103529117,14.26629911193248,11.0,0
32,2,Jamie Lynn Spears,Actor/Actress,16.0,0.0249,0.024920814,0.08,1,2,9.0,13.0,22.0,12.0,0,6.722689075630252,2.492081432397059,9.21477050802731,13.0,1
32,2,Jason Mraz,Singer/Rapper,24.0,0.0857,0.08537668,0.05,0,99,1.0,1.0,2.0,1.0,0,10.084033613445378,8.537668110989687,18.621701724435063,1.0,0
32,2,Lele Pons,Social Media Personality,21.0,0.0803,0.07902029,0.05,0,7,3.0,11.0,14.0,7.0,0,8.823529411764707,7.902029102726381,16.725558514491087,4.0,0
32,2,Mauricio Umansky,TV Personality,12.0,0.0803,0.07921231,0.05,0,6,13.0,10.0,23.0,13.0,1,5.042016806722689,7.921231102976005,12.963247909698694,12.0,0
32,2,Mira Sorvino,Actor/Actress,18.0,0.0805,0.08248375,0.05,0,5,7.0,4.0,11.0,4.0,0,7.563025210084033,8.248375107228878,15.811400317312911,7.0,0
32,2,Tyson Beckford,Model,18.0,0.0803,0.078138195,0.05,0,3,7.0,12.0,19.0,11.0,0,7.563025210084033,7.813819601579655,15.376844811663688,8.0,0
32,2,Xochitl Gomez,Actor/Actress,24.0,0.0811,0.08273121,0.05,0,99,1.0,3.0,4.0,2.0,0,10.084033613445378,8.273121107550576,18.357154720995954,2.0,0
32,3,Adrian Peterson,Athlete,22.0,0.087,0.085950896,0.05,0,4,11.0,8.0,19.0,9.0,0,6.811145510835913,8.595089221816075,15.406234732651988,11.0,0
32,3,Alyson Hannigan,Actor/Actress,24.0,0.087,0.08825923,0.05,0,99,8.0,6.0,14.0,7.0,0,7.430340557275541,8.825922611659404,16.256263168934947,8.0,0
32,3,Ariana Madix,TV Personality,34.0,0.087,0.08735899,0.05,0,99,1.0,7.0,8.0,3.0,0,10.526315789473683,8.73589861562046,19.26221440509414,2.0,0
32,3,Barry Williams,Actor/Actress,25.0,0.0915,0.09059653,0.05,0,8,7.0,2.0,9.0,5.0,0,7.739938080495357,9.059652601375284,16.79959068187064,7.0,0
32,3,Charity Lawson,TV Personality,32.0,0.087,0.08954355,0.05,0,99,3.0,4.0,7.0,2.0,0,9.907120743034056,8.954354606008398,18.861475349042454,3.0,0
32,3,Harry Jowsey,TV Personality,24.0,0.087,0.08402111,0.05,0,9,8.0,11.0,19.0,9.0,0,7.430340557275541,8.402110630307131,15.832451187582674,9.0,0
32,3,Jason Mraz,Singer/Rapper,34.0,0.0924,0.09895104,0.05,0,99,1.0,1.0,2.0,1.0,0,10.526315789473683,9.895103564615443,20.421419354089124,1.0,0
32,3,Lele Pons,Social Media Personality,27.0,0.087,0.08456093,0.05,0,7,5.0,9.0,14.0,7.0,0,8.359133126934983,8.456092627931925,16.81522575486691,6.0,0
32,3,Mauricio Umansky,TV Personality,23.0,0.087,0.08423568,0.05,0,6,10.0,10.0,20.0,11.0,0,7.120743034055728,8.423567629363022,15.54431066341875,10.0,0
32,3,Mira Sorvino,Actor/Actress,26.0,0.087,0.089877784,0.05,0,5,6.0,3.0,9.0,5.0,0,8.04953560371517,8.987778004537768,17.037313608252937,5.0,0
32,3,Tyson Beckford,Model,20.0,0.0305,0.027724374,0.08,1,3,12.0,12.0,24.0,12.0,1,6.191950464396285,2.7724372780127595,8.964387742409045,12.0,1
32,3,Xochitl Gomez,Actor/Actress,32.0,0.0894,0.08891993,0.05,0,99,3.0,5.0,8.0,3.0,0,9.907120743034056,8.891992608752323,18.79911335178638,4.0,0
32,4,Adrian Peterson,Athlete,21.0,0.0368,0.03691227,0.08,1,4,6.0,11.0,17.0,10.0,0,8.75,3.69122703691227,12.44122703691227,11.0,1
32,4,Alyson Hannigan,Actor/Actress,18.0,0.0972,0.0966518,0.05,0,99,10.0,5.0,15.0,8.0,0,7.5,9.6651800966518,17.165180096651802,9.0,0
32,4,Ariana Madix,TV Personality,25.0,0.0946,0.09409378,0.05,0,99,2.0,7.0,9.0,3.0,0,10.416666666666668,9.40937809409378,19.826044760760446,3.0,0
32,4,Barry Williams,Actor/Actress,18.0,0.0994,0.099723816,0.05,0,8,10.0,3.0,13.0,6.0,0,7.5,9.972381699723817,17.47238169972382,8.0,0
32,4,Charity Lawson,TV Personality,24.0,0.0946,0.09504829,0.05,0,99,3.0,6.0,9.0,3.0,0,10.0,9.50482909504829,19.50482909504829,4.0,0
32,4,Harry Jowsey,TV Personality,21.0,0.0946,0.092551365,0.05,0,9,6.0,8.0,14.0,7.0,0,8.75,9.255136592551365,18.005136592551366,7.0,0
32,4,Jason Mraz,Singer/Rapper,24.0,0.1042,0.10439395,0.05,0,99,3.0,1.0,4.0,2.0,0,10.0,10.43939510439395,20.439395104393952,2.0,0
32,4,Lele Pons,Social Media Personality,22.0,0.0946,0.091286935,0.05,0,7,5.0,10.0,15.0,8.0,0,9.166666666666666,9.128693591286934,18.2953602579536,6.0,0
32,4,Mauricio Umansky,TV Personality,19.0,0.0946,0.09216895,0.05,0,6,9.0,9.0,18.0,11.0,1,7.916666666666666,9.21689509216895,17.13356175883562,10.0,0
32,4,Mira Sorvino,Actor/Actress,21.0,0.0946,0.096654184,0.05,0,5,6.0,4.0,10.0,5.0,0,8.75,9.665418496654185,18.415418496654183,5.0,0
32,4,Xochitl Gomez,Actor/Actress,27.0,0.0946,0.10051465,0.05,0,99,1.0,2.0,3.0,1.0,0,11.25,10.051465100514651,21.30146510051465,1.0,0
32,5,Alyson Hannigan,Actor/Actress,21.0,0.1093,0.10902944,0.05,0,99,9.0,3.0,12.0,6.0,0,8.75,10.902943563882259,19.65294356388226,8.0,0
32,5,Ariana Madix,TV Personality,24.0,0.1052,0.10056529,0.05,0,99,4.0,9.0,13.0,8.0,0,10.0,10.056528597738856,20.056528597738854,7.0,0
32,5,Barry Williams,Actor/Actress,24.0,0.1066,0.11041945,0.05,0,8,4.0,1.0,5.0,1.0,0,10.0,11.041944558322218,21.041944558322218,4.0,0
32,5,Charity Lawson,TV Personality,28.0,0.1052,0.10580934,0.05,0,99,1.0,5.0,6.0,4.0,0,11.666666666666666,10.580933576762657,22.247600243429325,3.0,0
32,5,Harry Jowsey,TV Personality,18.0,0.1052,0.10391422,0.05,0,9,10.0,6.0,16.0,9.0,0,7.5,10.391421584343137,17.891421584343135,9.0,0
32,5,Jason Mraz,Singer/Rapper,27.0,0.1072,0.110157564,0.05,0,99,3.0,2.0,5.0,1.0,0,11.25,11.015755959369763,22.265755959369763,2.0,0
32,5,Lele Pons,Social Media Personality,24.0,0.1052,0.10186632,0.05,0,7,4.0,8.0,12.0,6.0,0,10.0,10.186631592534736,20.186631592534738,6.0,0
32,5,Mauricio Umansky,TV Personality,24.0,0.1052,0.102168806,0.05,0,6,4.0,7.0,11.0,5.0,0,10.0,10.216880191324792,20.21688019132479,5.0,0
32,5,Mira Sorvino,Actor/Actress,22.0,0.0455,0.048212904,0.08,1,5,8.0,10.0,18.0,10.0,1,9.166666666666666,4.821290207148392,13.987956873815058,10.0,1
32,5,Xochitl Gomez,Actor/Actress,28.0,0.1052,0.107856706,0.05,0,99,1.0,4.0,5.0,1.0,0,11.666666666666666,10.785670168573192,22.45233683523986,1.0,0
32,6,Alyson Hannigan,Actor/Actress,31.0,0.1156,0.12084921,0.05,0,99,8.0,2.0,10.0,4.0,0,9.627329192546584,12.084920854980949,21.712250047527533,7.0,0
32,6,Ariana Madix,TV Personality,41.0,0.1148,0.1144965,0.05,0,99,2.0,6.0,8.0,3.0,0,12.732919254658384,11.4496498626042,24.182569117262585,3.0,0
32,6,Barry Williams,Actor/Actress,32.0,0.1202,0.119922146,0.05,0,8,7.0,3.0,10.0,4.0,0,9.937888198757763,11.992214456093425,21.93010265485119,6.0,0
32,6,Charity Lawson,TV Personality,38.0,0.1148,0.112361856,0.05,0,99,4.0,7.0,11.0,6.0,0,11.801242236024844,11.236185465165773,23.037427701190616,4.0,0
32,6,Harry Jowsey,TV Personality,29.0,0.1148,0.115210496,0.05,0,9,9.0,5.0,14.0,8.0,0,9.006211180124224,11.521049461747406,20.527260641871628,8.0,0
32,6,Jason Mraz,Singer/Rapper,39.0,0.1339,0.13030146,0.05,0,99,3.0,1.0,4.0,1.0,0,12.111801242236025,13.03014584363825,25.141947085874275,1.0,0
32,6,Lele Pons,Social Media Personality,37.0,0.1148,0.112274304,0.05,0,7,5.0,8.0,13.0,7.0,0,11.490683229813664,11.227430265270836,22.718113495084502,5.0,0
32,6,Mauricio Umansky,TV Personality,33.0,0.0534,0.05627535,0.08,1,6,6.0,9.0,15.0,9.0,1,10.248447204968944,5.6275349324695805,15.875982137438523,9.0,1
32,6,Xochitl Gomez,Actor/Actress,42.0,0.1177,0.11830869,0.05,0,99,1.0,4.0,5.0,2.0,0,13.043478260869565,11.830868858029572,24.874347118899138,2.0,0
32,7,Alyson Hannigan,Actor/Actress,35.0,0.1316,0.1319084,0.05,0,99,6.0,5.0,11.0,6.0,0,12.411347517730496,13.190840527633622,25.602188045364116,5.0,0
32,7,Ariana Madix,TV Personality,37.0,0.1307,0.1312609,0.05,0,99,1.0,6.0,7.0,3.0,0,13.120567375886525,13.12609052504362,26.246657900930146,3.0,0
32,7,Barry Williams,Actor/Actress,32.5,0.1366,0.13512239,0.05,0,8,7.0,2.0,9.0,5.0,0,11.52482269503546,13.512239540489581,25.037062235525042,6.0,0
32,7,Charity Lawson,TV Personality,36.0,0.1307,0.13291208,0.05,0,99,4.0,4.0,8.0,4.0,0,12.76595744680851,13.29120853164834,26.05716597845685,4.0,0
32,7,Harry Jowsey,TV Personality,32.0,0.1307,0.12952988,0.05,0,9,8.0,7.0,15.0,8.0,1,11.347517730496454,12.95298851811954,24.300506248615996,7.0,0
32,7,Jason Mraz,Singer/Rapper,36.0,0.1421,0.13648778,0.05,0,99,4.0,1.0,5.0,2.0,0,12.76595744680851,13.648778545951142,26.414735992759653,2.0,0
32,7,Lele Pons,Social Media Personality,36.5,0.0666,0.0686115,0.08,1,7,3.0,8.0,11.0,6.0,0,12.943262411347517,6.861150274446011,19.80441268579353,8.0,1
32,7,Xochitl Gomez,Actor/Actress,37.0,0.1312,0.13416703,0.05,0,99,1.0,3.0,4.0,1.0,0,13.120567375886525,13.41670353666814,26.537270912554664,1.0,0
32,8,Alyson Hannigan,Actor/Actress,36.0,0.1512,0.15252034,0.05,0,99,4.0,3.0,7.0,2.0,0,14.229249011857709,15.252034991382274,29.481284003239985,4.0,0
32,8,Ariana Madix,TV Personality,42.0,0.1512,0.14866342,0.05,0,99,1.0,6.0,7.0,2.0,0,16.600790513833992,14.86634296631229,31.46713348014628,1.0,0
32,8,Barry Williams,Actor/Actress,35.0,0.0836,0.084956415,0.08,1,8,5.0,7.0,12.0,7.0,1,13.83399209486166,8.495642052216732,22.329634147078394,7.0,1
32,8,Charity Lawson,TV Personality,39.0,0.1512,0.15191238,0.05,0,99,3.0,4.0,7.0,2.0,0,15.41501976284585,15.191238987430536,30.606258750276385,3.0,0
32,8,Harry Jowsey,TV Personality,28.0,0.1512,0.15550315,0.05,0,9,7.0,1.0,8.0,5.0,0,11.067193675889328,15.55031601077054,26.61750968665987,6.0,0
32,8,Jason Mraz,Singer/Rapper,33.0,0.1582,0.15190059,0.05,0,99,6.0,5.0,11.0,6.0,0,13.043478260869565,15.190059987353898,28.23353824822346,5.0,0
32,8,Xochitl Gomez,Actor/Actress,40.0,0.1533,0.15454364,0.05,0,99,2.0,2.0,4.0,1.0,0,15.810276679841898,15.454365004533727,31.264641684375626,2.0,0
32,9,Alyson Hannigan,Actor/Actress,32.0,0.1756,0.17467748,0.05,0,99,5.0,4.0,9.0,4.0,0,14.479638009049776,17.467748698709947,31.947386707759723,5.0,0
32,9,Ariana Madix,TV Personality,37.0,0.1756,0.17333817,0.05,0,99,4.0,5.0,9.0,4.0,0,16.7420814479638,17.33381769335271,34.07589914131651,4.0,0
32,9,Charity Lawson,TV Personality,38.0,0.1756,0.17761631,0.05,0,99,3.0,3.0,6.0,3.0,0,17.194570135746606,17.761631710465267,34.95620184621187,3.0,0
32,9,Harry Jowsey,TV Personality,30.0,0.1037,0.10404948,0.08,1,9,6.0,6.0,12.0,6.0,1,13.574660633484163,10.404948416197936,23.979609049682097,6.0,1
32,9,Jason Mraz,Singer/Rapper,43.0,0.1884,0.18574832,0.05,0,99,1.0,1.0,2.0,1.0,0,19.457013574660635,18.57483274299331,38.031846317653944,1.0,0
32,9,Xochitl Gomez,Actor/Actress,41.0,0.181,0.1845702,0.05,0,99,2.0,2.0,4.0,2.0,0,18.552036199095024,18.45702073828083,37.00905693737585,2.0,0
32,10,Alyson Hannigan,Actor/Actress,25.5,0.2132,0.21087995,0.05,0,99,5.0,3.0,8.0,4.0,1,17.894736842105264,21.087996054399802,38.98273289650507,4.0,0
32,10,Ariana Madix,TV Personality,29.0,0.1348,0.14854775,0.05,0,99,3.0,5.0,8.0,4.0,1,20.350877192982455,14.854775742738788,35.20565293572125,5.0,1
32,10,Charity Lawson,TV Personality,29.5,0.2132,0.20341152,0.05,0,99,2.0,4.0,6.0,3.0,0,20.701754385964914,20.34115301705765,41.04290740302257,3.0,0
32,10,Jason Mraz,Singer/Rapper,28.5,0.2257,0.22475882,0.05,0,99,4.0,1.0,5.0,2.0,0,20.0,22.475883123794155,42.475883123794155,1.0,0
32,10,Xochitl Gomez,Actor/Actress,30.0,0.2132,0.21240191,0.05,0,99,1.0,2.0,3.0,1.0,0,21.052631578947366,21.2401920620096,42.29282364095697,2.0,0
32,11,Alyson Hannigan,Actor/Actress,26.5,0.2125,0.20533422,0.05,0,99,5.0,3.0,8.0,4.0,1,18.213058419243985,20.533420357326374,38.746478776570356,4.0,0
32,11,Ariana Madix,TV Personality,29.5,0.1324,0.14421295,0.05,0,99,3.0,5.0,8.0,4.0,1,20.274914089347078,14.421293846296493,34.69620793564357,5.0,1
32,11,Charity Lawson,TV Personality,29.5,0.2103,0.20152971,0.05,0,99,3.0,4.0,7.0,3.0,0,20.274914089347078,20.15296938776245,40.42788347710953,3.0,0
32,11,Jason Mraz,Singer/Rapper,30.0,0.2264,0.22047587,0.05,0,99,1.0,2.0,3.0,2.0,0,20.618556701030926,22.047585236193182,42.66614193722411,2.0,0
32,11,Xochitl Gomez,Actor/Actress,30.0,0.2185,0.22844733,0.05,0,99,1.0,1.0,2.0,1.0,0,20.618556701030926,22.844731172421508,43.46328787345243,1.0,0
33,1,Anna Delvey,Con artist,18.0,0.0248,0.033445537,0.05,0,2,8.0,13.0,21.0,13.0,1,7.28744939271255,3.3445536264198203,10.63200301913237,13.0,1
33,1,Brooks Nader,Model,18.0,0.0801,0.075149655,0.05,0,4,8.0,12.0,20.0,12.0,0,7.28744939271255,7.514965334670763,14.802414727383313,10.0,0
33,1,Chandler Kinney,Actor/Actress,23.0,0.0829,0.08269684,0.05,0,99,1.0,1.0,2.0,1.0,0,9.31174089068826,8.269683818066957,17.581424708755215,1.0,0
33,1,Danny Amendola,Athlete,20.0,0.0801,0.08141194,0.05,0,99,5.0,7.0,12.0,4.0,0,8.097165991902834,8.141193820893736,16.23835981279657,5.0,0
33,1,Dwight Howard ,Athlete,22.0,0.0801,0.080870025,0.05,0,7,2.0,8.0,10.0,3.0,0,8.906882591093117,8.087002322085949,16.993884913179066,2.0,0
33,1,Eric Roberts,Actor/Actress,15.0,0.084,0.08215988,0.05,0,3,13.0,4.0,17.0,10.0,0,6.0728744939271255,8.21598781924827,14.288862313175395,12.0,0
33,1,Ilona Maher,Athlete,18.0,0.0801,0.08180327,0.05,0,99,8.0,6.0,14.0,6.0,0,7.28744939271255,8.18032682003281,15.46777621274536,8.0,0
33,1,Jenn Tran,TV Personality,19.0,0.0801,0.07874773,0.05,0,6,6.0,10.0,16.0,8.0,0,7.6923076923076925,7.874772826755,15.567080519062692,6.0,0
33,1,Joey Graziadei,TV Personality,21.0,0.0801,0.07875426,0.05,0,99,3.0,9.0,12.0,4.0,0,8.502024291497975,7.875425826740634,16.37745011823861,4.0,0
33,1,Phaedra Parks,TV Personality,19.0,0.0801,0.078161225,0.05,0,5,6.0,11.0,17.0,10.0,0,7.6923076923076925,7.816122328045311,15.508430020353003,7.0,0
33,1,Reginald VelJohnson,Actor/Actress,16.0,0.0846,0.08263036,0.05,0,3,12.0,2.0,14.0,6.0,0,6.477732793522267,8.263035818213213,14.74076861173548,11.0,0
33,1,Stephen Nedoroscik,Athlete,21.0,0.0803,0.08223288,0.05,0,99,3.0,3.0,6.0,2.0,0,8.502024291497975,8.223287819087668,16.72531211058564,3.0,0
33,1,Tori Spelling,Actor/Actress,17.0,0.0831,0.08193642,0.05,0,2,11.0,5.0,16.0,8.0,0,6.882591093117409,8.19364181973988,15.07623291285729,9.0,0
33,2,Anna Delvey,Con artist,17.0,0.0286,0.020406734,0.08,1,2,11.0,13.0,24.0,13.0,1,6.5891472868217065,2.040673465301551,8.629820752123258,13.0,1
33,2,Brooks Nader,Model,20.0,0.0849,0.082934864,0.05,0,4,8.0,11.0,19.0,11.0,0,7.751937984496124,8.293486665391574,16.0454246498877,8.0,0
33,2,Chandler Kinney,Actor/Actress,24.0,0.0849,0.088287316,0.05,0,99,1.0,2.0,3.0,1.0,0,9.30232558139535,8.828731882519422,18.13105746391477,1.0,0
33,2,Danny Amendola,Athlete,21.0,0.0849,0.08675861,0.05,0,99,5.0,6.0,11.0,5.0,0,8.13953488372093,8.675861277627561,16.81539616134849,6.0,0
33,2,Dwight Howard ,Athlete,22.0,0.0849,0.086067885,0.05,0,7,2.0,7.0,9.0,3.0,0,8.527131782945736,8.606788775417241,17.133920558362977,3.0,0
33,2,Eric Roberts,Actor/Actress,15.0,0.0849,0.08772768,0.05,0,3,12.0,3.0,15.0,8.0,0,5.813953488372093,8.772768280728586,14.586721769100679,11.0,0
33,2,Ilona Maher,Athlete,21.0,0.0849,0.08732005,0.05,0,99,5.0,5.0,10.0,4.0,0,8.13953488372093,8.73200527942417,16.8715401631451,5.0,0
33,2,Jenn Tran,TV Personality,19.0,0.0849,0.08467982,0.05,0,6,9.0,8.0,17.0,10.0,0,7.3643410852713185,8.467982270975433,15.832323356246752,9.0,0
33,2,Joey Graziadei,TV Personality,22.0,0.0849,0.084670454,0.05,0,99,2.0,9.0,11.0,5.0,0,8.527131782945736,8.467045670945463,16.994177453891197,4.0,0
33,2,Phaedra Parks,TV Personality,21.0,0.0849,0.08369889,0.05,0,5,5.0,10.0,15.0,8.0,0,8.13953488372093,8.369889267836458,16.50942415155739,7.0,0
33,2,Reginald VelJohnson,Actor/Actress,15.0,0.0936,0.09006693,0.05,0,3,12.0,1.0,13.0,7.0,0,5.813953488372093,9.006693288214187,14.82064677658628,10.0,0
33,2,Stephen Nedoroscik,Athlete,22.0,0.0849,0.08748732,0.05,0,99,2.0,4.0,6.0,2.0,0,8.527131782945736,8.748732279959432,17.275864062905168,2.0,0
33,2,Tori Spelling,Actor/Actress,19.0,0.0286,0.029893415,0.08,1,2,9.0,12.0,21.0,12.0,0,7.3643410852713185,2.9893415956589315,10.35368268093025,12.0,0
33,3,Brooks Nader,Model,30.5,0.1017,0.09900567,0.05,0,4,5.0,8.0,13.0,7.0,0,9.59119496855346,9.900567148508507,19.491762117061967,6.0,0
33,3,Chandler Kinney,Actor/Actress,34.5,0.1017,0.10724658,0.05,0,99,2.0,1.0,3.0,1.0,0,10.849056603773585,10.724658160869872,21.573714764643455,1.0,0
33,3,Danny Amendola,Athlete,30.0,0.1017,0.10220505,0.05,0,99,6.0,5.0,11.0,6.0,0,9.433962264150944,10.220505153307577,19.65446741745852,5.0,0
33,3,Dwight Howard ,Athlete,26.0,0.1017,0.10035946,0.05,0,7,9.0,6.0,15.0,8.0,0,8.176100628930817,10.035946150539191,18.212046779470008,9.0,0
33,3,Eric Roberts,Actor/Actress,23.0,0.0423,0.041166753,0.08,1,3,10.0,10.0,20.0,10.0,0,7.232704402515723,4.11667536175013,11.349379764265853,10.0,0
33,3,Ilona Maher,Athlete,28.0,0.1017,0.10473287,0.05,0,99,7.0,2.0,9.0,4.0,0,8.80503144654088,10.473287157099307,19.278318603640187,7.0,0
33,3,Jenn Tran,TV Personality,31.0,0.1017,0.10035643,0.05,0,6,3.0,7.0,10.0,5.0,0,9.748427672955975,10.035643150534646,19.784070823490623,4.0,0
33,3,Joey Graziadei,TV Personality,35.0,0.1017,0.10301928,0.05,0,99,1.0,3.0,4.0,2.0,0,11.0062893081761,10.301928154528921,21.308217462705024,2.0,0
33,3,Phaedra Parks,TV Personality,28.0,0.1017,0.09886228,0.05,0,5,7.0,9.0,16.0,9.0,0,8.80503144654088,9.886228148293421,18.6912595948343,8.0,0
33,3,Reginald VelJohnson,Actor/Actress,21.0,0.0423,0.040690497,0.08,1,3,11.0,11.0,22.0,11.0,1,6.60377358490566,4.069049761035746,10.672823345941406,11.0,1
33,3,Stephen Nedoroscik,Athlete,31.0,0.1017,0.102355115,0.05,0,99,3.0,4.0,7.0,3.0,0,9.748427672955975,10.235511653532674,19.98393932648865,3.0,0
33,4,Brooks Nader,Model,32.0,0.0559,0.056195494,0.08,1,4,4.0,9.0,13.0,8.0,0,10.884353741496598,5.61954932132631,16.503903062822907,9.0,1
33,4,Chandler Kinney,Actor/Actress,32.0,0.1188,0.1470067,0.05,0,99,4.0,1.0,5.0,3.0,0,10.884353741496598,14.70066979419062,25.58502353568722,1.0,0
33,4,Danny Amendola,Athlete,36.0,0.1187,0.116322905,0.05,0,99,1.0,3.0,4.0,2.0,0,12.244897959183673,11.632290337147936,23.87718829633161,3.0,0
33,4,Dwight Howard ,Athlete,29.0,0.1178,0.11318777,0.05,0,7,9.0,6.0,15.0,9.0,1,9.863945578231291,11.318776841537122,21.182722419768414,8.0,0
33,4,Ilona Maher,Athlete,32.0,0.1178,0.11411525,0.05,0,99,4.0,5.0,9.0,5.0,0,10.884353741496598,11.411524840238652,22.295878581735252,5.0,0
33,4,Jenn Tran,TV Personality,32.0,0.1178,0.10921068,0.05,0,6,4.0,7.0,11.0,6.0,0,10.884353741496598,10.92106784710505,21.805421588601646,6.0,0
33,4,Joey Graziadei,TV Personality,36.0,0.1178,0.12097956,0.05,0,99,1.0,2.0,3.0,1.0,0,12.244897959183673,12.097955830628617,24.34285378981229,2.0,0
33,4,Phaedra Parks,TV Personality,32.0,0.1178,0.10755957,0.05,0,5,4.0,8.0,12.0,7.0,0,10.884353741496598,10.755956849416604,21.640310590913202,7.0,0
33,4,Stephen Nedoroscik,Athlete,33.0,0.1178,0.115422085,0.05,0,99,3.0,4.0,7.0,4.0,0,11.224489795918368,11.542208338409083,22.76669813432745,4.0,0
33,5,Chandler Kinney,Actor/Actress,27.0,0.1376,0.13602763,0.05,0,99,1.0,2.0,3.0,1.0,0,13.366336633663368,13.602763000000001,26.96909963366337,1.0,0
33,5,Danny Amendola,Athlete,25.5,0.1322,0.13874881,0.05,0,99,4.0,1.0,5.0,2.0,0,12.623762376237623,13.874881,26.498643376237624,2.0,0
33,5,Dwight Howard ,Athlete,24.0,0.1322,0.12708066,0.05,0,7,6.0,7.0,13.0,7.0,0,11.881188118811881,12.708066,24.58925411881188,7.0,0
33,5,Ilona Maher,Athlete,26.0,0.1322,0.1335823,0.05,0,99,2.0,3.0,5.0,2.0,0,12.871287128712872,13.358229999999999,26.22951712871287,3.0,0
33,5,Jenn Tran,TV Personality,25.5,0.1322,0.13008676,0.05,0,6,4.0,6.0,10.0,5.0,0,12.623762376237623,13.008676,25.632438376237623,5.0,0
33,5,Joey Graziadei,TV Personality,26.0,0.1322,0.1332203,0.05,0,99,2.0,4.0,6.0,4.0,0,12.871287128712872,13.322030000000002,26.193317128712874,4.0,0
33,5,Phaedra Parks,TV Personality,24.0,0.0679,0.07018479,0.08,1,5,6.0,8.0,14.0,8.0,1,11.881188118811881,7.018478999999999,18.89966711881188,8.0,1
33,5,Stephen Nedoroscik,Athlete,24.0,0.1333,0.13106875,0.05,0,99,6.0,5.0,11.0,6.0,0,11.881188118811881,13.106875,24.98806311881188,6.0,0
33,6,Chandler Kinney,Actor/Actress,32.0,0.1571,0.15775819,0.05,0,99,1.0,1.0,2.0,1.0,0,15.53398058252427,15.775818053450916,31.309798635975184,1.0,0
33,6,Danny Amendola,Athlete,28.0,0.1518,0.1573474,0.05,0,99,5.0,2.0,7.0,3.0,0,13.592233009708737,15.734739055915655,29.326972065624393,4.0,0
33,6,Dwight Howard ,Athlete,31.0,0.1518,0.14536975,0.05,0,7,3.0,6.0,9.0,5.0,0,15.048543689320388,14.536974127781551,29.585517817101938,3.0,0
33,6,Ilona Maher,Athlete,24.0,0.1518,0.14735392,0.05,0,99,7.0,5.0,12.0,7.0,1,11.650485436893204,14.735391115876531,26.385876552769737,6.0,0
33,6,Jenn Tran,TV Personality,31.0,0.084,0.09132319,0.08,1,6,3.0,7.0,10.0,6.0,0,15.048543689320388,9.132318452060892,24.18086214138128,7.0,1
33,6,Joey Graziadei,TV Personality,32.0,0.1518,0.1500758,0.05,0,99,1.0,4.0,5.0,2.0,0,15.53398058252427,15.007579099545254,30.541559682069526,2.0,0
33,6,Stephen Nedoroscik,Athlete,28.0,0.1518,0.15077181,0.05,0,99,5.0,3.0,8.0,4.0,0,13.592233009708737,15.077180095369194,28.66941310507793,5.0,0
33,7,Chandler Kinney,Actor/Actress,30.0,0.179,0.1823157,0.05,0,99,1.0,1.0,2.0,1.0,0,18.75,18.231570182315703,36.98157018231571,1.0,0
33,7,Danny Amendola,Athlete,25.5,0.1787,0.17539467,0.05,0,99,5.0,4.0,9.0,4.0,0,15.937499999999998,17.539467175394673,33.47696717539467,4.0,0
33,7,Dwight Howard ,Athlete,24.0,0.1063,0.11136618,0.08,1,7,6.0,6.0,12.0,6.0,1,15.0,11.136618111366182,26.136618111366182,6.0,1
33,7,Ilona Maher,Athlete,26.0,0.1787,0.16841757,0.05,0,99,4.0,5.0,9.0,4.0,0,16.25,16.841757168417573,33.09175716841757,5.0,0
33,7,Joey Graziadei,TV Personality,27.5,0.1787,0.1814813,0.05,0,99,2.0,2.0,4.0,2.0,0,17.1875,18.148130181481307,35.33563018148131,2.0,0
33,7,Stephen Nedoroscik,Athlete,27.0,0.1787,0.18102457,0.05,0,99,3.0,3.0,6.0,3.0,0,16.875,18.102457181024576,34.977457181024576,3.0,0
33,8,Chandler Kinney,Actor/Actress,29.0,0.2158,0.19660275,0.05,0,99,1.0,4.0,5.0,2.0,0,20.714285714285715,19.660274410191768,40.37456012447748,3.0,0
33,8,Danny Amendola,Athlete,27.0,0.2158,0.19699673,0.05,0,99,4.0,3.0,7.0,4.0,0,19.28571428571429,19.69967240900983,38.98538669472411,4.0,0
33,8,Ilona Maher,Athlete,28.5,0.2158,0.21495454,0.05,0,99,3.0,2.0,5.0,2.0,0,20.357142857142858,21.495453355136398,41.85259621227925,2.0,0
33,8,Joey Graziadei,TV Personality,29.0,0.2158,0.22413164,0.05,0,99,1.0,1.0,2.0,1.0,0,20.714285714285715,22.413163327605098,43.12744904189081,1.0,0
33,8,Stephen Nedoroscik,Athlete,26.5,0.1369,0.16731437,0.05,0,99,5.0,5.0,10.0,5.0,1,18.928571428571427,16.731436498056905,35.66000792662833,5.0,1
33,9,Chandler Kinney,Actor/Actress,30.0,0.2202,0.22126487,0.05,0,99,1.0,1.0,2.0,1.0,0,20.618556701030926,22.126487885059518,42.745044586090444,1.0,0
33,9,Danny Amendola,Athlete,28.0,0.2146,0.19873105,0.05,0,99,5.0,4.0,9.0,5.0,1,19.243986254295535,19.873105794924236,39.11709204921977,4.0,0
33,9,Ilona Maher,Athlete,28.5,0.2146,0.21571957,0.05,0,99,4.0,2.0,6.0,3.0,0,19.587628865979383,21.571957862878318,41.159586728857704,3.0,0
33,9,Joey Graziadei,TV Personality,29.5,0.2146,0.21050952,0.05,0,99,2.0,3.0,5.0,2.0,0,20.274914089347078,21.050952842038114,41.32586693138519,2.0,0
33,9,Stephen Nedoroscik,Athlete,29.5,0.136,0.15377495,0.05,0,99,2.0,5.0,7.0,4.0,0,20.274914089347078,15.377495615099827,35.6524097044469,5.0,1
34,1,Alix Earle,Social media personality,13.0,0.0723,0.06772097,0.05,0,99,4.0,11.0,15.0,7.0,0,7.926829268292683,6.772097020316292,14.698926288608975,7.0,0
34,1,Andy Richter,Comedian,9.0,0.0723,0.06733784,0.05,0,9,13.0,12.0,25.0,14.0,1,5.487804878048781,6.733784020201352,12.221588898250133,14.0,1
34,1,Baron Davis,Athlete,10.0,0.0749,0.073768705,0.05,0,2,9.0,7.0,16.0,10.0,0,6.097560975609756,7.376870522130612,13.474431497740369,11.0,0
34,1,Corey Feldman,Actor/Actress,9.0,0.0773,0.07420589,0.05,0,2,13.0,4.0,17.0,12.0,0,5.487804878048781,7.420589022261767,12.908393900310548,13.0,0
34,1,Danielle Fishel,Actor/Actress,12.0,0.0791,0.07401285,0.05,0,8,6.0,6.0,12.0,5.0,0,7.317073170731707,7.401285022203856,14.718358192935563,6.0,0
34,1,Dylan Efron,TV Personality,10.0,0.0723,0.06912207,0.05,0,99,9.0,10.0,19.0,13.0,0,6.097560975609756,6.91220702073662,13.009767996346376,12.0,0
34,1,Elaine Hendrix,Actor/Actress,12.0,0.0781,0.07420589,0.05,0,99,6.0,4.0,10.0,3.0,0,7.317073170731707,7.420589022261767,14.737662192993474,5.0,0
34,1,Hilaria Baldwin,Entrepreneur,14.0,0.0723,0.06589065,0.05,0,4,3.0,13.0,16.0,10.0,0,8.536585365853659,6.589065019767195,15.125650385620855,4.0,0
34,1,Jen Affleck,TV Personality,12.0,0.0723,0.070319496,0.05,0,7,6.0,9.0,15.0,7.0,0,7.317073170731707,7.0319496210958485,14.349022791827554,8.0,0
34,1,Jordan Chiles,Athlete,10.0,0.073,0.07434215,0.05,0,99,9.0,3.0,12.0,5.0,0,6.097560975609756,7.434215022302645,13.531775997912401,10.0,0
34,1,Lauren Jauregui,Singer/Rapper,13.0,0.0817,0.07701006,0.05,0,3,4.0,1.0,5.0,1.0,0,7.926829268292683,7.701006023103019,15.627835291395701,3.0,0
34,1,Robert Irwin,Conservationist,15.0,0.0183,0.06493119,0.05,0,99,1.0,14.0,15.0,7.0,0,9.146341463414634,6.493119019479357,15.639460482893991,2.0,0
34,1,Scott Hoying,Singer/Rapper,10.0,0.0837,0.07609133,0.05,0,6,9.0,2.0,11.0,4.0,0,6.097560975609756,7.6091330228273995,13.706693998437157,9.0,0
34,1,Whitney Leavitt,TV Personality,15.0,0.0723,0.071040906,0.05,0,10,1.0,8.0,9.0,2.0,0,9.146341463414634,7.104090621312271,16.250432084726906,1.0,0
34,2,Alix Earle,Social media personality,21.0,0.0783,0.076652296,0.05,0,99,5.0,10.0,15.0,10.0,0,7.553956834532374,7.66522958466954,15.219186419201915,8.0,0
34,2,Andy Richter,Comedian,16.0,0.0783,0.07658343,0.05,0,9,13.0,11.0,24.0,12.0,0,5.755395683453238,7.658342984683314,13.413738668136553,12.0,0
34,2,Baron Davis,Athlete,18.0,0.0231,0.027293995,0.08,1,2,11.0,13.0,24.0,12.0,0,6.474820143884892,2.7293994945412017,9.204219638426093,13.0,0
34,2,Corey Feldman,Actor/Actress,15.0,0.0231,0.023369795,0.08,1,2,14.0,14.0,28.0,14.0,1,5.39568345323741,2.336979495326041,7.732662948563451,14.0,1
34,2,Danielle Fishel,Actor/Actress,19.0,0.0802,0.0808737,0.05,0,8,10.0,4.0,14.0,8.0,0,6.83453237410072,8.087369983825262,14.921902357925982,10.0,0
34,2,Dylan Efron,TV Personality,20.0,0.0783,0.07762802,0.05,0,99,9.0,8.0,17.0,11.0,0,7.194244604316546,7.762801984474398,14.957046588790945,9.0,0
34,2,Elaine Hendrix,Actor/Actress,21.0,0.0783,0.08093394,0.05,0,99,5.0,3.0,8.0,4.0,0,7.553956834532374,8.093393983813211,15.647350818345586,5.0,0
34,2,Hilaria Baldwin,Entrepreneur,21.0,0.0783,0.077421136,0.05,0,4,5.0,9.0,14.0,8.0,0,7.553956834532374,7.742113584515773,15.296070419048148,6.0,0
34,2,Jen Affleck,TV Personality,22.0,0.0783,0.07871985,0.05,0,7,1.0,7.0,8.0,4.0,0,7.913669064748201,7.871984984256029,15.78565404900423,4.0,0
34,2,Jordan Chiles,Athlete,22.0,0.0783,0.080146305,0.05,0,99,1.0,5.0,6.0,1.0,0,7.913669064748201,8.01463048397074,15.92829954871894,2.0,0
34,2,Lauren Jauregui,Singer/Rapper,21.0,0.084,0.084666245,0.05,0,3,5.0,1.0,6.0,1.0,0,7.553956834532374,8.466624483066752,16.020581317599127,1.0,0
34,2,Robert Irwin,Conservationist,22.0,0.0783,0.0737721,0.05,0,99,1.0,12.0,13.0,6.0,0,7.913669064748201,7.377209985245579,15.29087904999378,7.0,0
34,2,Scott Hoying,Singer/Rapper,18.0,0.0847,0.08317519,0.05,0,6,11.0,2.0,13.0,6.0,0,6.474820143884892,8.317518983364963,14.792339127249853,11.0,0
34,2,Whitney Leavitt,TV Personality,22.0,0.0783,0.078764,0.05,0,10,1.0,6.0,7.0,3.0,0,7.913669064748201,7.876399984247201,15.790069048995402,3.0,0
34,3,Alix Earle,Social media personality,23.0,0.0867,0.08580025,0.05,0,99,3.0,9.0,12.0,7.0,0,8.949416342412452,8.580024562418746,17.529440904831198,5.0,0
34,3,Andy Richter,Comedian,18.0,0.0867,0.08616873,0.05,0,9,11.0,7.0,18.0,11.0,0,7.003891050583658,8.6168725605395,15.620763611123158,11.0,0
34,3,Danielle Fishel,Actor/Actress,21.0,0.0922,0.092134856,0.05,0,8,8.0,3.0,11.0,6.0,0,8.171206225680933,9.21348513011226,17.384691355793194,7.0,0
34,3,Dylan Efron,TV Personality,23.0,0.0867,0.08684748,0.05,0,99,3.0,6.0,9.0,3.0,0,8.949416342412452,8.684747557077875,17.634163899490325,4.0,0
34,3,Elaine Hendrix,Actor/Actress,21.0,0.0892,0.092370436,0.05,0,99,8.0,2.0,10.0,5.0,0,8.171206225680933,9.2370431289108,17.40824935459173,6.0,0
34,3,Hilaria Baldwin,Entrepreneur,22.0,0.0867,0.08562976,0.05,0,4,5.0,10.0,15.0,8.0,0,8.560311284046692,8.562975563288246,17.12328684733494,8.0,0
34,3,Jen Affleck,TV Personality,19.0,0.0867,0.08812069,0.05,0,7,10.0,5.0,15.0,8.0,0,7.392996108949417,8.812068550584504,16.20506465953392,10.0,0
34,3,Jordan Chiles,Athlete,24.0,0.0867,0.09175752,0.05,0,99,1.0,4.0,5.0,1.0,0,9.33852140077821,9.175751532036672,18.514272932814883,1.0,0
34,3,Lauren Jauregui,Singer/Rapper,18.0,0.0302,0.031204643,0.08,1,3,11.0,12.0,23.0,12.0,1,7.003891050583658,3.120464140856329,10.124355191439987,12.0,1
34,3,Robert Irwin,Conservationist,22.0,0.0867,0.07920631,0.05,0,99,5.0,11.0,16.0,10.0,0,8.560311284046692,7.92063059604784,16.480941880094534,9.0,0
34,3,Scott Hoying,Singer/Rapper,22.0,0.0951,0.094812766,0.05,0,6,5.0,1.0,6.0,2.0,0,8.560311284046692,9.48127611645492,18.041587400501612,2.0,0
34,3,Whitney Leavitt,TV Personality,24.0,0.0867,0.08594661,0.05,0,10,1.0,8.0,9.0,3.0,0,9.33852140077821,8.594660561672313,17.933181962450526,3.0,0
34,4,Alix Earle,Social media personality,24.0,0.0934,0.09414144,0.05,0,99,2.0,7.0,9.0,4.0,0,9.67741935483871,9.414143679919114,19.091563034757826,4.0,0
34,4,Andy Richter,Comedian,18.0,0.0934,0.09144889,0.05,0,9,11.0,9.0,20.0,11.0,1,7.258064516129033,9.144888689073785,16.402953205202817,10.0,0
34,4,Danielle Fishel,Actor/Actress,21.0,0.0983,0.10043238,0.05,0,8,9.0,3.0,12.0,7.0,0,8.46774193548387,10.043237658529918,18.51097959401379,8.0,0
34,4,Dylan Efron,TV Personality,23.0,0.0937,0.09408819,0.05,0,99,5.0,8.0,13.0,8.0,0,9.274193548387096,9.408818680100163,18.683012228487257,7.0,0
34,4,Elaine Hendrix,Actor/Actress,24.0,0.1012,0.10127742,0.05,0,99,2.0,2.0,4.0,1.0,0,9.67741935483871,10.127741655656783,19.805161010495492,1.0,0
34,4,Hilaria Baldwin,Entrepreneur,23.0,0.0358,0.037328314,0.08,1,4,5.0,11.0,16.0,9.0,0,9.274193548387096,3.7328312730837365,13.007024821470832,11.0,1
34,4,Jen Affleck,TV Personality,23.0,0.0934,0.09588754,0.05,0,7,5.0,5.0,10.0,5.0,0,9.274193548387096,9.588753673982373,18.86294722236947,5.0,0
34,4,Jordan Chiles,Athlete,24.0,0.0977,0.10033201,0.05,0,99,2.0,4.0,6.0,2.0,0,9.67741935483871,10.033200658871175,19.710620013709885,2.0,0
34,4,Robert Irwin,Conservationist,22.0,0.0934,0.08716269,0.05,0,99,8.0,10.0,18.0,10.0,0,8.870967741935484,8.716268703646863,17.58723644558235,9.0,0
34,4,Scott Hoying,Singer/Rapper,21.0,0.1063,0.10366308,0.05,0,6,9.0,1.0,10.0,5.0,0,8.46774193548387,10.36630764754554,18.83404958302941,6.0,0
34,4,Whitney Leavitt,TV Personality,25.0,0.0934,0.09423808,0.05,0,10,1.0,6.0,7.0,3.0,0,10.080645161290322,9.423807679590537,19.50445284088086,3.0,0
34,5,Alix Earle,Social media personality,35.0,0.1026,0.10001755,0.05,0,99,2.0,8.0,10.0,5.0,0,11.182108626198083,10.00175530005266,21.183863926250744,1.0,0
34,5,Andy Richter,Comedian,24.0,0.1026,0.10157035,0.05,0,9,10.0,7.0,17.0,10.0,1,7.667731629392971,10.157035304711059,17.82476693410403,9.0,0
34,5,Danielle Fishel,Actor/Actress,29.0,0.1144,0.11246978,0.05,0,8,8.0,1.0,9.0,2.0,0,9.26517571884984,11.24697833740935,20.51215405625919,7.0,0
34,5,Dylan Efron,TV Personality,36.0,0.1026,0.09100065,0.05,0,99,1.0,9.0,10.0,5.0,0,11.501597444089457,9.10006527300196,20.601662717091415,5.0,0
34,5,Elaine Hendrix,Actor/Actress,30.0,0.11,0.11003408,0.05,0,99,6.0,3.0,9.0,2.0,0,9.584664536741213,11.00340833010225,20.58807286684346,6.0,0
34,5,Jen Affleck,TV Personality,29.0,0.1034,0.10445407,0.05,0,7,8.0,5.0,13.0,9.0,0,9.26517571884984,10.44540731336222,19.710583032212057,8.0,0
34,5,Jordan Chiles,Athlete,32.0,0.1055,0.10760604,0.05,0,99,5.0,4.0,9.0,2.0,0,10.223642172523961,10.76060432281813,20.98424649534209,2.0,0
34,5,Robert Irwin,Conservationist,35.0,0.0434,0.057387035,0.05,0,99,2.0,10.0,12.0,8.0,0,11.182108626198083,5.738703672161111,16.920812298359195,10.0,1
34,5,Scott Hoying,Singer/Rapper,30.0,0.1131,0.11239777,0.05,0,6,6.0,2.0,8.0,1.0,0,9.584664536741213,11.23977733719332,20.824441873934532,4.0,0
34,5,Whitney Leavitt,TV Personality,33.0,0.1026,0.103062645,0.05,0,10,4.0,6.0,10.0,5.0,0,10.543130990415335,10.306264809187944,20.84939579960328,3.0,0
34,6,Alix Earle,Social media personality,35.0,0.1046,0.1047901,0.05,0,99,6.0,5.0,11.0,5.0,0,10.294117647058822,10.47901046107646,20.773128108135282,5.0,0
34,6,Andy Richter,Comedian,27.0,0.1046,0.10451741,0.05,0,9,10.0,6.0,16.0,9.0,0,7.941176470588235,10.451741459876624,18.392917930464858,9.0,0
34,6,Danielle Fishel,Actor/Actress,36.0,0.1107,0.10912419,0.05,0,8,3.0,2.0,5.0,2.0,0,10.588235294117647,10.912419480146458,21.500654774264106,3.0,0
34,6,Dylan Efron,TV Personality,32.0,0.1065,0.104996674,0.05,0,99,7.0,4.0,11.0,5.0,0,9.411764705882353,10.499667861985387,19.91143256786774,7.0,0
34,6,Elaine Hendrix,Actor/Actress,36.0,0.1073,0.10904691,0.05,0,99,3.0,3.0,6.0,3.0,0,10.588235294117647,10.904691479806425,21.492926773924072,4.0,0
34,6,Jen Affleck,TV Personality,32.0,0.1046,0.104388386,0.05,0,7,7.0,7.0,14.0,8.0,0,9.411764705882353,10.438839059308918,19.850603765191273,8.0,0
34,6,Jordan Chiles,Athlete,39.0,0.1072,0.10978564,0.05,0,99,1.0,1.0,2.0,1.0,0,11.470588235294118,10.978564483056838,22.449152718350955,1.0,0
34,6,Robert Irwin,Conservationist,36.0,0.1046,0.10111411,0.05,0,99,3.0,9.0,12.0,7.0,0,10.588235294117647,10.111411444902101,20.699646739019748,6.0,0
34,6,Scott Hoying,Singer/Rapper,28.0,0.0451,0.048016656,0.08,1,6,9.0,10.0,19.0,10.0,1,8.235294117647058,4.8016658112732955,13.036959928920353,10.0,1
34,6,Whitney Leavitt,TV Personality,39.0,0.1046,0.10421988,0.05,0,10,1.0,8.0,9.0,4.0,0,11.470588235294118,10.421988458567492,21.89257669386161,2.0,0
34,7,Alix Earle,Social media personality,43.0,0.1169,0.114316955,0.05,0,99,1.0,6.0,7.0,2.0,0,12.951807228915662,11.431696403104015,24.383503632019675,1.0,0
34,7,Andy Richter,Comedian,29.0,0.1169,0.11692271,0.05,0,9,9.0,4.0,13.0,8.0,0,8.734939759036145,11.692271923689482,20.427211682725627,8.0,0
34,7,Danielle Fishel,Actor/Actress,35.0,0.1169,0.11843997,0.05,0,8,6.0,3.0,9.0,3.0,0,10.542168674698797,11.843997935675837,22.386166610374634,6.0,0
34,7,Dylan Efron,TV Personality,38.0,0.1169,0.11676872,0.05,0,99,4.0,5.0,9.0,3.0,0,11.44578313253012,11.676872922472961,23.122656055003084,5.0,0
34,7,Elaine Hendrix,Actor/Actress,32.0,0.1225,0.12255526,0.05,0,99,8.0,1.0,9.0,3.0,0,9.63855421686747,12.255526968186631,21.8940811850541,7.0,0
34,7,Jen Affleck,TV Personality,34.0,0.0552,0.067350805,0.08,1,7,7.0,9.0,16.0,9.0,1,10.240963855421686,6.735081032071401,16.97604488749309,9.0,1
34,7,Jordan Chiles,Athlete,38.0,0.1211,0.119762406,0.05,0,99,4.0,2.0,6.0,1.0,0,11.44578313253012,11.976241546123083,23.4220246786532,4.0,0
34,7,Robert Irwin,Conservationist,41.0,0.1169,0.110826015,0.05,0,99,3.0,8.0,11.0,7.0,0,12.349397590361445,11.082602375525589,23.431999965887034,3.0,0
34,7,Whitney Leavitt,TV Personality,42.0,0.1169,0.11305708,0.05,0,10,2.0,7.0,9.0,3.0,0,12.650602409638553,11.305708893151003,23.95631130278956,2.0,0
34,8,Alix Earle,Social media personality,38.5,0.1314,0.1321469,0.05,0,99,3.0,5.0,8.0,4.0,0,12.769485903814262,13.214690000000001,25.98417590381426,4.0,0
34,8,Andy Richter,Comedian,34.0,0.1314,0.12961134,0.05,0,9,8.0,6.0,14.0,7.0,0,11.276948590381426,12.961134,24.238082590381424,7.0,0
34,8,Danielle Fishel,Actor/Actress,37.0,0.0672,0.06969771,0.08,1,8,7.0,8.0,15.0,8.0,1,12.271973466003317,6.969771,19.24174446600332,8.0,1
34,8,Dylan Efron,TV Personality,38.0,0.1314,0.13230573,0.05,0,99,4.0,4.0,8.0,4.0,0,12.603648424543948,13.230573000000001,25.834221424543948,5.0,0
34,8,Elaine Hendrix,Actor/Actress,37.5,0.1404,0.1387923,0.05,0,99,6.0,1.0,7.0,3.0,0,12.437810945273633,13.879230000000002,26.317040945273632,3.0,0
34,8,Jordan Chiles,Athlete,39.0,0.1354,0.13500121,0.05,0,99,2.0,2.0,4.0,1.0,0,12.935323383084576,13.500121000000002,26.43544438308458,1.0,0
34,8,Robert Irwin,Conservationist,38.0,0.1314,0.12959681,0.05,0,99,4.0,7.0,11.0,6.0,0,12.603648424543948,12.959681,25.563329424543948,6.0,0
34,8,Whitney Leavitt,TV Personality,39.5,0.1314,0.132848,0.05,0,10,1.0,3.0,4.0,1.0,0,13.101160862354892,13.284799999999999,26.385960862354892,2.0,0
34,9,Alix Earle,Social media personality,40.0,0.1495,0.15308975,0.05,0,99,4.0,2.0,6.0,3.0,0,14.814814814814813,15.308974540730762,30.123789355545576,4.0,0
34,9,Andy Richter,Comedian,29.0,0.0821,0.09741398,0.08,1,9,7.0,7.0,14.0,7.0,1,10.74074074074074,9.741397707758068,20.48213844849881,7.0,1
34,9,Dylan Efron,TV Personality,42.0,0.1495,0.14860998,0.05,0,99,1.0,4.0,5.0,2.0,0,15.555555555555555,14.860997554170071,30.416553109725626,2.0,0
34,9,Elaine Hendrix,Actor/Actress,36.0,0.1651,0.15666646,0.05,0,99,6.0,1.0,7.0,4.0,0,13.333333333333334,15.666645530000633,28.999978863333965,6.0,0
34,9,Jordan Chiles,Athlete,39.0,0.1495,0.14805125,0.05,0,99,5.0,5.0,10.0,6.0,0,14.444444444444443,14.805124555846264,29.249569000290705,5.0,0
34,9,Robert Irwin,Conservationist,42.0,0.1495,0.14575739,0.05,0,99,1.0,6.0,7.0,4.0,0,15.555555555555555,14.57573856272784,30.131294118283396,3.0,0
34,9,Whitney Leavitt,TV Personality,42.0,0.1548,0.15041122,0.05,0,10,1.0,3.0,4.0,1.0,0,15.555555555555555,15.041121548766354,30.59667710432191,1.0,0
34,10,Alix Earle,Social media personality,29.0,0.1757,0.16665968,0.05,0,99,2.0,5.0,7.0,4.0,0,16.86046511627907,16.665967433357103,33.52643254963617,4.0,0
34,10,Dylan Efron,TV Personality,27.5,0.1757,0.17289326,0.05,0,99,6.0,4.0,10.0,6.0,1,15.988372093023257,17.28932541216293,33.27769750518619,5.0,0
34,10,Elaine Hendrix,Actor/Actress,28.5,0.1924,0.19067927,0.05,0,99,4.0,2.0,6.0,3.0,0,16.569767441860463,19.067926351690502,35.637693793550966,2.0,0
34,10,Jordan Chiles,Athlete,28.5,0.1768,0.19148648,0.05,0,99,4.0,1.0,5.0,2.0,0,16.569767441860463,19.148647348945985,35.71841479080645,1.0,0
34,10,Robert Irwin,Conservationist,29.5,0.1757,0.1756585,0.05,0,99,1.0,3.0,4.0,1.0,0,17.151162790697676,17.565849402761117,34.71701219345879,3.0,0
34,10,Whitney Leavitt,TV Personality,29.0,0.1038,0.102622844,0.08,1,10,2.0,6.0,8.0,5.0,0,16.86046511627907,10.262284051082341,27.122749167361413,6.0,1
34,11,Alix Earle,Social media personality,30.0,0.1358,0.15168191,0.05,0,99,1.0,5.0,6.0,3.0,0,20.31609129238783,15.168191303363827,35.48428259575166,5.0,1
34,11,Dylan Efron,TV Personality,29.3332,0.2144,0.18649594,0.05,0,99,4.0,4.0,8.0,5.0,1,19.864532303262358,18.64959437299189,38.51412667625425,4.0,0
34,11,Elaine Hendrix,Actor/Actress,28.9998,0.2198,0.22424194,0.05,0,99,5.0,1.0,6.0,3.0,0,19.63875280869962,22.424194448483888,42.06294725718351,2.0,0
34,11,Jordan Chiles,Athlete,29.666600000000003,0.2155,0.21758135,0.05,0,99,2.0,3.0,5.0,2.0,0,20.0903117978251,21.75813543516271,41.84844723298781,3.0,0
34,11,Robert Irwin,Conservationist,29.666600000000003,0.2144,0.21999884,0.05,0,99,2.0,2.0,4.0,1.0,0,20.0903117978251,21.99988443999769,42.09019623782279,1.0,0
